{
  "fio version" : "fio-3.1",
  "timestamp" : 1565262663,
  "timestamp_ms" : 1565262663362,
  "time" : "Thu Aug  8 13:11:03 2019",
  "jobs" : [
    {
      "jobname" : "random-read",
      "groupid" : 0,
      "error" : 0,
      "eta" : 0,
      "elapsed" : 62,
      "job options" : {
        "rw" : "randwrite",
        "bs" : "4k",
        "ioengine" : "libaio",
        "iodepth" : "64",
        "direct" : "1",
        "invalidate" : "1",
        "refill_buffers" : "1",
        "runtime" : "60",
        "numjobs" : "4",
        "group_reporting" : "1",
        "write_bw_log" : "random-read-depth-64",
        "write_lat_log" : "random-read-depth-64",
        "write_iops_log" : "random-read-depth-64",
        "log_avg_msec" : "500",
        "filename" : "/dev/sde"
      },
      "read" : {
        "io_bytes" : 0,
        "io_kbytes" : 0,
        "bw" : 0,
        "iops" : 0.000000,
        "runtime" : 0,
        "total_ios" : 0,
        "short_ios" : 0,
        "drop_ios" : 0,
        "slat_ns" : {
          "min" : 0,
          "max" : 0,
          "mean" : 0.000000,
          "stddev" : 0.000000
        },
        "clat_ns" : {
          "min" : 0,
          "max" : 0,
          "mean" : 0.000000,
          "stddev" : 0.000000,
          "percentile" : {
            "1.000000" : 0,
            "5.000000" : 0,
            "10.000000" : 0,
            "20.000000" : 0,
            "30.000000" : 0,
            "40.000000" : 0,
            "50.000000" : 0,
            "60.000000" : 0,
            "70.000000" : 0,
            "80.000000" : 0,
            "90.000000" : 0,
            "95.000000" : 0,
            "99.000000" : 0,
            "99.500000" : 0,
            "99.900000" : 0,
            "99.950000" : 0,
            "99.990000" : 0,
            "0.00" : 0,
            "0.00" : 0,
            "0.00" : 0
          }
        },
        "lat_ns" : {
          "min" : 0,
          "max" : 0,
          "mean" : 0.000000,
          "stddev" : 0.000000
        },
        "bw_min" : 0,
        "bw_max" : 0,
        "bw_agg" : 0.000000,
        "bw_mean" : 0.000000,
        "bw_dev" : 0.000000,
        "bw_samples" : 0,
        "iops_min" : 0,
        "iops_max" : 0,
        "iops_mean" : 0.000000,
        "iops_stddev" : 0.000000,
        "iops_samples" : 0
      },
      "write" : {
        "io_bytes" : 53551104,
        "io_kbytes" : 52296,
        "bw" : 859,
        "iops" : 214.810312,
        "runtime" : 60863,
        "total_ios" : 13074,
        "short_ios" : 0,
        "drop_ios" : 0,
        "slat_ns" : {
          "min" : 3560,
          "max" : 1020596730,
          "mean" : 17015830.690301,
          "stddev" : 97965688.094679
        },
        "clat_ns" : {
          "min" : 23894,
          "max" : 2668897916,
          "mean" : 1170982376.505583,
          "stddev" : 454447872.970446,
          "percentile" : {
            "1.000000" : 214958080,
            "5.000000" : 492830720,
            "10.000000" : 541065216,
            "20.000000" : 717225984,
            "30.000000" : 935329792,
            "40.000000" : 1082130432,
            "50.000000" : 1182793728,
            "60.000000" : 1300234240,
            "70.000000" : 1434451968,
            "80.000000" : 1551892480,
            "90.000000" : 1686110208,
            "95.000000" : 1937768448,
            "99.000000" : 2332033024,
            "99.500000" : 2432696320,
            "99.900000" : 2533359616,
            "99.950000" : 2667577344,
            "99.990000" : 2667577344,
            "0.00" : 0,
            "0.00" : 0,
            "0.00" : 0
          }
        },
        "lat_ns" : {
          "min" : 28040,
          "max" : 2668908335,
          "mean" : 1187998641.223498,
          "stddev" : 458260905.486248
        },
        "bw_min" : 8,
        "bw_max" : 689,
        "bw_agg" : 28.982391,
        "bw_mean" : 248.958738,
        "bw_dev" : 84.431811,
        "bw_samples" : 412,
        "iops_min" : 2,
        "iops_max" : 172,
        "iops_mean" : 62.223301,
        "iops_stddev" : 21.091012,
        "iops_samples" : 412
      },
      "trim" : {
        "io_bytes" : 0,
        "io_kbytes" : 0,
        "bw" : 0,
        "iops" : 0.000000,
        "runtime" : 0,
        "total_ios" : 0,
        "short_ios" : 0,
        "drop_ios" : 0,
        "slat_ns" : {
          "min" : 0,
          "max" : 0,
          "mean" : 0.000000,
          "stddev" : 0.000000
        },
        "clat_ns" : {
          "min" : 0,
          "max" : 0,
          "mean" : 0.000000,
          "stddev" : 0.000000,
          "percentile" : {
            "1.000000" : 0,
            "5.000000" : 0,
            "10.000000" : 0,
            "20.000000" : 0,
            "30.000000" : 0,
            "40.000000" : 0,
            "50.000000" : 0,
            "60.000000" : 0,
            "70.000000" : 0,
            "80.000000" : 0,
            "90.000000" : 0,
            "95.000000" : 0,
            "99.000000" : 0,
            "99.500000" : 0,
            "99.900000" : 0,
            "99.950000" : 0,
            "99.990000" : 0,
            "0.00" : 0,
            "0.00" : 0,
            "0.00" : 0
          }
        },
        "lat_ns" : {
          "min" : 0,
          "max" : 0,
          "mean" : 0.000000,
          "stddev" : 0.000000
        },
        "bw_min" : 0,
        "bw_max" : 0,
        "bw_agg" : 0.000000,
        "bw_mean" : 0.000000,
        "bw_dev" : 0.000000,
        "bw_samples" : 0,
        "iops_min" : 0,
        "iops_max" : 0,
        "iops_mean" : 0.000000,
        "iops_stddev" : 0.000000,
        "iops_samples" : 0
      },
      "usr_cpu" : 0.031281,
      "sys_cpu" : 0.049803,
      "ctx" : 681,
      "majf" : 0,
      "minf" : 88,
      "iodepth_level" : {
        "1" : 0.100000,
        "2" : 0.100000,
        "4" : 0.122380,
        "8" : 0.244761,
        "16" : 0.489521,
        "32" : 0.979042,
        ">=64" : 98.072510
      },
      "latency_ns" : {
        "2" : 0.000000,
        "4" : 0.000000,
        "10" : 0.000000,
        "20" : 0.000000,
        "50" : 0.000000,
        "100" : 0.000000,
        "250" : 0.000000,
        "500" : 0.000000,
        "750" : 0.000000,
        "1000" : 0.000000
      },
      "latency_us" : {
        "2" : 0.000000,
        "4" : 0.000000,
        "10" : 0.000000,
        "20" : 0.000000,
        "50" : 0.076488,
        "100" : 0.030595,
        "250" : 0.068839,
        "500" : 0.114732,
        "750" : 0.000000,
        "1000" : 0.091785
      },
      "latency_ms" : {
        "2" : 0.099434,
        "4" : 0.000000,
        "10" : 0.010000,
        "20" : 0.122380,
        "50" : 0.000000,
        "100" : 0.000000,
        "250" : 0.405385,
        "500" : 4.145633,
        "750" : 16.605477,
        "1000" : 10.302891,
        "2000" : 63.668349,
        ">=2000" : 4.260364
      },
      "latency_depth" : 64,
      "latency_target" : 0,
      "latency_percentile" : 100.000000,
      "latency_window" : 0
    }
  ],
  "disk_util" : [
    {
      "name" : "sde",
      "read_ios" : 208,
      "write_ios" : 13030,
      "read_merges" : 0,
      "write_merges" : 0,
      "read_ticks" : 0,
      "write_ticks" : 8594492,
      "in_queue" : 8622744,
      "util" : 99.889627
    }
  ]
}
