{
  "fio version" : "fio-3.1",
  "timestamp" : 1565337329,
  "timestamp_ms" : 1565337329755,
  "time" : "Fri Aug  9 09:55:29 2019",
  "jobs" : [
    {
      "jobname" : "random-read",
      "groupid" : 0,
      "error" : 0,
      "eta" : 0,
      "elapsed" : 61,
      "job options" : {
        "rw" : "randwrite",
        "bs" : "4k",
        "ioengine" : "libaio",
        "iodepth" : "8",
        "direct" : "1",
        "invalidate" : "1",
        "refill_buffers" : "1",
        "runtime" : "60",
        "numjobs" : "4",
        "group_reporting" : "1",
        "write_bw_log" : "random-read-depth-8",
        "write_lat_log" : "random-read-depth-8",
        "write_iops_log" : "random-read-depth-8",
        "log_avg_msec" : "500",
        "filename" : "/dev/sdb"
      },
      "read" : {
        "io_bytes" : 0,
        "io_kbytes" : 0,
        "bw" : 0,
        "iops" : 0.000000,
        "runtime" : 0,
        "total_ios" : 0,
        "short_ios" : 0,
        "drop_ios" : 0,
        "slat_ns" : {
          "min" : 0,
          "max" : 0,
          "mean" : 0.000000,
          "stddev" : 0.000000
        },
        "clat_ns" : {
          "min" : 0,
          "max" : 0,
          "mean" : 0.000000,
          "stddev" : 0.000000,
          "percentile" : {
            "1.000000" : 0,
            "5.000000" : 0,
            "10.000000" : 0,
            "20.000000" : 0,
            "30.000000" : 0,
            "40.000000" : 0,
            "50.000000" : 0,
            "60.000000" : 0,
            "70.000000" : 0,
            "80.000000" : 0,
            "90.000000" : 0,
            "95.000000" : 0,
            "99.000000" : 0,
            "99.500000" : 0,
            "99.900000" : 0,
            "99.950000" : 0,
            "99.990000" : 0,
            "0.00" : 0,
            "0.00" : 0,
            "0.00" : 0
          }
        },
        "lat_ns" : {
          "min" : 0,
          "max" : 0,
          "mean" : 0.000000,
          "stddev" : 0.000000
        },
        "bw_min" : 0,
        "bw_max" : 0,
        "bw_agg" : 0.000000,
        "bw_mean" : 0.000000,
        "bw_dev" : 0.000000,
        "bw_samples" : 0,
        "iops_min" : 0,
        "iops_max" : 0,
        "iops_mean" : 0.000000,
        "iops_stddev" : 0.000000,
        "iops_samples" : 0
      },
      "write" : {
        "io_bytes" : 36671488,
        "io_kbytes" : 35812,
        "bw" : 595,
        "iops" : 148.800027,
        "runtime" : 60168,
        "total_ios" : 8953,
        "short_ios" : 0,
        "drop_ios" : 0,
        "slat_ns" : {
          "min" : 3789,
          "max" : 203390,
          "mean" : 21464.969284,
          "stddev" : 16257.198358
        },
        "clat_ns" : {
          "min" : 951084,
          "max" : 363697385,
          "mean" : 214786809.299118,
          "stddev" : 44371352.094705,
          "percentile" : {
            "1.000000" : 3850240,
            "5.000000" : 139460608,
            "10.000000" : 175112192,
            "20.000000" : 193986560,
            "30.000000" : 202375168,
            "40.000000" : 210763776,
            "50.000000" : 217055232,
            "60.000000" : 225443840,
            "70.000000" : 233832448,
            "80.000000" : 244318208,
            "90.000000" : 256901120,
            "95.000000" : 274726912,
            "99.000000" : 308281344,
            "99.500000" : 320864256,
            "99.900000" : 350224384,
            "99.950000" : 362807296,
            "99.990000" : 362807296,
            "0.00" : 0,
            "0.00" : 0,
            "0.00" : 0
          }
        },
        "lat_ns" : {
          "min" : 981609,
          "max" : 363715797,
          "mean" : 214810746.156707,
          "stddev" : 44366937.280817
        },
        "bw_min" : 80,
        "bw_max" : 489,
        "bw_agg" : 25.032213,
        "bw_mean" : 148.941667,
        "bw_dev" : 33.567132,
        "bw_samples" : 480,
        "iops_min" : 20,
        "iops_max" : 122,
        "iops_mean" : 37.122917,
        "iops_stddev" : 8.373802,
        "iops_samples" : 480
      },
      "trim" : {
        "io_bytes" : 0,
        "io_kbytes" : 0,
        "bw" : 0,
        "iops" : 0.000000,
        "runtime" : 0,
        "total_ios" : 0,
        "short_ios" : 0,
        "drop_ios" : 0,
        "slat_ns" : {
          "min" : 0,
          "max" : 0,
          "mean" : 0.000000,
          "stddev" : 0.000000
        },
        "clat_ns" : {
          "min" : 0,
          "max" : 0,
          "mean" : 0.000000,
          "stddev" : 0.000000,
          "percentile" : {
            "1.000000" : 0,
            "5.000000" : 0,
            "10.000000" : 0,
            "20.000000" : 0,
            "30.000000" : 0,
            "40.000000" : 0,
            "50.000000" : 0,
            "60.000000" : 0,
            "70.000000" : 0,
            "80.000000" : 0,
            "90.000000" : 0,
            "95.000000" : 0,
            "99.000000" : 0,
            "99.500000" : 0,
            "99.900000" : 0,
            "99.950000" : 0,
            "99.990000" : 0,
            "0.00" : 0,
            "0.00" : 0,
            "0.00" : 0
          }
        },
        "lat_ns" : {
          "min" : 0,
          "max" : 0,
          "mean" : 0.000000,
          "stddev" : 0.000000
        },
        "bw_min" : 0,
        "bw_max" : 0,
        "bw_agg" : 0.000000,
        "bw_mean" : 0.000000,
        "bw_dev" : 0.000000,
        "bw_samples" : 0,
        "iops_min" : 0,
        "iops_max" : 0,
        "iops_mean" : 0.000000,
        "iops_stddev" : 0.000000,
        "iops_samples" : 0
      },
      "usr_cpu" : 0.086435,
      "sys_cpu" : 0.148353,
      "ctx" : 3187,
      "majf" : 0,
      "minf" : 161,
      "iodepth_level" : {
        "1" : 0.100000,
        "2" : 0.100000,
        "4" : 0.178711,
        "8" : 99.687256,
        "16" : 0.000000,
        "32" : 0.000000,
        ">=64" : 0.000000
      },
      "latency_ns" : {
        "2" : 0.000000,
        "4" : 0.000000,
        "10" : 0.000000,
        "20" : 0.000000,
        "50" : 0.000000,
        "100" : 0.000000,
        "250" : 0.000000,
        "500" : 0.000000,
        "750" : 0.000000,
        "1000" : 0.000000
      },
      "latency_us" : {
        "2" : 0.000000,
        "4" : 0.000000,
        "10" : 0.000000,
        "20" : 0.000000,
        "50" : 0.000000,
        "100" : 0.000000,
        "250" : 0.000000,
        "500" : 0.000000,
        "750" : 0.000000,
        "1000" : 0.011169
      },
      "latency_ms" : {
        "2" : 0.100525,
        "4" : 1.485536,
        "10" : 0.000000,
        "20" : 0.122864,
        "50" : 0.000000,
        "100" : 0.122864,
        "250" : 83.357534,
        "500" : 14.799509,
        "750" : 0.000000,
        "1000" : 0.000000,
        "2000" : 0.000000,
        ">=2000" : 0.000000
      },
      "latency_depth" : 8,
      "latency_target" : 0,
      "latency_percentile" : 100.000000,
      "latency_window" : 0
    }
  ],
  "disk_util" : [
    {
      "name" : "sdb",
      "read_ios" : 108,
      "write_ios" : 8953,
      "read_merges" : 0,
      "write_merges" : 0,
      "read_ticks" : 56,
      "write_ticks" : 1919671,
      "in_queue" : 1919945,
      "util" : 99.562993
    }
  ]
}
