{
  "fio version" : "fio-3.1",
  "timestamp" : 1565336192,
  "timestamp_ms" : 1565336192938,
  "time" : "Fri Aug  9 09:36:32 2019",
  "jobs" : [
    {
      "jobname" : "random-read",
      "groupid" : 0,
      "error" : 0,
      "eta" : 0,
      "elapsed" : 61,
      "job options" : {
        "rw" : "randwrite",
        "bs" : "4k",
        "ioengine" : "libaio",
        "iodepth" : "1",
        "direct" : "1",
        "invalidate" : "1",
        "refill_buffers" : "1",
        "runtime" : "60",
        "numjobs" : "4",
        "group_reporting" : "1",
        "write_bw_log" : "random-read-depth-1",
        "write_lat_log" : "random-read-depth-1",
        "write_iops_log" : "random-read-depth-1",
        "log_avg_msec" : "500",
        "filename" : "/dev/sdb"
      },
      "read" : {
        "io_bytes" : 0,
        "io_kbytes" : 0,
        "bw" : 0,
        "iops" : 0.000000,
        "runtime" : 0,
        "total_ios" : 0,
        "short_ios" : 0,
        "drop_ios" : 0,
        "slat_ns" : {
          "min" : 0,
          "max" : 0,
          "mean" : 0.000000,
          "stddev" : 0.000000
        },
        "clat_ns" : {
          "min" : 0,
          "max" : 0,
          "mean" : 0.000000,
          "stddev" : 0.000000,
          "percentile" : {
            "1.000000" : 0,
            "5.000000" : 0,
            "10.000000" : 0,
            "20.000000" : 0,
            "30.000000" : 0,
            "40.000000" : 0,
            "50.000000" : 0,
            "60.000000" : 0,
            "70.000000" : 0,
            "80.000000" : 0,
            "90.000000" : 0,
            "95.000000" : 0,
            "99.000000" : 0,
            "99.500000" : 0,
            "99.900000" : 0,
            "99.950000" : 0,
            "99.990000" : 0,
            "0.00" : 0,
            "0.00" : 0,
            "0.00" : 0
          }
        },
        "lat_ns" : {
          "min" : 0,
          "max" : 0,
          "mean" : 0.000000,
          "stddev" : 0.000000
        },
        "bw_min" : 0,
        "bw_max" : 0,
        "bw_agg" : 0.000000,
        "bw_mean" : 0.000000,
        "bw_dev" : 0.000000,
        "bw_samples" : 0,
        "iops_min" : 0,
        "iops_max" : 0,
        "iops_mean" : 0.000000,
        "iops_stddev" : 0.000000,
        "iops_samples" : 0
      },
      "write" : {
        "io_bytes" : 36663296,
        "io_kbytes" : 35804,
        "bw" : 596,
        "iops" : 149.146047,
        "runtime" : 60015,
        "total_ios" : 8951,
        "short_ios" : 0,
        "drop_ios" : 0,
        "slat_ns" : {
          "min" : 5922,
          "max" : 175819,
          "mean" : 42029.043347,
          "stddev" : 23125.551156
        },
        "clat_ns" : {
          "min" : 217896,
          "max" : 92479546,
          "mean" : 26735143.350464,
          "stddev" : 7171731.309640,
          "percentile" : {
            "1.000000" : 700416,
            "5.000000" : 20054016,
            "10.000000" : 21364736,
            "20.000000" : 22413312,
            "30.000000" : 23199744,
            "40.000000" : 24248320,
            "50.000000" : 25034752,
            "60.000000" : 26083328,
            "70.000000" : 28704768,
            "80.000000" : 32374784,
            "90.000000" : 34865152,
            "95.000000" : 39059456,
            "99.000000" : 46399488,
            "99.500000" : 47972352,
            "99.900000" : 83361792,
            "99.950000" : 86507520,
            "99.990000" : 92798976,
            "0.00" : 0,
            "0.00" : 0,
            "0.00" : 0
          }
        },
        "lat_ns" : {
          "min" : 249825,
          "max" : 92505156,
          "mean" : 26780024.128254,
          "stddev" : 7172914.696203
        },
        "bw_min" : 104,
        "bw_max" : 517,
        "bw_agg" : 25.066065,
        "bw_mean" : 149.393750,
        "bw_dev" : 29.520050,
        "bw_samples" : 480,
        "iops_min" : 26,
        "iops_max" : 129,
        "iops_mean" : 37.239583,
        "iops_stddev" : 7.359462,
        "iops_samples" : 480
      },
      "trim" : {
        "io_bytes" : 0,
        "io_kbytes" : 0,
        "bw" : 0,
        "iops" : 0.000000,
        "runtime" : 0,
        "total_ios" : 0,
        "short_ios" : 0,
        "drop_ios" : 0,
        "slat_ns" : {
          "min" : 0,
          "max" : 0,
          "mean" : 0.000000,
          "stddev" : 0.000000
        },
        "clat_ns" : {
          "min" : 0,
          "max" : 0,
          "mean" : 0.000000,
          "stddev" : 0.000000,
          "percentile" : {
            "1.000000" : 0,
            "5.000000" : 0,
            "10.000000" : 0,
            "20.000000" : 0,
            "30.000000" : 0,
            "40.000000" : 0,
            "50.000000" : 0,
            "60.000000" : 0,
            "70.000000" : 0,
            "80.000000" : 0,
            "90.000000" : 0,
            "95.000000" : 0,
            "99.000000" : 0,
            "99.500000" : 0,
            "99.900000" : 0,
            "99.950000" : 0,
            "99.990000" : 0,
            "0.00" : 0,
            "0.00" : 0,
            "0.00" : 0
          }
        },
        "lat_ns" : {
          "min" : 0,
          "max" : 0,
          "mean" : 0.000000,
          "stddev" : 0.000000
        },
        "bw_min" : 0,
        "bw_max" : 0,
        "bw_agg" : 0.000000,
        "bw_mean" : 0.000000,
        "bw_dev" : 0.000000,
        "bw_samples" : 0,
        "iops_min" : 0,
        "iops_max" : 0,
        "iops_mean" : 0.000000,
        "iops_stddev" : 0.000000,
        "iops_samples" : 0
      },
      "usr_cpu" : 0.145398,
      "sys_cpu" : 0.275798,
      "ctx" : 9201,
      "majf" : 0,
      "minf" : 159,
      "iodepth_level" : {
        "1" : 100.000000,
        "2" : 0.000000,
        "4" : 0.000000,
        "8" : 0.000000,
        "16" : 0.000000,
        "32" : 0.000000,
        ">=64" : 0.000000
      },
      "latency_ns" : {
        "2" : 0.000000,
        "4" : 0.000000,
        "10" : 0.000000,
        "20" : 0.000000,
        "50" : 0.000000,
        "100" : 0.000000,
        "250" : 0.000000,
        "500" : 0.000000,
        "750" : 0.000000,
        "1000" : 0.000000
      },
      "latency_us" : {
        "2" : 0.000000,
        "4" : 0.000000,
        "10" : 0.000000,
        "20" : 0.000000,
        "50" : 0.000000,
        "100" : 0.000000,
        "250" : 0.044688,
        "500" : 0.379846,
        "750" : 0.860239,
        "1000" : 0.067032
      },
      "latency_ms" : {
        "2" : 0.323986,
        "4" : 0.078204,
        "10" : 0.022344,
        "20" : 2.770640,
        "50" : 95.050832,
        "100" : 0.402190,
        "250" : 0.000000,
        "500" : 0.000000,
        "750" : 0.000000,
        "1000" : 0.000000,
        "2000" : 0.000000,
        ">=2000" : 0.000000
      },
      "latency_depth" : 1,
      "latency_target" : 0,
      "latency_percentile" : 100.000000,
      "latency_window" : 0
    }
  ],
  "disk_util" : [
    {
      "name" : "sdb",
      "read_ios" : 110,
      "write_ios" : 8951,
      "read_merges" : 0,
      "write_merges" : 0,
      "read_ticks" : 54,
      "write_ticks" : 238317,
      "in_queue" : 238358,
      "util" : 99.052855
    }
  ]
}
