{
  "fio version" : "fio-3.1",
  "timestamp" : 1580230944,
  "timestamp_ms" : 1580230944987,
  "time" : "Tue Jan 28 18:02:24 2020",
  "jobs" : [
    {
      "jobname" : "iotest",
      "groupid" : 0,
      "error" : 0,
      "eta" : 0,
      "elapsed" : 61,
      "job options" : {
        "rw" : "randread",
        "bs" : "4k",
        "ioengine" : "libaio",
        "iodepth" : "32",
        "direct" : "1",
        "invalidate" : "1",
        "refill_buffers" : "1",
        "runtime" : "60",
        "numjobs" : "16",
        "group_reporting" : "1",
        "write_bw_log" : "/fio/output/randread-iodepth-32-numjobs-16",
        "write_lat_log" : "/fio/output/randread-iodepth-32-numjobs-16",
        "write_iops_log" : "/fio/output/randread-iodepth-32-numjobs-16",
        "log_avg_msec" : "250",
        "filename" : "/dev/sda"
      },
      "read" : {
        "io_bytes" : 12428271616,
        "io_kbytes" : 12136984,
        "bw" : 202208,
        "iops" : 50552.230849,
        "runtime" : 60022,
        "total_ios" : 3034246,
        "short_ios" : 0,
        "drop_ios" : 0,
        "slat_ns" : {
          "min" : 2579,
          "max" : 19479715,
          "mean" : 237906.286683,
          "stddev" : 1262112.017035
        },
        "clat_ns" : {
          "min" : 92798,
          "max" : 418210152,
          "mean" : 9885063.795050,
          "stddev" : 12979976.690363,
          "percentile" : {
            "1.000000" : 452608,
            "5.000000" : 4685824,
            "10.000000" : 6455296,
            "20.000000" : 7110656,
            "30.000000" : 7438336,
            "40.000000" : 7700480,
            "50.000000" : 7962624,
            "60.000000" : 8224768,
            "70.000000" : 8454144,
            "80.000000" : 8847360,
            "90.000000" : 13565952,
            "95.000000" : 15663104,
            "99.000000" : 78118912,
            "99.500000" : 102236160,
            "99.900000" : 175112192,
            "99.950000" : 193986560,
            "99.990000" : 265289728,
            "0.00" : 0,
            "0.00" : 0,
            "0.00" : 0
          }
        },
        "lat_ns" : {
          "min" : 99551,
          "max" : 418216985,
          "mean" : 10123192.383141,
          "stddev" : 13047737.492387
        },
        "bw_min" : 16,
        "bw_max" : 18360,
        "bw_agg" : 6.358138,
        "bw_mean" : 12856.664230,
        "bw_dev" : 3242.294138,
        "bw_samples" : 3830,
        "iops_min" : 4,
        "iops_max" : 4590,
        "iops_mean" : 3213.856658,
        "iops_stddev" : 810.560583,
        "iops_samples" : 3830
      },
      "write" : {
        "io_bytes" : 0,
        "io_kbytes" : 0,
        "bw" : 0,
        "iops" : 0.000000,
        "runtime" : 0,
        "total_ios" : 0,
        "short_ios" : 0,
        "drop_ios" : 0,
        "slat_ns" : {
          "min" : 0,
          "max" : 0,
          "mean" : 0.000000,
          "stddev" : 0.000000
        },
        "clat_ns" : {
          "min" : 0,
          "max" : 0,
          "mean" : 0.000000,
          "stddev" : 0.000000,
          "percentile" : {
            "1.000000" : 0,
            "5.000000" : 0,
            "10.000000" : 0,
            "20.000000" : 0,
            "30.000000" : 0,
            "40.000000" : 0,
            "50.000000" : 0,
            "60.000000" : 0,
            "70.000000" : 0,
            "80.000000" : 0,
            "90.000000" : 0,
            "95.000000" : 0,
            "99.000000" : 0,
            "99.500000" : 0,
            "99.900000" : 0,
            "99.950000" : 0,
            "99.990000" : 0,
            "0.00" : 0,
            "0.00" : 0,
            "0.00" : 0
          }
        },
        "lat_ns" : {
          "min" : 0,
          "max" : 0,
          "mean" : 0.000000,
          "stddev" : 0.000000
        },
        "bw_min" : 0,
        "bw_max" : 0,
        "bw_agg" : 0.000000,
        "bw_mean" : 0.000000,
        "bw_dev" : 0.000000,
        "bw_samples" : 0,
        "iops_min" : 0,
        "iops_max" : 0,
        "iops_mean" : 0.000000,
        "iops_stddev" : 0.000000,
        "iops_samples" : 0
      },
      "trim" : {
        "io_bytes" : 0,
        "io_kbytes" : 0,
        "bw" : 0,
        "iops" : 0.000000,
        "runtime" : 0,
        "total_ios" : 0,
        "short_ios" : 0,
        "drop_ios" : 0,
        "slat_ns" : {
          "min" : 0,
          "max" : 0,
          "mean" : 0.000000,
          "stddev" : 0.000000
        },
        "clat_ns" : {
          "min" : 0,
          "max" : 0,
          "mean" : 0.000000,
          "stddev" : 0.000000,
          "percentile" : {
            "1.000000" : 0,
            "5.000000" : 0,
            "10.000000" : 0,
            "20.000000" : 0,
            "30.000000" : 0,
            "40.000000" : 0,
            "50.000000" : 0,
            "60.000000" : 0,
            "70.000000" : 0,
            "80.000000" : 0,
            "90.000000" : 0,
            "95.000000" : 0,
            "99.000000" : 0,
            "99.500000" : 0,
            "99.900000" : 0,
            "99.950000" : 0,
            "99.990000" : 0,
            "0.00" : 0,
            "0.00" : 0,
            "0.00" : 0
          }
        },
        "lat_ns" : {
          "min" : 0,
          "max" : 0,
          "mean" : 0.000000,
          "stddev" : 0.000000
        },
        "bw_min" : 0,
        "bw_max" : 0,
        "bw_agg" : 0.000000,
        "bw_mean" : 0.000000,
        "bw_dev" : 0.000000,
        "bw_samples" : 0,
        "iops_min" : 0,
        "iops_max" : 0,
        "iops_mean" : 0.000000,
        "iops_stddev" : 0.000000,
        "iops_samples" : 0
      },
      "usr_cpu" : 0.728279,
      "sys_cpu" : 1.438955,
      "ctx" : 248625,
      "majf" : 0,
      "minf" : 892,
      "iodepth_level" : {
        "1" : 0.100000,
        "2" : 0.100000,
        "4" : 0.100000,
        "8" : 0.100000,
        "16" : 0.100000,
        "32" : 99.983653,
        ">=64" : 0.000000
      },
      "latency_ns" : {
        "2" : 0.000000,
        "4" : 0.000000,
        "10" : 0.000000,
        "20" : 0.000000,
        "50" : 0.000000,
        "100" : 0.000000,
        "250" : 0.000000,
        "500" : 0.000000,
        "750" : 0.000000,
        "1000" : 0.000000
      },
      "latency_us" : {
        "2" : 0.000000,
        "4" : 0.000000,
        "10" : 0.000000,
        "20" : 0.000000,
        "50" : 0.000000,
        "100" : 0.010000,
        "250" : 0.274467,
        "500" : 1.055452,
        "750" : 0.811866,
        "1000" : 0.358508
      },
      "latency_ms" : {
        "2" : 2.314545,
        "4" : 0.082096,
        "10" : 81.992231,
        "20" : 10.066521,
        "50" : 1.500999,
        "100" : 0.999853,
        "250" : 0.522304,
        "500" : 0.020763,
        "750" : 0.000000,
        "1000" : 0.000000,
        "2000" : 0.000000,
        ">=2000" : 0.000000
      },
      "latency_depth" : 32,
      "latency_target" : 0,
      "latency_percentile" : 100.000000,
      "latency_window" : 0
    }
  ],
  "disk_util" : [
    {
      "name" : "sda",
      "read_ios" : 3025277,
      "write_ios" : 0,
      "read_merges" : 1,
      "write_merges" : 0,
      "read_ticks" : 9111652,
      "write_ticks" : 0,
      "in_queue" : 9148136,
      "util" : 99.896553
    }
  ]
}
