{
  "fio version" : "fio-3.1",
  "timestamp" : 1565259227,
  "timestamp_ms" : 1565259227787,
  "time" : "Thu Aug  8 12:13:47 2019",
  "jobs" : [
    {
      "jobname" : "random-read",
      "groupid" : 0,
      "error" : 0,
      "eta" : 0,
      "elapsed" : 62,
      "job options" : {
        "rw" : "randread",
        "bs" : "4k",
        "ioengine" : "libaio",
        "iodepth" : "32",
        "direct" : "1",
        "invalidate" : "1",
        "refill_buffers" : "1",
        "runtime" : "60",
        "numjobs" : "4",
        "group_reporting" : "1",
        "write_bw_log" : "random-read-depth-32",
        "write_lat_log" : "random-read-depth-32",
        "write_iops_log" : "random-read-depth-32",
        "log_avg_msec" : "500",
        "filename" : "/dev/sde"
      },
      "read" : {
        "io_bytes" : 28286976,
        "io_kbytes" : 27624,
        "bw" : 451,
        "iops" : 112.955724,
        "runtime" : 61139,
        "total_ios" : 6906,
        "short_ios" : 0,
        "drop_ios" : 0,
        "slat_ns" : {
          "min" : 6460,
          "max" : 80438,
          "mean" : 31191.780481,
          "stddev" : 3485.771101
        },
        "clat_ns" : {
          "min" : 17489324,
          "max" : 2860434984,
          "mean" : 1131809221.821460,
          "stddev" : 237980731.612298,
          "percentile" : {
            "1.000000" : 624951296,
            "5.000000" : 784334848,
            "10.000000" : 859832320,
            "20.000000" : 943718400,
            "30.000000" : 1010827264,
            "40.000000" : 1069547520,
            "50.000000" : 1132462080,
            "60.000000" : 1182793728,
            "70.000000" : 1233125376,
            "80.000000" : 1300234240,
            "90.000000" : 1400897536,
            "95.000000" : 1501560832,
            "99.000000" : 1820327936,
            "99.500000" : 1954545664,
            "99.900000" : 2399141888,
            "99.950000" : 2432696320,
            "99.990000" : 2868903936,
            "0.00" : 0,
            "0.00" : 0,
            "0.00" : 0
          }
        },
        "lat_ns" : {
          "min" : 17535992,
          "max" : 2860467110,
          "mean" : 1131841676.186503,
          "stddev" : 237981468.557883
        },
        "bw_min" : 8,
        "bw_max" : 192,
        "bw_agg" : 24.855693,
        "bw_mean" : 112.099174,
        "bw_dev" : 23.233946,
        "bw_samples" : 484,
        "iops_min" : 2,
        "iops_max" : 48,
        "iops_mean" : 28.024793,
        "iops_stddev" : 5.808486,
        "iops_samples" : 484
      },
      "write" : {
        "io_bytes" : 0,
        "io_kbytes" : 0,
        "bw" : 0,
        "iops" : 0.000000,
        "runtime" : 0,
        "total_ios" : 0,
        "short_ios" : 0,
        "drop_ios" : 0,
        "slat_ns" : {
          "min" : 0,
          "max" : 0,
          "mean" : 0.000000,
          "stddev" : 0.000000
        },
        "clat_ns" : {
          "min" : 0,
          "max" : 0,
          "mean" : 0.000000,
          "stddev" : 0.000000,
          "percentile" : {
            "1.000000" : 0,
            "5.000000" : 0,
            "10.000000" : 0,
            "20.000000" : 0,
            "30.000000" : 0,
            "40.000000" : 0,
            "50.000000" : 0,
            "60.000000" : 0,
            "70.000000" : 0,
            "80.000000" : 0,
            "90.000000" : 0,
            "95.000000" : 0,
            "99.000000" : 0,
            "99.500000" : 0,
            "99.900000" : 0,
            "99.950000" : 0,
            "99.990000" : 0,
            "0.00" : 0,
            "0.00" : 0,
            "0.00" : 0
          }
        },
        "lat_ns" : {
          "min" : 0,
          "max" : 0,
          "mean" : 0.000000,
          "stddev" : 0.000000
        },
        "bw_min" : 0,
        "bw_max" : 0,
        "bw_agg" : 0.000000,
        "bw_mean" : 0.000000,
        "bw_dev" : 0.000000,
        "bw_samples" : 0,
        "iops_min" : 0,
        "iops_max" : 0,
        "iops_mean" : 0.000000,
        "iops_stddev" : 0.000000,
        "iops_samples" : 0
      },
      "trim" : {
        "io_bytes" : 0,
        "io_kbytes" : 0,
        "bw" : 0,
        "iops" : 0.000000,
        "runtime" : 0,
        "total_ios" : 0,
        "short_ios" : 0,
        "drop_ios" : 0,
        "slat_ns" : {
          "min" : 0,
          "max" : 0,
          "mean" : 0.000000,
          "stddev" : 0.000000
        },
        "clat_ns" : {
          "min" : 0,
          "max" : 0,
          "mean" : 0.000000,
          "stddev" : 0.000000,
          "percentile" : {
            "1.000000" : 0,
            "5.000000" : 0,
            "10.000000" : 0,
            "20.000000" : 0,
            "30.000000" : 0,
            "40.000000" : 0,
            "50.000000" : 0,
            "60.000000" : 0,
            "70.000000" : 0,
            "80.000000" : 0,
            "90.000000" : 0,
            "95.000000" : 0,
            "99.000000" : 0,
            "99.500000" : 0,
            "99.900000" : 0,
            "99.950000" : 0,
            "99.990000" : 0,
            "0.00" : 0,
            "0.00" : 0,
            "0.00" : 0
          }
        },
        "lat_ns" : {
          "min" : 0,
          "max" : 0,
          "mean" : 0.000000,
          "stddev" : 0.000000
        },
        "bw_min" : 0,
        "bw_max" : 0,
        "bw_agg" : 0.000000,
        "bw_mean" : 0.000000,
        "bw_dev" : 0.000000,
        "bw_samples" : 0,
        "iops_min" : 0,
        "iops_max" : 0,
        "iops_mean" : 0.000000,
        "iops_stddev" : 0.000000,
        "iops_samples" : 0
      },
      "usr_cpu" : 0.052373,
      "sys_cpu" : 0.123567,
      "ctx" : 6911,
      "majf" : 0,
      "minf" : 221,
      "iodepth_level" : {
        "1" : 0.100000,
        "2" : 0.115841,
        "4" : 0.231683,
        "8" : 0.463365,
        "16" : 0.926730,
        "32" : 98.204460,
        ">=64" : 0.000000
      },
      "latency_ns" : {
        "2" : 0.000000,
        "4" : 0.000000,
        "10" : 0.000000,
        "20" : 0.000000,
        "50" : 0.000000,
        "100" : 0.000000,
        "250" : 0.000000,
        "500" : 0.000000,
        "750" : 0.000000,
        "1000" : 0.000000
      },
      "latency_us" : {
        "2" : 0.000000,
        "4" : 0.000000,
        "10" : 0.000000,
        "20" : 0.000000,
        "50" : 0.000000,
        "100" : 0.000000,
        "250" : 0.000000,
        "500" : 0.000000,
        "750" : 0.000000,
        "1000" : 0.000000
      },
      "latency_ms" : {
        "2" : 0.000000,
        "4" : 0.000000,
        "10" : 0.000000,
        "20" : 0.014480,
        "50" : 0.043440,
        "100" : 0.072401,
        "250" : 0.246163,
        "500" : 0.419925,
        "750" : 2.200985,
        "1000" : 24.790038,
        "2000" : 71.850565,
        ">=2000" : 0.362004
      },
      "latency_depth" : 32,
      "latency_target" : 0,
      "latency_percentile" : 100.000000,
      "latency_window" : 0
    }
  ],
  "disk_util" : [
    {
      "name" : "sde",
      "read_ios" : 6904,
      "write_ios" : 0,
      "read_merges" : 0,
      "write_merges" : 0,
      "read_ticks" : 7752172,
      "write_ticks" : 0,
      "in_queue" : 7754840,
      "util" : 100.000000
    }
  ]
}
