{
  "fio version" : "fio-3.1",
  "timestamp" : 1565258919,
  "timestamp_ms" : 1565258919078,
  "time" : "Thu Aug  8 12:08:39 2019",
  "jobs" : [
    {
      "jobname" : "random-read",
      "groupid" : 0,
      "error" : 0,
      "eta" : 0,
      "elapsed" : 62,
      "job options" : {
        "rw" : "randread",
        "bs" : "4k",
        "ioengine" : "libaio",
        "iodepth" : "16",
        "direct" : "1",
        "invalidate" : "1",
        "refill_buffers" : "1",
        "runtime" : "60",
        "numjobs" : "16",
        "group_reporting" : "1",
        "write_bw_log" : "random-read-depth-16",
        "write_lat_log" : "random-read-depth-16",
        "write_iops_log" : "random-read-depth-16",
        "log_avg_msec" : "500",
        "filename" : "/dev/sde"
      },
      "read" : {
        "io_bytes" : 28340224,
        "io_kbytes" : 27676,
        "bw" : 451,
        "iops" : 112.931921,
        "runtime" : 61267,
        "total_ios" : 6919,
        "short_ios" : 0,
        "drop_ios" : 0,
        "slat_ns" : {
          "min" : 3560,
          "max" : 1845153057,
          "mean" : 85895448.689550,
          "stddev" : 332114201.660873
        },
        "clat_ns" : {
          "min" : 11082127,
          "max" : 3973534287,
          "mean" : 2161162109.001590,
          "stddev" : 444960295.256960,
          "percentile" : {
            "1.000000" : 767557632,
            "5.000000" : 1035993088,
            "10.000000" : 1400897536,
            "20.000000" : 2038431744,
            "30.000000" : 2139095040,
            "40.000000" : 2197815296,
            "50.000000" : 2264924160,
            "60.000000" : 2332033024,
            "70.000000" : 2365587456,
            "80.000000" : 2466250752,
            "90.000000" : 2533359616,
            "95.000000" : 2634022912,
            "99.000000" : 2936012800,
            "99.500000" : 3003121664,
            "99.900000" : 3305111552,
            "99.950000" : 3305111552,
            "99.990000" : 3976200192,
            "0.00" : 0,
            "0.00" : 0,
            "0.00" : 0
          }
        },
        "lat_ns" : {
          "min" : 11175444,
          "max" : 4611879507,
          "mean" : 2247058098.823529,
          "stddev" : 541087185.517442
        },
        "bw_min" : 7,
        "bw_max" : 120,
        "bw_agg" : 14.087073,
        "bw_mean" : 63.532699,
        "bw_dev" : 55.191370,
        "bw_samples" : 841,
        "iops_min" : 1,
        "iops_max" : 30,
        "iops_mean" : 15.882283,
        "iops_stddev" : 13.798781,
        "iops_samples" : 841
      },
      "write" : {
        "io_bytes" : 0,
        "io_kbytes" : 0,
        "bw" : 0,
        "iops" : 0.000000,
        "runtime" : 0,
        "total_ios" : 0,
        "short_ios" : 0,
        "drop_ios" : 0,
        "slat_ns" : {
          "min" : 0,
          "max" : 0,
          "mean" : 0.000000,
          "stddev" : 0.000000
        },
        "clat_ns" : {
          "min" : 0,
          "max" : 0,
          "mean" : 0.000000,
          "stddev" : 0.000000,
          "percentile" : {
            "1.000000" : 0,
            "5.000000" : 0,
            "10.000000" : 0,
            "20.000000" : 0,
            "30.000000" : 0,
            "40.000000" : 0,
            "50.000000" : 0,
            "60.000000" : 0,
            "70.000000" : 0,
            "80.000000" : 0,
            "90.000000" : 0,
            "95.000000" : 0,
            "99.000000" : 0,
            "99.500000" : 0,
            "99.900000" : 0,
            "99.950000" : 0,
            "99.990000" : 0,
            "0.00" : 0,
            "0.00" : 0,
            "0.00" : 0
          }
        },
        "lat_ns" : {
          "min" : 0,
          "max" : 0,
          "mean" : 0.000000,
          "stddev" : 0.000000
        },
        "bw_min" : 0,
        "bw_max" : 0,
        "bw_agg" : 0.000000,
        "bw_mean" : 0.000000,
        "bw_dev" : 0.000000,
        "bw_samples" : 0,
        "iops_min" : 0,
        "iops_max" : 0,
        "iops_mean" : 0.000000,
        "iops_stddev" : 0.000000,
        "iops_samples" : 0
      },
      "trim" : {
        "io_bytes" : 0,
        "io_kbytes" : 0,
        "bw" : 0,
        "iops" : 0.000000,
        "runtime" : 0,
        "total_ios" : 0,
        "short_ios" : 0,
        "drop_ios" : 0,
        "slat_ns" : {
          "min" : 0,
          "max" : 0,
          "mean" : 0.000000,
          "stddev" : 0.000000
        },
        "clat_ns" : {
          "min" : 0,
          "max" : 0,
          "mean" : 0.000000,
          "stddev" : 0.000000,
          "percentile" : {
            "1.000000" : 0,
            "5.000000" : 0,
            "10.000000" : 0,
            "20.000000" : 0,
            "30.000000" : 0,
            "40.000000" : 0,
            "50.000000" : 0,
            "60.000000" : 0,
            "70.000000" : 0,
            "80.000000" : 0,
            "90.000000" : 0,
            "95.000000" : 0,
            "99.000000" : 0,
            "99.500000" : 0,
            "99.900000" : 0,
            "99.950000" : 0,
            "99.990000" : 0,
            "0.00" : 0,
            "0.00" : 0,
            "0.00" : 0
          }
        },
        "lat_ns" : {
          "min" : 0,
          "max" : 0,
          "mean" : 0.000000,
          "stddev" : 0.000000
        },
        "bw_min" : 0,
        "bw_max" : 0,
        "bw_agg" : 0.000000,
        "bw_mean" : 0.000000,
        "bw_dev" : 0.000000,
        "bw_samples" : 0,
        "iops_min" : 0,
        "iops_max" : 0,
        "iops_mean" : 0.000000,
        "iops_stddev" : 0.000000,
        "iops_samples" : 0
      },
      "usr_cpu" : 0.004708,
      "sys_cpu" : 0.011259,
      "ctx" : 1041,
      "majf" : 0,
      "minf" : 584,
      "iodepth_level" : {
        "1" : 0.231247,
        "2" : 0.462495,
        "4" : 0.924989,
        "8" : 1.849978,
        "16" : 96.531291,
        "32" : 0.000000,
        ">=64" : 0.000000
      },
      "latency_ns" : {
        "2" : 0.000000,
        "4" : 0.000000,
        "10" : 0.000000,
        "20" : 0.000000,
        "50" : 0.000000,
        "100" : 0.000000,
        "250" : 0.000000,
        "500" : 0.000000,
        "750" : 0.000000,
        "1000" : 0.000000
      },
      "latency_us" : {
        "2" : 0.000000,
        "4" : 0.000000,
        "10" : 0.000000,
        "20" : 0.000000,
        "50" : 0.000000,
        "100" : 0.000000,
        "250" : 0.000000,
        "500" : 0.000000,
        "750" : 0.000000,
        "1000" : 0.000000
      },
      "latency_ms" : {
        "2" : 0.000000,
        "4" : 0.000000,
        "10" : 0.000000,
        "20" : 0.014453,
        "50" : 0.000000,
        "100" : 0.028906,
        "250" : 0.014453,
        "500" : 0.000000,
        "750" : 0.592571,
        "1000" : 3.786674,
        "2000" : 13.166643,
        ">=2000" : 82.396300
      },
      "latency_depth" : 16,
      "latency_target" : 0,
      "latency_percentile" : 100.000000,
      "latency_window" : 0
    }
  ],
  "disk_util" : [
    {
      "name" : "sde",
      "read_ios" : 6904,
      "write_ios" : 0,
      "read_merges" : 0,
      "write_merges" : 0,
      "read_ticks" : 8186716,
      "write_ticks" : 0,
      "in_queue" : 8205312,
      "util" : 99.870930
    }
  ]
}
