{
  "fio version" : "fio-3.1",
  "timestamp" : 1565259414,
  "timestamp_ms" : 1565259414224,
  "time" : "Thu Aug  8 12:16:54 2019",
  "jobs" : [
    {
      "jobname" : "random-read",
      "groupid" : 0,
      "error" : 0,
      "eta" : 0,
      "elapsed" : 62,
      "job options" : {
        "rw" : "randread",
        "bs" : "4k",
        "ioengine" : "libaio",
        "iodepth" : "32",
        "direct" : "1",
        "invalidate" : "1",
        "refill_buffers" : "1",
        "runtime" : "60",
        "numjobs" : "32",
        "group_reporting" : "1",
        "write_bw_log" : "random-read-depth-32",
        "write_lat_log" : "random-read-depth-32",
        "write_iops_log" : "random-read-depth-32",
        "log_avg_msec" : "500",
        "filename" : "/dev/sde"
      },
      "read" : {
        "io_bytes" : 28667904,
        "io_kbytes" : 27996,
        "bw" : 454,
        "iops" : 113.633043,
        "runtime" : 61593,
        "total_ios" : 6999,
        "short_ios" : 0,
        "drop_ios" : 0,
        "slat_ns" : {
          "min" : 3446,
          "max" : 8870045113,
          "mean" : 248607018.130019,
          "stddev" : 1365755061.172036
        },
        "clat_ns" : {
          "min" : 106724354,
          "max" : 10302466960,
          "mean" : 8200373790.732533,
          "stddev" : 2160791058.091946,
          "percentile" : {
            "1.000000" : 759169024,
            "5.000000" : 1669332992,
            "10.000000" : 4932501504,
            "20.000000" : 8657043456,
            "30.000000" : 8925478912,
            "40.000000" : 8925478912,
            "50.000000" : 9059696640,
            "60.000000" : 9059696640,
            "70.000000" : 9059696640,
            "80.000000" : 9059696640,
            "90.000000" : 9193914368,
            "95.000000" : 9328132096,
            "99.000000" : 9596567552,
            "99.500000" : 9730785280,
            "99.900000" : 10267656192,
            "99.950000" : 10267656192,
            "99.990000" : 10267656192,
            "0.00" : 0,
            "0.00" : 0,
            "0.00" : 0
          }
        },
        "lat_ns" : {
          "min" : 106741682,
          "max" : 17975060622,
          "mean" : 8448981367.873695,
          "stddev" : 2457930020.558063
        },
        "bw_min" : 8,
        "bw_max" : 248,
        "bw_agg" : 24.673711,
        "bw_mean" : 112.018648,
        "bw_dev" : 118.384766,
        "bw_samples" : 429,
        "iops_min" : 2,
        "iops_max" : 62,
        "iops_mean" : 28.004662,
        "iops_stddev" : 29.596192,
        "iops_samples" : 429
      },
      "write" : {
        "io_bytes" : 0,
        "io_kbytes" : 0,
        "bw" : 0,
        "iops" : 0.000000,
        "runtime" : 0,
        "total_ios" : 0,
        "short_ios" : 0,
        "drop_ios" : 0,
        "slat_ns" : {
          "min" : 0,
          "max" : 0,
          "mean" : 0.000000,
          "stddev" : 0.000000
        },
        "clat_ns" : {
          "min" : 0,
          "max" : 0,
          "mean" : 0.000000,
          "stddev" : 0.000000,
          "percentile" : {
            "1.000000" : 0,
            "5.000000" : 0,
            "10.000000" : 0,
            "20.000000" : 0,
            "30.000000" : 0,
            "40.000000" : 0,
            "50.000000" : 0,
            "60.000000" : 0,
            "70.000000" : 0,
            "80.000000" : 0,
            "90.000000" : 0,
            "95.000000" : 0,
            "99.000000" : 0,
            "99.500000" : 0,
            "99.900000" : 0,
            "99.950000" : 0,
            "99.990000" : 0,
            "0.00" : 0,
            "0.00" : 0,
            "0.00" : 0
          }
        },
        "lat_ns" : {
          "min" : 0,
          "max" : 0,
          "mean" : 0.000000,
          "stddev" : 0.000000
        },
        "bw_min" : 0,
        "bw_max" : 0,
        "bw_agg" : 0.000000,
        "bw_mean" : 0.000000,
        "bw_dev" : 0.000000,
        "bw_samples" : 0,
        "iops_min" : 0,
        "iops_max" : 0,
        "iops_mean" : 0.000000,
        "iops_stddev" : 0.000000,
        "iops_samples" : 0
      },
      "trim" : {
        "io_bytes" : 0,
        "io_kbytes" : 0,
        "bw" : 0,
        "iops" : 0.000000,
        "runtime" : 0,
        "total_ios" : 0,
        "short_ios" : 0,
        "drop_ios" : 0,
        "slat_ns" : {
          "min" : 0,
          "max" : 0,
          "mean" : 0.000000,
          "stddev" : 0.000000
        },
        "clat_ns" : {
          "min" : 0,
          "max" : 0,
          "mean" : 0.000000,
          "stddev" : 0.000000,
          "percentile" : {
            "1.000000" : 0,
            "5.000000" : 0,
            "10.000000" : 0,
            "20.000000" : 0,
            "30.000000" : 0,
            "40.000000" : 0,
            "50.000000" : 0,
            "60.000000" : 0,
            "70.000000" : 0,
            "80.000000" : 0,
            "90.000000" : 0,
            "95.000000" : 0,
            "99.000000" : 0,
            "99.500000" : 0,
            "99.900000" : 0,
            "99.950000" : 0,
            "99.990000" : 0,
            "0.00" : 0,
            "0.00" : 0,
            "0.00" : 0
          }
        },
        "lat_ns" : {
          "min" : 0,
          "max" : 0,
          "mean" : 0.000000,
          "stddev" : 0.000000
        },
        "bw_min" : 0,
        "bw_max" : 0,
        "bw_agg" : 0.000000,
        "bw_mean" : 0.000000,
        "bw_dev" : 0.000000,
        "bw_samples" : 0,
        "iops_min" : 0,
        "iops_max" : 0,
        "iops_mean" : 0.000000,
        "iops_stddev" : 0.000000,
        "iops_samples" : 0
      },
      "usr_cpu" : 0.002139,
      "sys_cpu" : 0.006164,
      "ctx" : 630,
      "majf" : 0,
      "minf" : 1618,
      "iodepth_level" : {
        "1" : 0.457208,
        "2" : 0.914416,
        "4" : 1.828833,
        "8" : 3.657665,
        "16" : 7.315331,
        "32" : 85.826547,
        ">=64" : 0.000000
      },
      "latency_ns" : {
        "2" : 0.000000,
        "4" : 0.000000,
        "10" : 0.000000,
        "20" : 0.000000,
        "50" : 0.000000,
        "100" : 0.000000,
        "250" : 0.000000,
        "500" : 0.000000,
        "750" : 0.000000,
        "1000" : 0.000000
      },
      "latency_us" : {
        "2" : 0.000000,
        "4" : 0.000000,
        "10" : 0.000000,
        "20" : 0.000000,
        "50" : 0.000000,
        "100" : 0.000000,
        "250" : 0.000000,
        "500" : 0.000000,
        "750" : 0.000000,
        "1000" : 0.000000
      },
      "latency_ms" : {
        "2" : 0.000000,
        "4" : 0.000000,
        "10" : 0.000000,
        "20" : 0.000000,
        "50" : 0.000000,
        "100" : 0.000000,
        "250" : 0.071439,
        "500" : 0.300043,
        "750" : 0.428633,
        "1000" : 2.500357,
        "2000" : 2.400343,
        ">=2000" : 94.299186
      },
      "latency_depth" : 32,
      "latency_target" : 0,
      "latency_percentile" : 100.000000,
      "latency_window" : 0
    }
  ],
  "disk_util" : [
    {
      "name" : "sde",
      "read_ios" : 6973,
      "write_ios" : 0,
      "read_merges" : 0,
      "write_merges" : 0,
      "read_ticks" : 8702568,
      "write_ticks" : 0,
      "in_queue" : 8733404,
      "util" : 99.850299
    }
  ]
}
