{
  "fio version" : "fio-3.1",
  "timestamp" : 1580246716,
  "timestamp_ms" : 1580246716336,
  "time" : "Tue Jan 28 22:25:16 2020",
  "jobs" : [
    {
      "jobname" : "iotest",
      "groupid" : 0,
      "error" : 0,
      "eta" : 0,
      "elapsed" : 61,
      "job options" : {
        "rw" : "randread",
        "bs" : "4k",
        "ioengine" : "libaio",
        "iodepth" : "32",
        "direct" : "1",
        "invalidate" : "1",
        "refill_buffers" : "1",
        "runtime" : "60",
        "numjobs" : "32",
        "group_reporting" : "1",
        "write_bw_log" : "/fio/output/randread-iodepth-32-numjobs-32",
        "write_lat_log" : "/fio/output/randread-iodepth-32-numjobs-32",
        "write_iops_log" : "/fio/output/randread-iodepth-32-numjobs-32",
        "log_avg_msec" : "250",
        "filename" : "/dev/sdb"
      },
      "read" : {
        "io_bytes" : 14350405632,
        "io_kbytes" : 14014068,
        "bw" : 233326,
        "iops" : 58331.673937,
        "runtime" : 60062,
        "total_ios" : 3503517,
        "short_ios" : 0,
        "drop_ios" : 0,
        "slat_ns" : {
          "min" : 2436,
          "max" : 44137785,
          "mean" : 481299.376212,
          "stddev" : 2515667.542833
        },
        "clat_ns" : {
          "min" : 41129,
          "max" : 471504479,
          "mean" : 17053602.108201,
          "stddev" : 13349336.884164,
          "percentile" : {
            "1.000000" : 374784,
            "5.000000" : 10813440,
            "10.000000" : 12517376,
            "20.000000" : 13434880,
            "30.000000" : 13828096,
            "40.000000" : 14221312,
            "50.000000" : 14614528,
            "60.000000" : 15007744,
            "70.000000" : 15400960,
            "80.000000" : 16187392,
            "90.000000" : 27394048,
            "95.000000" : 29229056,
            "99.000000" : 76021760,
            "99.500000" : 109576192,
            "99.900000" : 177209344,
            "99.950000" : 196083712,
            "99.990000" : 278921216,
            "0.00" : 0,
            "0.00" : 0,
            "0.00" : 0
          }
        },
        "lat_ns" : {
          "min" : 46220,
          "max" : 471510719,
          "mean" : 17535122.105655,
          "stddev" : 13612694.743844
        },
        "bw_min" : 16,
        "bw_max" : 13280,
        "bw_agg" : 3.177954,
        "bw_mean" : 7414.993871,
        "bw_dev" : 1481.359067,
        "bw_samples" : 7669,
        "iops_min" : 4,
        "iops_max" : 3320,
        "iops_mean" : 1853.472291,
        "iops_stddev" : 370.329130,
        "iops_samples" : 7669
      },
      "write" : {
        "io_bytes" : 0,
        "io_kbytes" : 0,
        "bw" : 0,
        "iops" : 0.000000,
        "runtime" : 0,
        "total_ios" : 0,
        "short_ios" : 0,
        "drop_ios" : 0,
        "slat_ns" : {
          "min" : 0,
          "max" : 0,
          "mean" : 0.000000,
          "stddev" : 0.000000
        },
        "clat_ns" : {
          "min" : 0,
          "max" : 0,
          "mean" : 0.000000,
          "stddev" : 0.000000,
          "percentile" : {
            "1.000000" : 0,
            "5.000000" : 0,
            "10.000000" : 0,
            "20.000000" : 0,
            "30.000000" : 0,
            "40.000000" : 0,
            "50.000000" : 0,
            "60.000000" : 0,
            "70.000000" : 0,
            "80.000000" : 0,
            "90.000000" : 0,
            "95.000000" : 0,
            "99.000000" : 0,
            "99.500000" : 0,
            "99.900000" : 0,
            "99.950000" : 0,
            "99.990000" : 0,
            "0.00" : 0,
            "0.00" : 0,
            "0.00" : 0
          }
        },
        "lat_ns" : {
          "min" : 0,
          "max" : 0,
          "mean" : 0.000000,
          "stddev" : 0.000000
        },
        "bw_min" : 0,
        "bw_max" : 0,
        "bw_agg" : 0.000000,
        "bw_mean" : 0.000000,
        "bw_dev" : 0.000000,
        "bw_samples" : 0,
        "iops_min" : 0,
        "iops_max" : 0,
        "iops_mean" : 0.000000,
        "iops_stddev" : 0.000000,
        "iops_samples" : 0
      },
      "trim" : {
        "io_bytes" : 0,
        "io_kbytes" : 0,
        "bw" : 0,
        "iops" : 0.000000,
        "runtime" : 0,
        "total_ios" : 0,
        "short_ios" : 0,
        "drop_ios" : 0,
        "slat_ns" : {
          "min" : 0,
          "max" : 0,
          "mean" : 0.000000,
          "stddev" : 0.000000
        },
        "clat_ns" : {
          "min" : 0,
          "max" : 0,
          "mean" : 0.000000,
          "stddev" : 0.000000,
          "percentile" : {
            "1.000000" : 0,
            "5.000000" : 0,
            "10.000000" : 0,
            "20.000000" : 0,
            "30.000000" : 0,
            "40.000000" : 0,
            "50.000000" : 0,
            "60.000000" : 0,
            "70.000000" : 0,
            "80.000000" : 0,
            "90.000000" : 0,
            "95.000000" : 0,
            "99.000000" : 0,
            "99.500000" : 0,
            "99.900000" : 0,
            "99.950000" : 0,
            "99.990000" : 0,
            "0.00" : 0,
            "0.00" : 0,
            "0.00" : 0
          }
        },
        "lat_ns" : {
          "min" : 0,
          "max" : 0,
          "mean" : 0.000000,
          "stddev" : 0.000000
        },
        "bw_min" : 0,
        "bw_max" : 0,
        "bw_agg" : 0.000000,
        "bw_mean" : 0.000000,
        "bw_dev" : 0.000000,
        "bw_samples" : 0,
        "iops_min" : 0,
        "iops_max" : 0,
        "iops_mean" : 0.000000,
        "iops_stddev" : 0.000000,
        "iops_samples" : 0
      },
      "usr_cpu" : 0.407093,
      "sys_cpu" : 0.858295,
      "ctx" : 273702,
      "majf" : 0,
      "minf" : 1839,
      "iodepth_level" : {
        "1" : 0.100000,
        "2" : 0.100000,
        "4" : 0.100000,
        "8" : 0.100000,
        "16" : 0.100000,
        "32" : 99.971686,
        ">=64" : 0.000000
      },
      "latency_ns" : {
        "2" : 0.000000,
        "4" : 0.000000,
        "10" : 0.000000,
        "20" : 0.000000,
        "50" : 0.000000,
        "100" : 0.000000,
        "250" : 0.000000,
        "500" : 0.000000,
        "750" : 0.000000,
        "1000" : 0.000000
      },
      "latency_us" : {
        "2" : 0.000000,
        "4" : 0.000000,
        "10" : 0.000000,
        "20" : 0.000000,
        "50" : 0.010000,
        "100" : 0.010000,
        "250" : 0.428341,
        "500" : 1.191317,
        "750" : 0.344226,
        "1000" : 0.946563
      },
      "latency_ms" : {
        "2" : 1.443721,
        "4" : 0.055972,
        "10" : 0.230226,
        "20" : 79.752403,
        "50" : 14.116215,
        "100" : 0.824714,
        "250" : 0.642155,
        "500" : 0.020465,
        "750" : 0.000000,
        "1000" : 0.000000,
        "2000" : 0.000000,
        ">=2000" : 0.000000
      },
      "latency_depth" : 32,
      "latency_target" : 0,
      "latency_percentile" : 100.000000,
      "latency_window" : 0
    }
  ],
  "disk_util" : [
    {
      "name" : "sdb",
      "read_ios" : 3503517,
      "write_ios" : 0,
      "read_merges" : 0,
      "write_merges" : 0,
      "read_ticks" : 9177396,
      "write_ticks" : 0,
      "in_queue" : 9210216,
      "util" : 99.973387
    }
  ]
}
