{
  "fio version" : "fio-3.1",
  "timestamp" : 1580245343,
  "timestamp_ms" : 1580245343634,
  "time" : "Tue Jan 28 22:02:23 2020",
  "jobs" : [
    {
      "jobname" : "iotest",
      "groupid" : 0,
      "error" : 0,
      "eta" : 0,
      "elapsed" : 61,
      "job options" : {
        "rw" : "randread",
        "bs" : "4k",
        "ioengine" : "libaio",
        "iodepth" : "4",
        "direct" : "1",
        "invalidate" : "1",
        "refill_buffers" : "1",
        "runtime" : "60",
        "numjobs" : "16",
        "group_reporting" : "1",
        "write_bw_log" : "/fio/output/randread-iodepth-4-numjobs-16",
        "write_lat_log" : "/fio/output/randread-iodepth-4-numjobs-16",
        "write_iops_log" : "/fio/output/randread-iodepth-4-numjobs-16",
        "log_avg_msec" : "250",
        "filename" : "/dev/sdb"
      },
      "read" : {
        "io_bytes" : 18293137408,
        "io_kbytes" : 17864392,
        "bw" : 297710,
        "iops" : 74427.523914,
        "runtime" : 60006,
        "total_ios" : 4466098,
        "short_ios" : 0,
        "drop_ios" : 0,
        "slat_ns" : {
          "min" : 2445,
          "max" : 2977371,
          "mean" : 9348.415884,
          "stddev" : 5660.578157
        },
        "clat_ns" : {
          "min" : 33646,
          "max" : 341723354,
          "mean" : 847460.158046,
          "stddev" : 6221203.070679,
          "percentile" : {
            "1.000000" : 309248,
            "5.000000" : 358400,
            "10.000000" : 378880,
            "20.000000" : 403456,
            "30.000000" : 423936,
            "40.000000" : 444416,
            "50.000000" : 464896,
            "60.000000" : 489472,
            "70.000000" : 514048,
            "80.000000" : 544768,
            "90.000000" : 593920,
            "95.000000" : 643072,
            "99.000000" : 872448,
            "99.500000" : 11468800,
            "99.900000" : 108527616,
            "99.950000" : 139460608,
            "99.990000" : 202375168,
            "0.00" : 0,
            "0.00" : 0,
            "0.00" : 0
          }
        },
        "lat_ns" : {
          "min" : 38759,
          "max" : 341729031,
          "mean" : 857212.724487,
          "stddev" : 6221131.780864
        },
        "bw_min" : 65,
        "bw_max" : 34913,
        "bw_agg" : 6.334784,
        "bw_mean" : 18859.286721,
        "bw_dev" : 7932.194349,
        "bw_samples" : 3833,
        "iops_min" : 16,
        "iops_max" : 8728,
        "iops_mean" : 4714.574746,
        "iops_stddev" : 1983.046711,
        "iops_samples" : 3833
      },
      "write" : {
        "io_bytes" : 0,
        "io_kbytes" : 0,
        "bw" : 0,
        "iops" : 0.000000,
        "runtime" : 0,
        "total_ios" : 0,
        "short_ios" : 0,
        "drop_ios" : 0,
        "slat_ns" : {
          "min" : 0,
          "max" : 0,
          "mean" : 0.000000,
          "stddev" : 0.000000
        },
        "clat_ns" : {
          "min" : 0,
          "max" : 0,
          "mean" : 0.000000,
          "stddev" : 0.000000,
          "percentile" : {
            "1.000000" : 0,
            "5.000000" : 0,
            "10.000000" : 0,
            "20.000000" : 0,
            "30.000000" : 0,
            "40.000000" : 0,
            "50.000000" : 0,
            "60.000000" : 0,
            "70.000000" : 0,
            "80.000000" : 0,
            "90.000000" : 0,
            "95.000000" : 0,
            "99.000000" : 0,
            "99.500000" : 0,
            "99.900000" : 0,
            "99.950000" : 0,
            "99.990000" : 0,
            "0.00" : 0,
            "0.00" : 0,
            "0.00" : 0
          }
        },
        "lat_ns" : {
          "min" : 0,
          "max" : 0,
          "mean" : 0.000000,
          "stddev" : 0.000000
        },
        "bw_min" : 0,
        "bw_max" : 0,
        "bw_agg" : 0.000000,
        "bw_mean" : 0.000000,
        "bw_dev" : 0.000000,
        "bw_samples" : 0,
        "iops_min" : 0,
        "iops_max" : 0,
        "iops_mean" : 0.000000,
        "iops_stddev" : 0.000000,
        "iops_samples" : 0
      },
      "trim" : {
        "io_bytes" : 0,
        "io_kbytes" : 0,
        "bw" : 0,
        "iops" : 0.000000,
        "runtime" : 0,
        "total_ios" : 0,
        "short_ios" : 0,
        "drop_ios" : 0,
        "slat_ns" : {
          "min" : 0,
          "max" : 0,
          "mean" : 0.000000,
          "stddev" : 0.000000
        },
        "clat_ns" : {
          "min" : 0,
          "max" : 0,
          "mean" : 0.000000,
          "stddev" : 0.000000,
          "percentile" : {
            "1.000000" : 0,
            "5.000000" : 0,
            "10.000000" : 0,
            "20.000000" : 0,
            "30.000000" : 0,
            "40.000000" : 0,
            "50.000000" : 0,
            "60.000000" : 0,
            "70.000000" : 0,
            "80.000000" : 0,
            "90.000000" : 0,
            "95.000000" : 0,
            "99.000000" : 0,
            "99.500000" : 0,
            "99.900000" : 0,
            "99.950000" : 0,
            "99.990000" : 0,
            "0.00" : 0,
            "0.00" : 0,
            "0.00" : 0
          }
        },
        "lat_ns" : {
          "min" : 0,
          "max" : 0,
          "mean" : 0.000000,
          "stddev" : 0.000000
        },
        "bw_min" : 0,
        "bw_max" : 0,
        "bw_agg" : 0.000000,
        "bw_mean" : 0.000000,
        "bw_dev" : 0.000000,
        "bw_samples" : 0,
        "iops_min" : 0,
        "iops_max" : 0,
        "iops_mean" : 0.000000,
        "iops_stddev" : 0.000000,
        "iops_samples" : 0
      },
      "usr_cpu" : 2.089570,
      "sys_cpu" : 6.192045,
      "ctx" : 3890390,
      "majf" : 0,
      "minf" : 457,
      "iodepth_level" : {
        "1" : 0.100000,
        "2" : 0.100000,
        "4" : 99.998925,
        "8" : 0.000000,
        "16" : 0.000000,
        "32" : 0.000000,
        ">=64" : 0.000000
      },
      "latency_ns" : {
        "2" : 0.000000,
        "4" : 0.000000,
        "10" : 0.000000,
        "20" : 0.000000,
        "50" : 0.000000,
        "100" : 0.000000,
        "250" : 0.000000,
        "500" : 0.000000,
        "750" : 0.000000,
        "1000" : 0.000000
      },
      "latency_us" : {
        "2" : 0.000000,
        "4" : 0.000000,
        "10" : 0.000000,
        "20" : 0.000000,
        "50" : 0.010000,
        "100" : 0.010000,
        "250" : 0.217953,
        "500" : 64.563070,
        "750" : 33.442773,
        "1000" : 0.994089
      },
      "latency_ms" : {
        "2" : 0.135846,
        "4" : 0.062157,
        "10" : 0.069054,
        "20" : 0.071696,
        "50" : 0.142473,
        "100" : 0.172970,
        "250" : 0.122680,
        "500" : 0.010000,
        "750" : 0.000000,
        "1000" : 0.000000,
        "2000" : 0.000000,
        ">=2000" : 0.000000
      },
      "latency_depth" : 4,
      "latency_target" : 0,
      "latency_percentile" : 100.000000,
      "latency_window" : 0
    }
  ],
  "disk_util" : [
    {
      "name" : "sdb",
      "read_ios" : 4453085,
      "write_ios" : 0,
      "read_merges" : 0,
      "write_merges" : 0,
      "read_ticks" : 3774108,
      "write_ticks" : 0,
      "in_queue" : 3777076,
      "util" : 99.903208
    }
  ]
}
