{
  "fio version" : "fio-3.1",
  "timestamp" : 1580250217,
  "timestamp_ms" : 1580250217506,
  "time" : "Tue Jan 28 23:23:37 2020",
  "jobs" : [
    {
      "jobname" : "iotest",
      "groupid" : 0,
      "error" : 0,
      "eta" : 0,
      "elapsed" : 61,
      "job options" : {
        "rw" : "randwrite",
        "bs" : "4k",
        "ioengine" : "libaio",
        "iodepth" : "64",
        "direct" : "1",
        "invalidate" : "1",
        "refill_buffers" : "1",
        "runtime" : "60",
        "numjobs" : "32",
        "group_reporting" : "1",
        "write_bw_log" : "/fio/output/randwrite-iodepth-64-numjobs-32",
        "write_lat_log" : "/fio/output/randwrite-iodepth-64-numjobs-32",
        "write_iops_log" : "/fio/output/randwrite-iodepth-64-numjobs-32",
        "log_avg_msec" : "250",
        "filename" : "/dev/sdb"
      },
      "read" : {
        "io_bytes" : 0,
        "io_kbytes" : 0,
        "bw" : 0,
        "iops" : 0.000000,
        "runtime" : 0,
        "total_ios" : 0,
        "short_ios" : 0,
        "drop_ios" : 0,
        "slat_ns" : {
          "min" : 0,
          "max" : 0,
          "mean" : 0.000000,
          "stddev" : 0.000000
        },
        "clat_ns" : {
          "min" : 0,
          "max" : 0,
          "mean" : 0.000000,
          "stddev" : 0.000000,
          "percentile" : {
            "1.000000" : 0,
            "5.000000" : 0,
            "10.000000" : 0,
            "20.000000" : 0,
            "30.000000" : 0,
            "40.000000" : 0,
            "50.000000" : 0,
            "60.000000" : 0,
            "70.000000" : 0,
            "80.000000" : 0,
            "90.000000" : 0,
            "95.000000" : 0,
            "99.000000" : 0,
            "99.500000" : 0,
            "99.900000" : 0,
            "99.950000" : 0,
            "99.990000" : 0,
            "0.00" : 0,
            "0.00" : 0,
            "0.00" : 0
          }
        },
        "lat_ns" : {
          "min" : 0,
          "max" : 0,
          "mean" : 0.000000,
          "stddev" : 0.000000
        },
        "bw_min" : 0,
        "bw_max" : 0,
        "bw_agg" : 0.000000,
        "bw_mean" : 0.000000,
        "bw_dev" : 0.000000,
        "bw_samples" : 0,
        "iops_min" : 0,
        "iops_max" : 0,
        "iops_mean" : 0.000000,
        "iops_stddev" : 0.000000,
        "iops_samples" : 0
      },
      "write" : {
        "io_bytes" : 14490214400,
        "io_kbytes" : 14150600,
        "bw" : 235772,
        "iops" : 58943.150388,
        "runtime" : 60018,
        "total_ios" : 3537650,
        "short_ios" : 0,
        "drop_ios" : 0,
        "slat_ns" : {
          "min" : 2698,
          "max" : 49143671,
          "mean" : 525132.468147,
          "stddev" : 2815968.384575
        },
        "clat_ns" : {
          "min" : 102525,
          "max" : 418343213,
          "mean" : 34194486.438643,
          "stddev" : 13198930.796741,
          "percentile" : {
            "1.000000" : 14483456,
            "5.000000" : 26607616,
            "10.000000" : 27918336,
            "20.000000" : 28966912,
            "30.000000" : 29491200,
            "40.000000" : 30015488,
            "50.000000" : 30539776,
            "60.000000" : 31588352,
            "70.000000" : 35913728,
            "80.000000" : 39583744,
            "90.000000" : 43778048,
            "95.000000" : 47448064,
            "99.000000" : 66846720,
            "99.500000" : 106430464,
            "99.900000" : 200278016,
            "99.950000" : 250609664,
            "99.990000" : 325058560,
            "0.00" : 0,
            "0.00" : 0,
            "0.00" : 0
          }
        },
        "lat_ns" : {
          "min" : 111292,
          "max" : 418351208,
          "mean" : 34719899.760253,
          "stddev" : 13544592.956156
        },
        "bw_min" : 16,
        "bw_max" : 13040,
        "bw_agg" : 3.173638,
        "bw_mean" : 7482.549237,
        "bw_dev" : 1258.305105,
        "bw_samples" : 7667,
        "iops_min" : 4,
        "iops_max" : 3260,
        "iops_mean" : 1870.356332,
        "iops_stddev" : 314.553162,
        "iops_samples" : 7667
      },
      "trim" : {
        "io_bytes" : 0,
        "io_kbytes" : 0,
        "bw" : 0,
        "iops" : 0.000000,
        "runtime" : 0,
        "total_ios" : 0,
        "short_ios" : 0,
        "drop_ios" : 0,
        "slat_ns" : {
          "min" : 0,
          "max" : 0,
          "mean" : 0.000000,
          "stddev" : 0.000000
        },
        "clat_ns" : {
          "min" : 0,
          "max" : 0,
          "mean" : 0.000000,
          "stddev" : 0.000000,
          "percentile" : {
            "1.000000" : 0,
            "5.000000" : 0,
            "10.000000" : 0,
            "20.000000" : 0,
            "30.000000" : 0,
            "40.000000" : 0,
            "50.000000" : 0,
            "60.000000" : 0,
            "70.000000" : 0,
            "80.000000" : 0,
            "90.000000" : 0,
            "95.000000" : 0,
            "99.000000" : 0,
            "99.500000" : 0,
            "99.900000" : 0,
            "99.950000" : 0,
            "99.990000" : 0,
            "0.00" : 0,
            "0.00" : 0,
            "0.00" : 0
          }
        },
        "lat_ns" : {
          "min" : 0,
          "max" : 0,
          "mean" : 0.000000,
          "stddev" : 0.000000
        },
        "bw_min" : 0,
        "bw_max" : 0,
        "bw_agg" : 0.000000,
        "bw_mean" : 0.000000,
        "bw_dev" : 0.000000,
        "bw_samples" : 0,
        "iops_min" : 0,
        "iops_max" : 0,
        "iops_mean" : 0.000000,
        "iops_stddev" : 0.000000,
        "iops_samples" : 0
      },
      "usr_cpu" : 0.591094,
      "sys_cpu" : 1.141046,
      "ctx" : 127633,
      "majf" : 0,
      "minf" : 753,
      "iodepth_level" : {
        "1" : 0.100000,
        "2" : 0.100000,
        "4" : 0.100000,
        "8" : 0.100000,
        "16" : 0.100000,
        "32" : 0.100000,
        ">=64" : 99.943013
      },
      "latency_ns" : {
        "2" : 0.000000,
        "4" : 0.000000,
        "10" : 0.000000,
        "20" : 0.000000,
        "50" : 0.000000,
        "100" : 0.000000,
        "250" : 0.000000,
        "500" : 0.000000,
        "750" : 0.000000,
        "1000" : 0.000000
      },
      "latency_us" : {
        "2" : 0.000000,
        "4" : 0.000000,
        "10" : 0.000000,
        "20" : 0.000000,
        "50" : 0.000000,
        "100" : 0.000000,
        "250" : 0.016791,
        "500" : 0.014529,
        "750" : 0.011816,
        "1000" : 0.023999
      },
      "latency_ms" : {
        "2" : 0.058316,
        "4" : 0.020211,
        "10" : 0.040196,
        "20" : 2.958489,
        "50" : 92.409481,
        "100" : 3.888768,
        "250" : 0.507116,
        "500" : 0.050288,
        "750" : 0.000000,
        "1000" : 0.000000,
        "2000" : 0.000000,
        ">=2000" : 0.000000
      },
      "latency_depth" : 64,
      "latency_target" : 0,
      "latency_percentile" : 100.000000,
      "latency_window" : 0
    }
  ],
  "disk_util" : [
    {
      "name" : "sdb",
      "read_ios" : 30,
      "write_ios" : 3537056,
      "read_merges" : 0,
      "write_merges" : 0,
      "read_ticks" : 316,
      "write_ticks" : 9067340,
      "in_queue" : 9082176,
      "util" : 99.948422
    }
  ]
}
