{
  "fio version" : "fio-3.1",
  "timestamp" : 1580246342,
  "timestamp_ms" : 1580246342102,
  "time" : "Tue Jan 28 22:19:02 2020",
  "jobs" : [
    {
      "jobname" : "iotest",
      "groupid" : 0,
      "error" : 0,
      "eta" : 0,
      "elapsed" : 61,
      "job options" : {
        "rw" : "randread",
        "bs" : "4k",
        "ioengine" : "libaio",
        "iodepth" : "16",
        "direct" : "1",
        "invalidate" : "1",
        "refill_buffers" : "1",
        "runtime" : "60",
        "numjobs" : "64",
        "group_reporting" : "1",
        "write_bw_log" : "/fio/output/randread-iodepth-16-numjobs-64",
        "write_lat_log" : "/fio/output/randread-iodepth-16-numjobs-64",
        "write_iops_log" : "/fio/output/randread-iodepth-16-numjobs-64",
        "log_avg_msec" : "250",
        "filename" : "/dev/sdb"
      },
      "read" : {
        "io_bytes" : 14351147008,
        "io_kbytes" : 14014792,
        "bw" : 233327,
        "iops" : 58331.773912,
        "runtime" : 60065,
        "total_ios" : 3503698,
        "short_ios" : 0,
        "drop_ios" : 0,
        "slat_ns" : {
          "min" : 2435,
          "max" : 81142087,
          "mean" : 952411.472577,
          "stddev" : 5247521.818400
        },
        "clat_ns" : {
          "min" : 39151,
          "max" : 403135432,
          "mean" : 16580607.511444,
          "stddev" : 19336525.586119,
          "percentile" : {
            "1.000000" : 134144,
            "5.000000" : 232448,
            "10.000000" : 407552,
            "20.000000" : 536576,
            "30.000000" : 618496,
            "40.000000" : 716800,
            "50.000000" : 9895936,
            "60.000000" : 29491200,
            "70.000000" : 30277632,
            "80.000000" : 30539776,
            "90.000000" : 31064064,
            "95.000000" : 31326208,
            "99.000000" : 92798976,
            "99.500000" : 121110528,
            "99.900000" : 173015040,
            "99.950000" : 202375168,
            "99.990000" : 248512512,
            "0.00" : 0,
            "0.00" : 0,
            "0.00" : 0
          }
        },
        "lat_ns" : {
          "min" : 45446,
          "max" : 433287184,
          "mean" : 17533266.548771,
          "stddev" : 19618593.943118
        },
        "bw_min" : 16,
        "bw_max" : 18032,
        "bw_agg" : 1.584127,
        "bw_mean" : 3696.196132,
        "bw_dev" : 750.242210,
        "bw_samples" : 15306,
        "iops_min" : 4,
        "iops_max" : 4508,
        "iops_mean" : 923.780413,
        "iops_stddev" : 187.554434,
        "iops_samples" : 15306
      },
      "write" : {
        "io_bytes" : 0,
        "io_kbytes" : 0,
        "bw" : 0,
        "iops" : 0.000000,
        "runtime" : 0,
        "total_ios" : 0,
        "short_ios" : 0,
        "drop_ios" : 0,
        "slat_ns" : {
          "min" : 0,
          "max" : 0,
          "mean" : 0.000000,
          "stddev" : 0.000000
        },
        "clat_ns" : {
          "min" : 0,
          "max" : 0,
          "mean" : 0.000000,
          "stddev" : 0.000000,
          "percentile" : {
            "1.000000" : 0,
            "5.000000" : 0,
            "10.000000" : 0,
            "20.000000" : 0,
            "30.000000" : 0,
            "40.000000" : 0,
            "50.000000" : 0,
            "60.000000" : 0,
            "70.000000" : 0,
            "80.000000" : 0,
            "90.000000" : 0,
            "95.000000" : 0,
            "99.000000" : 0,
            "99.500000" : 0,
            "99.900000" : 0,
            "99.950000" : 0,
            "99.990000" : 0,
            "0.00" : 0,
            "0.00" : 0,
            "0.00" : 0
          }
        },
        "lat_ns" : {
          "min" : 0,
          "max" : 0,
          "mean" : 0.000000,
          "stddev" : 0.000000
        },
        "bw_min" : 0,
        "bw_max" : 0,
        "bw_agg" : 0.000000,
        "bw_mean" : 0.000000,
        "bw_dev" : 0.000000,
        "bw_samples" : 0,
        "iops_min" : 0,
        "iops_max" : 0,
        "iops_mean" : 0.000000,
        "iops_stddev" : 0.000000,
        "iops_samples" : 0
      },
      "trim" : {
        "io_bytes" : 0,
        "io_kbytes" : 0,
        "bw" : 0,
        "iops" : 0.000000,
        "runtime" : 0,
        "total_ios" : 0,
        "short_ios" : 0,
        "drop_ios" : 0,
        "slat_ns" : {
          "min" : 0,
          "max" : 0,
          "mean" : 0.000000,
          "stddev" : 0.000000
        },
        "clat_ns" : {
          "min" : 0,
          "max" : 0,
          "mean" : 0.000000,
          "stddev" : 0.000000,
          "percentile" : {
            "1.000000" : 0,
            "5.000000" : 0,
            "10.000000" : 0,
            "20.000000" : 0,
            "30.000000" : 0,
            "40.000000" : 0,
            "50.000000" : 0,
            "60.000000" : 0,
            "70.000000" : 0,
            "80.000000" : 0,
            "90.000000" : 0,
            "95.000000" : 0,
            "99.000000" : 0,
            "99.500000" : 0,
            "99.900000" : 0,
            "99.950000" : 0,
            "99.990000" : 0,
            "0.00" : 0,
            "0.00" : 0,
            "0.00" : 0
          }
        },
        "lat_ns" : {
          "min" : 0,
          "max" : 0,
          "mean" : 0.000000,
          "stddev" : 0.000000
        },
        "bw_min" : 0,
        "bw_max" : 0,
        "bw_agg" : 0.000000,
        "bw_mean" : 0.000000,
        "bw_dev" : 0.000000,
        "bw_samples" : 0,
        "iops_min" : 0,
        "iops_max" : 0,
        "iops_mean" : 0.000000,
        "iops_stddev" : 0.000000,
        "iops_samples" : 0
      },
      "usr_cpu" : 0.245453,
      "sys_cpu" : 0.500487,
      "ctx" : 1505461,
      "majf" : 0,
      "minf" : 2475,
      "iodepth_level" : {
        "1" : 0.100000,
        "2" : 0.100000,
        "4" : 0.100000,
        "8" : 0.100000,
        "16" : 99.972600,
        "32" : 0.000000,
        ">=64" : 0.000000
      },
      "latency_ns" : {
        "2" : 0.000000,
        "4" : 0.000000,
        "10" : 0.000000,
        "20" : 0.000000,
        "50" : 0.000000,
        "100" : 0.000000,
        "250" : 0.000000,
        "500" : 0.000000,
        "750" : 0.000000,
        "1000" : 0.000000
      },
      "latency_us" : {
        "2" : 0.000000,
        "4" : 0.000000,
        "10" : 0.000000,
        "20" : 0.000000,
        "50" : 0.010000,
        "100" : 0.084939,
        "250" : 5.889178,
        "500" : 10.414482,
        "750" : 26.303523,
        "1000" : 3.352572
      },
      "latency_ms" : {
        "2" : 1.423724,
        "4" : 0.722265,
        "10" : 1.833520,
        "20" : 1.904445,
        "50" : 46.054226,
        "100" : 1.134459,
        "250" : 0.872450,
        "500" : 0.010000,
        "750" : 0.000000,
        "1000" : 0.000000,
        "2000" : 0.000000,
        ">=2000" : 0.000000
      },
      "latency_depth" : 16,
      "latency_target" : 0,
      "latency_percentile" : 100.000000,
      "latency_window" : 0
    }
  ],
  "disk_util" : [
    {
      "name" : "sdb",
      "read_ios" : 3497165,
      "write_ios" : 0,
      "read_merges" : 0,
      "write_merges" : 0,
      "read_ticks" : 8390684,
      "write_ticks" : 0,
      "in_queue" : 8402360,
      "util" : 100.000000
    }
  ]
}
