{
  "fio version" : "fio-3.1",
  "timestamp" : 1580249717,
  "timestamp_ms" : 1580249717203,
  "time" : "Tue Jan 28 23:15:17 2020",
  "jobs" : [
    {
      "jobname" : "iotest",
      "groupid" : 0,
      "error" : 0,
      "eta" : 0,
      "elapsed" : 61,
      "job options" : {
        "rw" : "randwrite",
        "bs" : "4k",
        "ioengine" : "libaio",
        "iodepth" : "32",
        "direct" : "1",
        "invalidate" : "1",
        "refill_buffers" : "1",
        "runtime" : "60",
        "numjobs" : "16",
        "group_reporting" : "1",
        "write_bw_log" : "/fio/output/randwrite-iodepth-32-numjobs-16",
        "write_lat_log" : "/fio/output/randwrite-iodepth-32-numjobs-16",
        "write_iops_log" : "/fio/output/randwrite-iodepth-32-numjobs-16",
        "log_avg_msec" : "250",
        "filename" : "/dev/sdb"
      },
      "read" : {
        "io_bytes" : 0,
        "io_kbytes" : 0,
        "bw" : 0,
        "iops" : 0.000000,
        "runtime" : 0,
        "total_ios" : 0,
        "short_ios" : 0,
        "drop_ios" : 0,
        "slat_ns" : {
          "min" : 0,
          "max" : 0,
          "mean" : 0.000000,
          "stddev" : 0.000000
        },
        "clat_ns" : {
          "min" : 0,
          "max" : 0,
          "mean" : 0.000000,
          "stddev" : 0.000000,
          "percentile" : {
            "1.000000" : 0,
            "5.000000" : 0,
            "10.000000" : 0,
            "20.000000" : 0,
            "30.000000" : 0,
            "40.000000" : 0,
            "50.000000" : 0,
            "60.000000" : 0,
            "70.000000" : 0,
            "80.000000" : 0,
            "90.000000" : 0,
            "95.000000" : 0,
            "99.000000" : 0,
            "99.500000" : 0,
            "99.900000" : 0,
            "99.950000" : 0,
            "99.990000" : 0,
            "0.00" : 0,
            "0.00" : 0,
            "0.00" : 0
          }
        },
        "lat_ns" : {
          "min" : 0,
          "max" : 0,
          "mean" : 0.000000,
          "stddev" : 0.000000
        },
        "bw_min" : 0,
        "bw_max" : 0,
        "bw_agg" : 0.000000,
        "bw_mean" : 0.000000,
        "bw_dev" : 0.000000,
        "bw_samples" : 0,
        "iops_min" : 0,
        "iops_max" : 0,
        "iops_mean" : 0.000000,
        "iops_stddev" : 0.000000,
        "iops_samples" : 0
      },
      "write" : {
        "io_bytes" : 13397590016,
        "io_kbytes" : 13083584,
        "bw" : 218016,
        "iops" : 54504.032527,
        "runtime" : 60012,
        "total_ios" : 3270896,
        "short_ios" : 0,
        "drop_ios" : 0,
        "slat_ns" : {
          "min" : 2586,
          "max" : 26322893,
          "mean" : 218623.814177,
          "stddev" : 1261009.168129
        },
        "clat_ns" : {
          "min" : 70513,
          "max" : 489492277,
          "mean" : 9169878.898854,
          "stddev" : 12105738.920549,
          "percentile" : {
            "1.000000" : 216064,
            "5.000000" : 806912,
            "10.000000" : 2539520,
            "20.000000" : 6586368,
            "30.000000" : 7110656,
            "40.000000" : 7503872,
            "50.000000" : 7831552,
            "60.000000" : 8454144,
            "70.000000" : 9109504,
            "80.000000" : 10027008,
            "90.000000" : 11599872,
            "95.000000" : 13565952,
            "99.000000" : 83361792,
            "99.500000" : 90701824,
            "99.900000" : 168820736,
            "99.950000" : 173015040,
            "99.990000" : 250609664,
            "0.00" : 0,
            "0.00" : 0,
            "0.00" : 0
          }
        },
        "lat_ns" : {
          "min" : 80550,
          "max" : 489540948,
          "mean" : 9388755.620793,
          "stddev" : 12189920.543365
        },
        "bw_min" : 16,
        "bw_max" : 26770,
        "bw_agg" : 6.359700,
        "bw_mean" : 13865.164451,
        "bw_dev" : 4094.332853,
        "bw_samples" : 3837,
        "iops_min" : 4,
        "iops_max" : 6692,
        "iops_mean" : 3466.007819,
        "iops_stddev" : 1023.591882,
        "iops_samples" : 3837
      },
      "trim" : {
        "io_bytes" : 0,
        "io_kbytes" : 0,
        "bw" : 0,
        "iops" : 0.000000,
        "runtime" : 0,
        "total_ios" : 0,
        "short_ios" : 0,
        "drop_ios" : 0,
        "slat_ns" : {
          "min" : 0,
          "max" : 0,
          "mean" : 0.000000,
          "stddev" : 0.000000
        },
        "clat_ns" : {
          "min" : 0,
          "max" : 0,
          "mean" : 0.000000,
          "stddev" : 0.000000,
          "percentile" : {
            "1.000000" : 0,
            "5.000000" : 0,
            "10.000000" : 0,
            "20.000000" : 0,
            "30.000000" : 0,
            "40.000000" : 0,
            "50.000000" : 0,
            "60.000000" : 0,
            "70.000000" : 0,
            "80.000000" : 0,
            "90.000000" : 0,
            "95.000000" : 0,
            "99.000000" : 0,
            "99.500000" : 0,
            "99.900000" : 0,
            "99.950000" : 0,
            "99.990000" : 0,
            "0.00" : 0,
            "0.00" : 0,
            "0.00" : 0
          }
        },
        "lat_ns" : {
          "min" : 0,
          "max" : 0,
          "mean" : 0.000000,
          "stddev" : 0.000000
        },
        "bw_min" : 0,
        "bw_max" : 0,
        "bw_agg" : 0.000000,
        "bw_mean" : 0.000000,
        "bw_dev" : 0.000000,
        "bw_samples" : 0,
        "iops_min" : 0,
        "iops_max" : 0,
        "iops_mean" : 0.000000,
        "iops_stddev" : 0.000000,
        "iops_samples" : 0
      },
      "usr_cpu" : 1.098170,
      "sys_cpu" : 2.083116,
      "ctx" : 472762,
      "majf" : 0,
      "minf" : 386,
      "iodepth_level" : {
        "1" : 0.100000,
        "2" : 0.100000,
        "4" : 0.100000,
        "8" : 0.100000,
        "16" : 0.100000,
        "32" : 99.984836,
        ">=64" : 0.000000
      },
      "latency_ns" : {
        "2" : 0.000000,
        "4" : 0.000000,
        "10" : 0.000000,
        "20" : 0.000000,
        "50" : 0.000000,
        "100" : 0.000000,
        "250" : 0.000000,
        "500" : 0.000000,
        "750" : 0.000000,
        "1000" : 0.000000
      },
      "latency_us" : {
        "2" : 0.000000,
        "4" : 0.000000,
        "10" : 0.000000,
        "20" : 0.000000,
        "50" : 0.000000,
        "100" : 0.010000,
        "250" : 1.497296,
        "500" : 1.947907,
        "750" : 1.171514,
        "1000" : 1.549637
      },
      "latency_ms" : {
        "2" : 3.073286,
        "4" : 2.021250,
        "10" : 68.086482,
        "20" : 18.828144,
        "50" : 0.450182,
        "100" : 1.135988,
        "250" : 0.227216,
        "500" : 0.010792,
        "750" : 0.000000,
        "1000" : 0.000000,
        "2000" : 0.000000,
        ">=2000" : 0.000000
      },
      "latency_depth" : 32,
      "latency_target" : 0,
      "latency_percentile" : 100.000000,
      "latency_window" : 0
    }
  ],
  "disk_util" : [
    {
      "name" : "sdb",
      "read_ios" : 33,
      "write_ios" : 3270896,
      "read_merges" : 0,
      "write_merges" : 0,
      "read_ticks" : 196,
      "write_ticks" : 8973676,
      "in_queue" : 8989404,
      "util" : 99.815452
    }
  ]
}
