{
  "fio version" : "fio-3.1",
  "timestamp" : 1580247779,
  "timestamp_ms" : 1580247779803,
  "time" : "Tue Jan 28 22:42:59 2020",
  "jobs" : [
    {
      "jobname" : "iotest",
      "groupid" : 0,
      "error" : 0,
      "eta" : 0,
      "elapsed" : 61,
      "job options" : {
        "rw" : "randwrite",
        "bs" : "4k",
        "ioengine" : "libaio",
        "iodepth" : "2",
        "direct" : "1",
        "invalidate" : "1",
        "refill_buffers" : "1",
        "runtime" : "60",
        "numjobs" : "2",
        "group_reporting" : "1",
        "write_bw_log" : "/fio/output/randwrite-iodepth-2-numjobs-2",
        "write_lat_log" : "/fio/output/randwrite-iodepth-2-numjobs-2",
        "write_iops_log" : "/fio/output/randwrite-iodepth-2-numjobs-2",
        "log_avg_msec" : "250",
        "filename" : "/dev/sdb"
      },
      "read" : {
        "io_bytes" : 0,
        "io_kbytes" : 0,
        "bw" : 0,
        "iops" : 0.000000,
        "runtime" : 0,
        "total_ios" : 0,
        "short_ios" : 0,
        "drop_ios" : 0,
        "slat_ns" : {
          "min" : 0,
          "max" : 0,
          "mean" : 0.000000,
          "stddev" : 0.000000
        },
        "clat_ns" : {
          "min" : 0,
          "max" : 0,
          "mean" : 0.000000,
          "stddev" : 0.000000,
          "percentile" : {
            "1.000000" : 0,
            "5.000000" : 0,
            "10.000000" : 0,
            "20.000000" : 0,
            "30.000000" : 0,
            "40.000000" : 0,
            "50.000000" : 0,
            "60.000000" : 0,
            "70.000000" : 0,
            "80.000000" : 0,
            "90.000000" : 0,
            "95.000000" : 0,
            "99.000000" : 0,
            "99.500000" : 0,
            "99.900000" : 0,
            "99.950000" : 0,
            "99.990000" : 0,
            "0.00" : 0,
            "0.00" : 0,
            "0.00" : 0
          }
        },
        "lat_ns" : {
          "min" : 0,
          "max" : 0,
          "mean" : 0.000000,
          "stddev" : 0.000000
        },
        "bw_min" : 0,
        "bw_max" : 0,
        "bw_agg" : 0.000000,
        "bw_mean" : 0.000000,
        "bw_dev" : 0.000000,
        "bw_samples" : 0,
        "iops_min" : 0,
        "iops_max" : 0,
        "iops_mean" : 0.000000,
        "iops_stddev" : 0.000000,
        "iops_samples" : 0
      },
      "write" : {
        "io_bytes" : 11847806976,
        "io_kbytes" : 11570124,
        "bw" : 192828,
        "iops" : 48207.243092,
        "runtime" : 60002,
        "total_ios" : 2892531,
        "short_ios" : 0,
        "drop_ios" : 0,
        "slat_ns" : {
          "min" : 3763,
          "max" : 10966198,
          "mean" : 10121.264800,
          "stddev" : 7331.207046
        },
        "clat_ns" : {
          "min" : 13209,
          "max" : 10987589,
          "mean" : 69733.895135,
          "stddev" : 176422.713753,
          "percentile" : {
            "1.000000" : 37120,
            "5.000000" : 44288,
            "10.000000" : 46336,
            "20.000000" : 48384,
            "30.000000" : 49920,
            "40.000000" : 50944,
            "50.000000" : 51968,
            "60.000000" : 52992,
            "70.000000" : 53504,
            "80.000000" : 54528,
            "90.000000" : 56064,
            "95.000000" : 57088,
            "99.000000" : 839680,
            "99.500000" : 1564672,
            "99.900000" : 2539520,
            "99.950000" : 2834432,
            "99.990000" : 3227648,
            "0.00" : 0,
            "0.00" : 0,
            "0.00" : 0
          }
        },
        "lat_ns" : {
          "min" : 35692,
          "max" : 11003681,
          "mean" : 80203.754940,
          "stddev" : 176653.322368
        },
        "bw_min" : 57616,
        "bw_max" : 125008,
        "bw_agg" : 50.004040,
        "bw_mean" : 96421.789583,
        "bw_dev" : 23170.027353,
        "bw_samples" : 480,
        "iops_min" : 14404,
        "iops_max" : 31252,
        "iops_mean" : 24105.516667,
        "iops_stddev" : 5792.539059,
        "iops_samples" : 480
      },
      "trim" : {
        "io_bytes" : 0,
        "io_kbytes" : 0,
        "bw" : 0,
        "iops" : 0.000000,
        "runtime" : 0,
        "total_ios" : 0,
        "short_ios" : 0,
        "drop_ios" : 0,
        "slat_ns" : {
          "min" : 0,
          "max" : 0,
          "mean" : 0.000000,
          "stddev" : 0.000000
        },
        "clat_ns" : {
          "min" : 0,
          "max" : 0,
          "mean" : 0.000000,
          "stddev" : 0.000000,
          "percentile" : {
            "1.000000" : 0,
            "5.000000" : 0,
            "10.000000" : 0,
            "20.000000" : 0,
            "30.000000" : 0,
            "40.000000" : 0,
            "50.000000" : 0,
            "60.000000" : 0,
            "70.000000" : 0,
            "80.000000" : 0,
            "90.000000" : 0,
            "95.000000" : 0,
            "99.000000" : 0,
            "99.500000" : 0,
            "99.900000" : 0,
            "99.950000" : 0,
            "99.990000" : 0,
            "0.00" : 0,
            "0.00" : 0,
            "0.00" : 0
          }
        },
        "lat_ns" : {
          "min" : 0,
          "max" : 0,
          "mean" : 0.000000,
          "stddev" : 0.000000
        },
        "bw_min" : 0,
        "bw_max" : 0,
        "bw_agg" : 0.000000,
        "bw_mean" : 0.000000,
        "bw_dev" : 0.000000,
        "bw_samples" : 0,
        "iops_min" : 0,
        "iops_max" : 0,
        "iops_mean" : 0.000000,
        "iops_stddev" : 0.000000,
        "iops_samples" : 0
      },
      "usr_cpu" : 12.262296,
      "sys_cpu" : 30.662822,
      "ctx" : 2431365,
      "majf" : 0,
      "minf" : 45,
      "iodepth_level" : {
        "1" : 0.100000,
        "2" : 99.999931,
        "4" : 0.000000,
        "8" : 0.000000,
        "16" : 0.000000,
        "32" : 0.000000,
        ">=64" : 0.000000
      },
      "latency_ns" : {
        "2" : 0.000000,
        "4" : 0.000000,
        "10" : 0.000000,
        "20" : 0.000000,
        "50" : 0.000000,
        "100" : 0.000000,
        "250" : 0.000000,
        "500" : 0.000000,
        "750" : 0.000000,
        "1000" : 0.000000
      },
      "latency_us" : {
        "2" : 0.000000,
        "4" : 0.000000,
        "10" : 0.000000,
        "20" : 0.010000,
        "50" : 30.961051,
        "100" : 67.488507,
        "250" : 0.126152,
        "500" : 0.175175,
        "750" : 0.185754,
        "1000" : 0.187241
      },
      "latency_ms" : {
        "2" : 0.622120,
        "4" : 0.248226,
        "10" : 0.010000,
        "20" : 0.010000,
        "50" : 0.000000,
        "100" : 0.000000,
        "250" : 0.000000,
        "500" : 0.000000,
        "750" : 0.000000,
        "1000" : 0.000000,
        "2000" : 0.000000,
        ">=2000" : 0.000000
      },
      "latency_depth" : 2,
      "latency_target" : 0,
      "latency_percentile" : 100.000000,
      "latency_window" : 0
    }
  ],
  "disk_util" : [
    {
      "name" : "sdb",
      "read_ios" : 17,
      "write_ios" : 2887483,
      "read_merges" : 0,
      "write_merges" : 0,
      "read_ticks" : 4,
      "write_ticks" : 207044,
      "in_queue" : 206372,
      "util" : 99.881570
    }
  ]
}
