{
  "fio version" : "fio-3.1",
  "timestamp" : 1580248842,
  "timestamp_ms" : 1580248842350,
  "time" : "Tue Jan 28 23:00:42 2020",
  "jobs" : [
    {
      "jobname" : "iotest",
      "groupid" : 0,
      "error" : 0,
      "eta" : 0,
      "elapsed" : 61,
      "job options" : {
        "rw" : "randwrite",
        "bs" : "4k",
        "ioengine" : "libaio",
        "iodepth" : "8",
        "direct" : "1",
        "invalidate" : "1",
        "refill_buffers" : "1",
        "runtime" : "60",
        "numjobs" : "16",
        "group_reporting" : "1",
        "write_bw_log" : "/fio/output/randwrite-iodepth-8-numjobs-16",
        "write_lat_log" : "/fio/output/randwrite-iodepth-8-numjobs-16",
        "write_iops_log" : "/fio/output/randwrite-iodepth-8-numjobs-16",
        "log_avg_msec" : "250",
        "filename" : "/dev/sdb"
      },
      "read" : {
        "io_bytes" : 0,
        "io_kbytes" : 0,
        "bw" : 0,
        "iops" : 0.000000,
        "runtime" : 0,
        "total_ios" : 0,
        "short_ios" : 0,
        "drop_ios" : 0,
        "slat_ns" : {
          "min" : 0,
          "max" : 0,
          "mean" : 0.000000,
          "stddev" : 0.000000
        },
        "clat_ns" : {
          "min" : 0,
          "max" : 0,
          "mean" : 0.000000,
          "stddev" : 0.000000,
          "percentile" : {
            "1.000000" : 0,
            "5.000000" : 0,
            "10.000000" : 0,
            "20.000000" : 0,
            "30.000000" : 0,
            "40.000000" : 0,
            "50.000000" : 0,
            "60.000000" : 0,
            "70.000000" : 0,
            "80.000000" : 0,
            "90.000000" : 0,
            "95.000000" : 0,
            "99.000000" : 0,
            "99.500000" : 0,
            "99.900000" : 0,
            "99.950000" : 0,
            "99.990000" : 0,
            "0.00" : 0,
            "0.00" : 0,
            "0.00" : 0
          }
        },
        "lat_ns" : {
          "min" : 0,
          "max" : 0,
          "mean" : 0.000000,
          "stddev" : 0.000000
        },
        "bw_min" : 0,
        "bw_max" : 0,
        "bw_agg" : 0.000000,
        "bw_mean" : 0.000000,
        "bw_dev" : 0.000000,
        "bw_samples" : 0,
        "iops_min" : 0,
        "iops_max" : 0,
        "iops_mean" : 0.000000,
        "iops_stddev" : 0.000000,
        "iops_samples" : 0
      },
      "write" : {
        "io_bytes" : 13299392512,
        "io_kbytes" : 12987688,
        "bw" : 216324,
        "iops" : 54081.115294,
        "runtime" : 60038,
        "total_ios" : 3246922,
        "short_ios" : 0,
        "drop_ios" : 0,
        "slat_ns" : {
          "min" : 2753,
          "max" : 3937827,
          "mean" : 8835.540923,
          "stddev" : 5595.054053
        },
        "clat_ns" : {
          "min" : 66602,
          "max" : 88092321,
          "mean" : 2353026.432811,
          "stddev" : 1109287.081437,
          "percentile" : {
            "1.000000" : 187392,
            "5.000000" : 1269760,
            "10.000000" : 1957888,
            "20.000000" : 1990656,
            "30.000000" : 2023424,
            "40.000000" : 2039808,
            "50.000000" : 2072576,
            "60.000000" : 2113536,
            "70.000000" : 2310144,
            "80.000000" : 2768896,
            "90.000000" : 3489792,
            "95.000000" : 4292608,
            "99.000000" : 5406720,
            "99.500000" : 5734400,
            "99.900000" : 7766016,
            "99.950000" : 9109504,
            "99.990000" : 20578304,
            "0.00" : 0,
            "0.00" : 0,
            "0.00" : 0
          }
        },
        "lat_ns" : {
          "min" : 81921,
          "max" : 88096787,
          "mean" : 2362219.103862,
          "stddev" : 1109785.941634
        },
        "bw_min" : 5709,
        "bw_max" : 41461,
        "bw_agg" : 6.361221,
        "bw_mean" : 13760.847316,
        "bw_dev" : 2457.553364,
        "bw_samples" : 3838,
        "iops_min" : 1427,
        "iops_max" : 10365,
        "iops_mean" : 3439.938510,
        "iops_stddev" : 614.393757,
        "iops_samples" : 3838
      },
      "trim" : {
        "io_bytes" : 0,
        "io_kbytes" : 0,
        "bw" : 0,
        "iops" : 0.000000,
        "runtime" : 0,
        "total_ios" : 0,
        "short_ios" : 0,
        "drop_ios" : 0,
        "slat_ns" : {
          "min" : 0,
          "max" : 0,
          "mean" : 0.000000,
          "stddev" : 0.000000
        },
        "clat_ns" : {
          "min" : 0,
          "max" : 0,
          "mean" : 0.000000,
          "stddev" : 0.000000,
          "percentile" : {
            "1.000000" : 0,
            "5.000000" : 0,
            "10.000000" : 0,
            "20.000000" : 0,
            "30.000000" : 0,
            "40.000000" : 0,
            "50.000000" : 0,
            "60.000000" : 0,
            "70.000000" : 0,
            "80.000000" : 0,
            "90.000000" : 0,
            "95.000000" : 0,
            "99.000000" : 0,
            "99.500000" : 0,
            "99.900000" : 0,
            "99.950000" : 0,
            "99.990000" : 0,
            "0.00" : 0,
            "0.00" : 0,
            "0.00" : 0
          }
        },
        "lat_ns" : {
          "min" : 0,
          "max" : 0,
          "mean" : 0.000000,
          "stddev" : 0.000000
        },
        "bw_min" : 0,
        "bw_max" : 0,
        "bw_agg" : 0.000000,
        "bw_mean" : 0.000000,
        "bw_dev" : 0.000000,
        "bw_samples" : 0,
        "iops_min" : 0,
        "iops_max" : 0,
        "iops_mean" : 0.000000,
        "iops_stddev" : 0.000000,
        "iops_samples" : 0
      },
      "usr_cpu" : 1.822844,
      "sys_cpu" : 3.488950,
      "ctx" : 1204395,
      "majf" : 0,
      "minf" : 419,
      "iodepth_level" : {
        "1" : 0.100000,
        "2" : 0.100000,
        "4" : 0.100000,
        "8" : 99.996551,
        "16" : 0.000000,
        "32" : 0.000000,
        ">=64" : 0.000000
      },
      "latency_ns" : {
        "2" : 0.000000,
        "4" : 0.000000,
        "10" : 0.000000,
        "20" : 0.000000,
        "50" : 0.000000,
        "100" : 0.000000,
        "250" : 0.000000,
        "500" : 0.000000,
        "750" : 0.000000,
        "1000" : 0.000000
      },
      "latency_us" : {
        "2" : 0.000000,
        "4" : 0.000000,
        "10" : 0.000000,
        "20" : 0.000000,
        "50" : 0.000000,
        "100" : 0.065631,
        "250" : 2.740565,
        "500" : 1.910763,
        "750" : 0.065139,
        "1000" : 0.069728
      },
      "latency_ms" : {
        "2" : 18.395052,
        "4" : 70.403231,
        "10" : 6.322388,
        "20" : 0.016354,
        "50" : 0.010000,
        "100" : 0.010000,
        "250" : 0.000000,
        "500" : 0.000000,
        "750" : 0.000000,
        "1000" : 0.000000,
        "2000" : 0.000000,
        ">=2000" : 0.000000
      },
      "latency_depth" : 8,
      "latency_target" : 0,
      "latency_percentile" : 100.000000,
      "latency_window" : 0
    }
  ],
  "disk_util" : [
    {
      "name" : "sdb",
      "read_ios" : 33,
      "write_ios" : 3246922,
      "read_merges" : 0,
      "write_merges" : 0,
      "read_ticks" : 428,
      "write_ticks" : 7622984,
      "in_queue" : 7626900,
      "util" : 99.843682
    }
  ]
}
