{
  "fio version" : "fio-3.14-6-g97134",
  "timestamp" : 1566729295,
  "timestamp_ms" : 1566729295009,
  "time" : "Sun Aug 25 12:34:55 2019",
  "jobs" : [
    {
      "jobname" : "random-read",
      "groupid" : 0,
      "error" : 0,
      "eta" : 0,
      "elapsed" : 61,
      "job options" : {
        "rw" : "randread",
        "bs" : "4k",
        "ioengine" : "libaio",
        "iodepth" : "8",
        "direct" : "1",
        "invalidate" : "1",
        "refill_buffers" : "1",
        "runtime" : "60",
        "numjobs" : "32",
        "group_reporting" : "1",
        "write_bw_log" : "random-read-depth-8",
        "write_lat_log" : "random-read-depth-8",
        "write_iops_log" : "random-read-depth-8",
        "log_avg_msec" : "500",
        "filename" : "/dev/sdf"
      },
      "read" : {
        "io_bytes" : 13009256448,
        "io_kbytes" : 12704352,
        "bw_bytes" : 216752302,
        "bw" : 211672,
        "iops" : 52918.042620,
        "runtime" : 60019,
        "total_ios" : 3176088,
        "short_ios" : 0,
        "drop_ios" : 0,
        "slat_ns" : {
          "min" : 3153,
          "max" : 88152713,
          "mean" : 339497.890165,
          "stddev" : 1863059.242814
        },
        "clat_ns" : {
          "min" : 54015,
          "max" : 88302914,
          "mean" : 4492396.233419,
          "stddev" : 4313567.994787,
          "percentile" : {
            "1.000000" : 659456,
            "5.000000" : 815104,
            "10.000000" : 1011712,
            "20.000000" : 1417216,
            "30.000000" : 1826816,
            "40.000000" : 2277376,
            "50.000000" : 2736128,
            "60.000000" : 3227648,
            "70.000000" : 3751936,
            "80.000000" : 10682368,
            "90.000000" : 12255232,
            "95.000000" : 13172736,
            "99.000000" : 14745600,
            "99.500000" : 15663104,
            "99.900000" : 19791872,
            "99.950000" : 20840448,
            "99.990000" : 23199744
          }
        },
        "lat_ns" : {
          "min" : 130281,
          "max" : 90178437,
          "mean" : 4832326.159537,
          "stddev" : 4557660.996238
        },
        "bw_min" : 193883,
        "bw_max" : 221424,
        "bw_agg" : 99.942900,
        "bw_mean" : 211551.135784,
        "bw_dev" : 114.104755,
        "bw_samples" : 3823,
        "iops_min" : 48470,
        "iops_max" : 55356,
        "iops_mean" : 52887.151541,
        "iops_stddev" : 28.526518,
        "iops_samples" : 3823
      },
      "write" : {
        "io_bytes" : 0,
        "io_kbytes" : 0,
        "bw_bytes" : 0,
        "bw" : 0,
        "iops" : 0.000000,
        "runtime" : 0,
        "total_ios" : 0,
        "short_ios" : 0,
        "drop_ios" : 0,
        "slat_ns" : {
          "min" : 0,
          "max" : 0,
          "mean" : 0.000000,
          "stddev" : 0.000000
        },
        "clat_ns" : {
          "min" : 0,
          "max" : 0,
          "mean" : 0.000000,
          "stddev" : 0.000000,
          "percentile" : {
            "1.000000" : 0,
            "5.000000" : 0,
            "10.000000" : 0,
            "20.000000" : 0,
            "30.000000" : 0,
            "40.000000" : 0,
            "50.000000" : 0,
            "60.000000" : 0,
            "70.000000" : 0,
            "80.000000" : 0,
            "90.000000" : 0,
            "95.000000" : 0,
            "99.000000" : 0,
            "99.500000" : 0,
            "99.900000" : 0,
            "99.950000" : 0,
            "99.990000" : 0
          }
        },
        "lat_ns" : {
          "min" : 0,
          "max" : 0,
          "mean" : 0.000000,
          "stddev" : 0.000000
        },
        "bw_min" : 0,
        "bw_max" : 0,
        "bw_agg" : 0.000000,
        "bw_mean" : 0.000000,
        "bw_dev" : 0.000000,
        "bw_samples" : 0,
        "iops_min" : 0,
        "iops_max" : 0,
        "iops_mean" : 0.000000,
        "iops_stddev" : 0.000000,
        "iops_samples" : 0
      },
      "trim" : {
        "io_bytes" : 0,
        "io_kbytes" : 0,
        "bw_bytes" : 0,
        "bw" : 0,
        "iops" : 0.000000,
        "runtime" : 0,
        "total_ios" : 0,
        "short_ios" : 0,
        "drop_ios" : 0,
        "slat_ns" : {
          "min" : 0,
          "max" : 0,
          "mean" : 0.000000,
          "stddev" : 0.000000
        },
        "clat_ns" : {
          "min" : 0,
          "max" : 0,
          "mean" : 0.000000,
          "stddev" : 0.000000,
          "percentile" : {
            "1.000000" : 0,
            "5.000000" : 0,
            "10.000000" : 0,
            "20.000000" : 0,
            "30.000000" : 0,
            "40.000000" : 0,
            "50.000000" : 0,
            "60.000000" : 0,
            "70.000000" : 0,
            "80.000000" : 0,
            "90.000000" : 0,
            "95.000000" : 0,
            "99.000000" : 0,
            "99.500000" : 0,
            "99.900000" : 0,
            "99.950000" : 0,
            "99.990000" : 0
          }
        },
        "lat_ns" : {
          "min" : 0,
          "max" : 0,
          "mean" : 0.000000,
          "stddev" : 0.000000
        },
        "bw_min" : 0,
        "bw_max" : 0,
        "bw_agg" : 0.000000,
        "bw_mean" : 0.000000,
        "bw_dev" : 0.000000,
        "bw_samples" : 0,
        "iops_min" : 0,
        "iops_max" : 0,
        "iops_mean" : 0.000000,
        "iops_stddev" : 0.000000,
        "iops_samples" : 0
      },
      "sync" : {
        "lat_ns" : {
          "min" : 0,
          "max" : 0,
          "mean" : 0.000000,
          "stddev" : 0.000000,
          "percentile" : {
            "1.000000" : 0,
            "5.000000" : 0,
            "10.000000" : 0,
            "20.000000" : 0,
            "30.000000" : 0,
            "40.000000" : 0,
            "50.000000" : 0,
            "60.000000" : 0,
            "70.000000" : 0,
            "80.000000" : 0,
            "90.000000" : 0,
            "95.000000" : 0,
            "99.000000" : 0,
            "99.500000" : 0,
            "99.900000" : 0,
            "99.950000" : 0,
            "99.990000" : 0
          }
        },
        "total_ios" : 0
      },
      "job_runtime" : 1920102,
      "usr_cpu" : 0.674964,
      "sys_cpu" : 1.568615,
      "ctx" : 2566095,
      "majf" : 0,
      "minf" : 1890,
      "iodepth_level" : {
        "1" : 0.100000,
        "2" : 0.100000,
        "4" : 0.100000,
        "8" : 99.992947,
        "16" : 0.000000,
        "32" : 0.000000,
        ">=64" : 0.000000
      },
      "iodepth_submit" : {
        "0" : 0.000000,
        "4" : 100.000000,
        "8" : 0.000000,
        "16" : 0.000000,
        "32" : 0.000000,
        "64" : 0.000000,
        ">=64" : 0.000000
      },
      "iodepth_complete" : {
        "0" : 0.000000,
        "4" : 99.998992,
        "8" : 0.100000,
        "16" : 0.000000,
        "32" : 0.000000,
        "64" : 0.000000,
        ">=64" : 0.000000
      },
      "latency_ns" : {
        "2" : 0.000000,
        "4" : 0.000000,
        "10" : 0.000000,
        "20" : 0.000000,
        "50" : 0.000000,
        "100" : 0.000000,
        "250" : 0.000000,
        "500" : 0.000000,
        "750" : 0.000000,
        "1000" : 0.000000
      },
      "latency_us" : {
        "2" : 0.000000,
        "4" : 0.000000,
        "10" : 0.000000,
        "20" : 0.000000,
        "50" : 0.000000,
        "100" : 0.010000,
        "250" : 0.023519,
        "500" : 0.010000,
        "750" : 3.335298,
        "1000" : 6.399099
      },
      "latency_ms" : {
        "2" : 24.234908,
        "4" : 39.981732,
        "10" : 4.635325,
        "20" : 21.298024,
        "50" : 0.084727,
        "100" : 0.010000,
        "250" : 0.000000,
        "500" : 0.000000,
        "750" : 0.000000,
        "1000" : 0.000000,
        "2000" : 0.000000,
        ">=2000" : 0.000000
      },
      "latency_depth" : 8,
      "latency_target" : 0,
      "latency_percentile" : 100.000000,