{
  "fio version" : "fio-3.6-31-g4386",
  "timestamp" : 1547937435,
  "timestamp_ms" : 1547937435567,
  "time" : "Sat Jan 19 23:37:15 2019",
  "jobs" : [
    {
      "jobname" : "random-read",
      "groupid" : 0,
      "error" : 0,
      "eta" : 0,
      "elapsed" : 62,
      "job options" : {
        "rw" : "randwrite",
        "bs" : "4k",
        "ioengine" : "libaio",
        "iodepth" : "32",
        "direct" : "1",
        "invalidate" : "1",
        "refill_buffers" : "1",
        "runtime" : "60",
        "numjobs" : "4",
        "group_reporting" : "1",
        "write_bw_log" : "random-read-depth-32",
        "write_lat_log" : "random-read-depth-32",
        "write_iops_log" : "random-read-depth-32",
        "log_avg_msec" : "500",
        "filename" : "/dev/rbd0"
      },
      "read" : {
        "io_bytes" : 0,
        "io_kbytes" : 0,
        "bw_bytes" : 0,
        "bw" : 0,
        "iops" : 0.000000,
        "runtime" : 0,
        "total_ios" : 0,
        "short_ios" : 0,
        "drop_ios" : 0,
        "slat_ns" : {
          "min" : 0,
          "max" : 0,
          "mean" : 0.000000,
          "stddev" : 0.000000
        },
        "clat_ns" : {
          "min" : 0,
          "max" : 0,
          "mean" : 0.000000,
          "stddev" : 0.000000,
          "percentile" : {
            "1.000000" : 0,
            "5.000000" : 0,
            "10.000000" : 0,
            "20.000000" : 0,
            "30.000000" : 0,
            "40.000000" : 0,
            "50.000000" : 0,
            "60.000000" : 0,
            "70.000000" : 0,
            "80.000000" : 0,
            "90.000000" : 0,
            "95.000000" : 0,
            "99.000000" : 0,
            "99.500000" : 0,
            "99.900000" : 0,
            "99.950000" : 0,
            "99.990000" : 0
          }
        },
        "lat_ns" : {
          "min" : 0,
          "max" : 0,
          "mean" : 0.000000,
          "stddev" : 0.000000
        },
        "bw_min" : 0,
        "bw_max" : 0,
        "bw_agg" : 0.000000,
        "bw_mean" : 0.000000,
        "bw_dev" : 0.000000,
        "bw_samples" : 0,
        "iops_min" : 0,
        "iops_max" : 0,
        "iops_mean" : 0.000000,
        "iops_stddev" : 0.000000,
        "iops_samples" : 0
      },
      "write" : {
        "io_bytes" : 491683840,
        "io_kbytes" : 480160,
        "bw_bytes" : 8057352,
        "bw" : 7868,
        "iops" : 1967.127149,
        "runtime" : 61023,
        "total_ios" : 120040,
        "short_ios" : 0,
        "drop_ios" : 0,
        "slat_ns" : {
          "min" : 4889,
          "max" : 715594,
          "mean" : 10108.277366,
          "stddev" : 4966.473178
        },
        "clat_ns" : {
          "min" : 5578782,
          "max" : 2402941324,
          "mean" : 64984673.567744,
          "stddev" : 265813442.806322,
          "percentile" : {
            "1.000000" : 14745600,
            "5.000000" : 17170432,
            "10.000000" : 18743296,
            "20.000000" : 20578304,
            "30.000000" : 22151168,
            "40.000000" : 23724032,
            "50.000000" : 25559040,
            "60.000000" : 27394048,
            "70.000000" : 30277632,
            "80.000000" : 34865152,
            "90.000000" : 42729472,
            "95.000000" : 52166656,
            "99.000000" : 1887436800,
            "99.500000" : 2264924160,
            "99.900000" : 2365587456,
            "99.950000" : 2365587456,
            "99.990000" : 2365587456
          }
        },
        "lat_ns" : {
          "min" : 5595614,
          "max" : 2402952708,
          "mean" : 64998178.884364,
          "stddev" : 265813520.063769
        },
        "bw_min" : 8,
        "bw_max" : 5664,
        "bw_agg" : 38.582538,
        "bw_mean" : 3035.674051,
        "bw_dev" : 1984.359939,
        "bw_samples" : 316,
        "iops_min" : 2,
        "iops_max" : 1416,
        "iops_mean" : 758.901899,
        "iops_stddev" : 496.094013,
        "iops_samples" : 316
      },
      "trim" : {
        "io_bytes" : 0,
        "io_kbytes" : 0,
        "bw_bytes" : 0,
        "bw" : 0,
        "iops" : 0.000000,
        "runtime" : 0,
        "total_ios" : 0,
        "short_ios" : 0,
        "drop_ios" : 0,
        "slat_ns" : {
          "min" : 0,
          "max" : 0,
          "mean" : 0.000000,
          "stddev" : 0.000000
        },
        "clat_ns" : {
          "min" : 0,
          "max" : 0,
          "mean" : 0.000000,
          "stddev" : 0.000000,
          "percentile" : {
            "1.000000" : 0,
            "5.000000" : 0,
            "10.000000" : 0,
            "20.000000" : 0,
            "30.000000" : 0,
            "40.000000" : 0,
            "50.000000" : 0,
            "60.000000" : 0,
            "70.000000" : 0,
            "80.000000" : 0,
            "90.000000" : 0,
            "95.000000" : 0,
            "99.000000" : 0,
            "99.500000" : 0,
            "99.900000" : 0,
            "99.950000" : 0,
            "99.990000" : 0
          }
        },
        "lat_ns" : {
          "min" : 0,
          "max" : 0,
          "mean" : 0.000000,
          "stddev" : 0.000000
        },
        "bw_min" : 0,
        "bw_max" : 0,
        "bw_agg" : 0.000000,
        "bw_mean" : 0.000000,
        "bw_dev" : 0.000000,
        "bw_samples" : 0,
        "iops_min" : 0,
        "iops_max" : 0,
        "iops_mean" : 0.000000,
        "iops_stddev" : 0.000000,
        "iops_samples" : 0
      },
      "sync" : {
        "lat_ns" : {
          "min" : 0,
          "max" : 0,
          "mean" : 0.000000,
          "stddev" : 0.000000,
          "percentile" : {
            "1.000000" : 0,
            "5.000000" : 0,
            "10.000000" : 0,
            "20.000000" : 0,
            "30.000000" : 0,
            "40.000000" : 0,
            "50.000000" : 0,
            "60.000000" : 0,
            "70.000000" : 0,
            "80.000000" : 0,
            "90.000000" : 0,
            "95.000000" : 0,
            "99.000000" : 0,
            "99.500000" : 0,
            "99.900000" : 0,
            "99.950000" : 0,
            "99.990000" : 0
          }
        },
        "total_ios" : 0
      },
      "usr_cpu" : 0.638856,
      "sys_cpu" : 1.092489,
      "ctx" : 82659,
      "majf" : 0,
      "minf" : 84,
      "iodepth_level" : {
        "1" : 0.100000,
        "2" : 0.100000,
        "4" : 0.100000,
        "8" : 0.100000,
        "16" : 0.100000,
        "32" : 99.896701,
        ">=64" : 0.000000
      },
      "latency_ns" : {
        "2" : 0.000000,
        "4" : 0.000000,
        "10" : 0.000000,
        "20" : 0.000000,
        "50" : 0.000000,
        "100" : 0.000000,
        "250" : 0.000000,
        "500" : 0.000000,
        "750" : 0.000000,
        "1000" : 0.000000
      },
      "latency_us" : {
        "2" : 0.000000,
        "4" : 0.000000,
        "10" : 0.000000,
        "20" : 0.000000,
        "50" : 0.000000,
        "100" : 0.000000,
        "250" : 0.000000,
        "500" : 0.000000,
        "750" : 0.000000,
        "1000" : 0.000000
      },
      "latency_ms" : {
        "2" : 0.000000,
        "4" : 0.000000,
        "10" : 0.036654,
        "20" : 16.690270,
        "50" : 77.593302,
        "100" : 3.405531,
        "250" : 0.110796,
        "500" : 0.106631,
        "750" : 0.242419,
        "1000" : 0.111629,
        "2000" : 0.000000,
        ">=2000" : 0.000000
      },
      "latency_depth" : 32,
      "latency_target" : 0,
      "latency_percentile" : 100.000000,
      "latency_window" : 0
    }
  ],
  "disk_util" : [
    {
      "name" : "rbd0",
      "read_ios" : 0,
      "write_ios" : 120015,
      "read_merges" : 0,
      "write_merges" : 0,
      "read_ticks" : 0,
      "write_ticks" : 7669956,
      "in_queue" : 7691820,
      "util" : 99.929391
    }
  ]
}
