{
  "fio version" : "fio-3.1",
  "timestamp" : 1565000341,
  "timestamp_ms" : 1565000341394,
  "time" : "Mon Aug  5 12:19:01 2019",
  "jobs" : [
    {
      "jobname" : "random-read",
      "groupid" : 0,
      "error" : 0,
      "eta" : 0,
      "elapsed" : 61,
      "job options" : {
        "rw" : "randwrite",
        "bs" : "4k",
        "ioengine" : "libaio",
        "iodepth" : "2",
        "direct" : "1",
        "invalidate" : "1",
        "refill_buffers" : "1",
        "runtime" : "60",
        "numjobs" : "4",
        "group_reporting" : "1",
        "write_bw_log" : "random-read-depth-2",
        "write_lat_log" : "random-read-depth-2",
        "write_iops_log" : "random-read-depth-2",
        "log_avg_msec" : "500",
        "filename" : "/dev/md127"
      },
      "read" : {
        "io_bytes" : 0,
        "io_kbytes" : 0,
        "bw" : 0,
        "iops" : 0.000000,
        "runtime" : 0,
        "total_ios" : 0,
        "short_ios" : 0,
        "drop_ios" : 0,
        "slat_ns" : {
          "min" : 0,
          "max" : 0,
          "mean" : 0.000000,
          "stddev" : 0.000000
        },
        "clat_ns" : {
          "min" : 0,
          "max" : 0,
          "mean" : 0.000000,
          "stddev" : 0.000000,
          "percentile" : {
            "1.000000" : 0,
            "5.000000" : 0,
            "10.000000" : 0,
            "20.000000" : 0,
            "30.000000" : 0,
            "40.000000" : 0,
            "50.000000" : 0,
            "60.000000" : 0,
            "70.000000" : 0,
            "80.000000" : 0,
            "90.000000" : 0,
            "95.000000" : 0,
            "99.000000" : 0,
            "99.500000" : 0,
            "99.900000" : 0,
            "99.950000" : 0,
            "99.990000" : 0,
            "0.00" : 0,
            "0.00" : 0,
            "0.00" : 0
          }
        },
        "lat_ns" : {
          "min" : 0,
          "max" : 0,
          "mean" : 0.000000,
          "stddev" : 0.000000
        },
        "bw_min" : 0,
        "bw_max" : 0,
        "bw_agg" : 0.000000,
        "bw_mean" : 0.000000,
        "bw_dev" : 0.000000,
        "bw_samples" : 0,
        "iops_min" : 0,
        "iops_max" : 0,
        "iops_mean" : 0.000000,
        "iops_stddev" : 0.000000,
        "iops_samples" : 0
      },
      "write" : {
        "io_bytes" : 4696801280,
        "io_kbytes" : 4586720,
        "bw" : 76441,
        "iops" : 19110.377814,
        "runtime" : 60003,
        "total_ios" : 1146680,
        "short_ios" : 0,
        "drop_ios" : 0,
        "slat_ns" : {
          "min" : 4426,
          "max" : 756734,
          "mean" : 16212.832912,
          "stddev" : 7251.178162
        },
        "clat_ns" : {
          "min" : 3755,
          "max" : 701606114,
          "mean" : 396522.241612,
          "stddev" : 2237760.773465,
          "percentile" : {
            "1.000000" : 51968,
            "5.000000" : 76288,
            "10.000000" : 92672,
            "20.000000" : 140288,
            "30.000000" : 152576,
            "40.000000" : 156672,
            "50.000000" : 158720,
            "60.000000" : 160768,
            "70.000000" : 164864,
            "80.000000" : 166912,
            "90.000000" : 177152,
            "95.000000" : 232448,
            "99.000000" : 6389760,
            "99.500000" : 6979584,
            "99.900000" : 8224768,
            "99.950000" : 8847360,
            "99.990000" : 35389440,
            "0.00" : 0,
            "0.00" : 0,
            "0.00" : 0
          }
        },
        "lat_ns" : {
          "min" : 45229,
          "max" : 701621201,
          "mean" : 413240.900853,
          "stddev" : 2237716.888676
        },
        "bw_min" : 14645,
        "bw_max" : 21979,
        "bw_agg" : 25.294837,
        "bw_mean" : 19335.626050,
        "bw_dev" : 1086.238264,
        "bw_samples" : 476,
        "iops_min" : 3661,
        "iops_max" : 5494,
        "iops_mean" : 4833.657563,
        "iops_stddev" : 271.561827,
        "iops_samples" : 476
      },
      "trim" : {
        "io_bytes" : 0,
        "io_kbytes" : 0,
        "bw" : 0,
        "iops" : 0.000000,
        "runtime" : 0,
        "total_ios" : 0,
        "short_ios" : 0,
        "drop_ios" : 0,
        "slat_ns" : {
          "min" : 0,
          "max" : 0,
          "mean" : 0.000000,
          "stddev" : 0.000000
        },
        "clat_ns" : {
          "min" : 0,
          "max" : 0,
          "mean" : 0.000000,
          "stddev" : 0.000000,
          "percentile" : {
            "1.000000" : 0,
            "5.000000" : 0,
            "10.000000" : 0,
            "20.000000" : 0,
            "30.000000" : 0,
            "40.000000" : 0,
            "50.000000" : 0,
            "60.000000" : 0,
            "70.000000" : 0,
            "80.000000" : 0,
            "90.000000" : 0,
            "95.000000" : 0,
            "99.000000" : 0,
            "99.500000" : 0,
            "99.900000" : 0,
            "99.950000" : 0,
            "99.990000" : 0,
            "0.00" : 0,
            "0.00" : 0,
            "0.00" : 0
          }
        },
        "lat_ns" : {
          "min" : 0,
          "max" : 0,
          "mean" : 0.000000,
          "stddev" : 0.000000
        },
        "bw_min" : 0,
        "bw_max" : 0,
        "bw_agg" : 0.000000,
        "bw_mean" : 0.000000,
        "bw_dev" : 0.000000,
        "bw_samples" : 0,
        "iops_min" : 0,
        "iops_max" : 0,
        "iops_mean" : 0.000000,
        "iops_stddev" : 0.000000,
        "iops_samples" : 0
      },
      "usr_cpu" : 5.130353,
      "sys_cpu" : 10.479452,
      "ctx" : 636163,
      "majf" : 0,
      "minf" : 11544,
      "iodepth_level" : {
        "1" : 0.100000,
        "2" : 99.999651,
        "4" : 0.000000,
        "8" : 0.000000,
        "16" : 0.000000,
        "32" : 0.000000,
        ">=64" : 0.000000
      },
      "latency_ns" : {
        "2" : 0.000000,
        "4" : 0.000000,
        "10" : 0.000000,
        "20" : 0.000000,
        "50" : 0.000000,
        "100" : 0.000000,
        "250" : 0.000000,
        "500" : 0.000000,
        "750" : 0.000000,
        "1000" : 0.000000
      },
      "latency_us" : {
        "2" : 0.000000,
        "4" : 0.010000,
        "10" : 0.010000,
        "20" : 0.000000,
        "50" : 0.835804,
        "100" : 10.930774,
        "250" : 83.325950,
        "500" : 0.087034,
        "750" : 0.138748,
        "1000" : 0.062180
      },
      "latency_ms" : {
        "2" : 0.240172,
        "4" : 0.595371,
        "10" : 3.756148,
        "20" : 0.014389,
        "50" : 0.010000,
        "100" : 0.010000,
        "250" : 0.000000,
        "500" : 0.000000,
        "750" : 0.010000,
        "1000" : 0.000000,
        "2000" : 0.000000,
        ">=2000" : 0.000000
      },
      "latency_depth" : 2,
      "latency_target" : 0,
      "latency_percentile" : 100.000000,
      "latency_window" : 0
    }
  ],
  "disk_util" : [
    {
      "name" : "md127",
      "read_ios" : 21,
      "write_ios" : 1144298,
      "read_merges" : 0,
      "write_merges" : 0,
      "read_ticks" : 0,
      "write_ticks" : 0,
      "in_queue" : 0,
      "util" : 0.000000,
      "aggr_read_ios" : 23,
      "aggr_write_ios" : 382226,
      "aggr_read_merges" : 0,
      "aggr_write_merge" : 0,
      "aggr_read_ticks" : 25,
      "aggr_write_ticks" : 143606,
      "aggr_in_queue" : 143552,
      "aggr_util" : 60.695840
    },
    {
      "name" : "sdd",
      "read_ios" : 30,
      "write_ios" : 382491,
      "read_merges" : 0,
      "write_merges" : 0,
      "read_ticks" : 24,
      "write_ticks" : 104612,
      "in_queue" : 104552,
      "util" : 46.405500
    },
    {
      "name" : "sdb",
      "read_ios" : 24,
      "write_ios" : 381543,
      "read_merges" : 0,
      "write_merges" : 0,
      "read_ticks" : 16,
      "write_ticks" : 171588,
      "in_queue" : 171520,
      "util" : 60.695840
    },
    {
      "name" : "sdc",
      "read_ios" : 15,
      "write_ios" : 382646,