{
  "fio version" : "fio-3.6-31-g4386",
  "timestamp" : 1526217271,
  "timestamp_ms" : 1526217271018,
  "time" : "Sun May 13 15:14:31 2018",
  "jobs" : [
    {
      "jobname" : "random-io",
      "groupid" : 0,
      "error" : 0,
      "eta" : 0,
      "elapsed" : 61,
      "job options" : {
        "fallocate" : "none",
        "rw" : "randread",
        "bs" : "4k",
        "iodepth" : "4",
        "ioengine" : "libaio",
        "direct" : "1",
        "invalidate" : "1",
        "runtime" : "60",
        "numjobs" : "2",
        "filename" : "/dev/sdb"
      },
      "read" : {
        "io_bytes" : 5309706240,
        "io_kbytes" : 5185260,
        "bw_bytes" : 88493629,
        "bw" : 86419,
        "iops" : 21604.889919,
        "runtime" : 60001,
        "total_ios" : 1296315,
        "short_ios" : 0,
        "drop_ios" : 0,
        "slat_ns" : {
          "min" : 5238,
          "max" : 640165,
          "mean" : 11575.360264,
          "stddev" : 4495.590195
        },
        "clat_ns" : {
          "min" : 35409,
          "max" : 827061,
          "mean" : 166987.382608,
          "stddev" : 25458.664280,
          "percentile" : {
            "1.000000" : 125440,
            "5.000000" : 132096,
            "10.000000" : 138240,
            "20.000000" : 146432,
            "30.000000" : 150528,
            "40.000000" : 156672,
            "50.000000" : 162816,
            "60.000000" : 168960,
            "70.000000" : 177152,
            "80.000000" : 187392,
            "90.000000" : 201728,
            "95.000000" : 214016,
            "99.000000" : 234496,
            "99.500000" : 250880,
            "99.900000" : 284672,
            "99.950000" : 305152,
            "99.990000" : 350208
          }
        },
        "lat_ns" : {
          "min" : 90654,
          "max" : 834883,
          "mean" : 179769.096359,
          "stddev" : 25013.894491
        },
        "bw_min" : 84792,
        "bw_max" : 88167,
        "bw_agg" : 50.017796,
        "bw_mean" : 86398.739496,
        "bw_dev" : 723.117187,
        "bw_samples" : 119,
        "iops_min" : 21198,
        "iops_max" : 22041,
        "iops_mean" : 21599.655462,
        "iops_stddev" : 180.798063,
        "iops_samples" : 119
      },
      "write" : {
        "io_bytes" : 0,
        "io_kbytes" : 0,
        "bw_bytes" : 0,
        "bw" : 0,
        "iops" : 0.000000,
        "runtime" : 0,
        "total_ios" : 0,
        "short_ios" : 0,
        "drop_ios" : 0,
        "slat_ns" : {
          "min" : 0,
          "max" : 0,
          "mean" : 0.000000,
          "stddev" : 0.000000
        },
        "clat_ns" : {
          "min" : 0,
          "max" : 0,
          "mean" : 0.000000,
          "stddev" : 0.000000,
          "percentile" : {
            "1.000000" : 0,
            "5.000000" : 0,
            "10.000000" : 0,
            "20.000000" : 0,
            "30.000000" : 0,
            "40.000000" : 0,
            "50.000000" : 0,
            "60.000000" : 0,
            "70.000000" : 0,
            "80.000000" : 0,
            "90.000000" : 0,
            "95.000000" : 0,
            "99.000000" : 0,
            "99.500000" : 0,
            "99.900000" : 0,
            "99.950000" : 0,
            "99.990000" : 0
          }
        },
        "lat_ns" : {
          "min" : 0,
          "max" : 0,
          "mean" : 0.000000,
          "stddev" : 0.000000
        },
        "bw_min" : 0,
        "bw_max" : 0,
        "bw_agg" : 0.000000,
        "bw_mean" : 0.000000,
        "bw_dev" : 0.000000,
        "bw_samples" : 0,
        "iops_min" : 0,
        "iops_max" : 0,
        "iops_mean" : 0.000000,
        "iops_stddev" : 0.000000,
        "iops_samples" : 0
      },
      "trim" : {
        "io_bytes" : 0,
        "io_kbytes" : 0,
        "bw_bytes" : 0,
        "bw" : 0,
        "iops" : 0.000000,
        "runtime" : 0,
        "total_ios" : 0,
        "short_ios" : 0,
        "drop_ios" : 0,
        "slat_ns" : {
          "min" : 0,
          "max" : 0,
          "mean" : 0.000000,
          "stddev" : 0.000000
        },
        "clat_ns" : {
          "min" : 0,
          "max" : 0,
          "mean" : 0.000000,
          "stddev" : 0.000000,
          "percentile" : {
            "1.000000" : 0,
            "5.000000" : 0,
            "10.000000" : 0,
            "20.000000" : 0,
            "30.000000" : 0,
            "40.000000" : 0,
            "50.000000" : 0,
            "60.000000" : 0,
            "70.000000" : 0,
            "80.000000" : 0,
            "90.000000" : 0,
            "95.000000" : 0,
            "99.000000" : 0,
            "99.500000" : 0,
            "99.900000" : 0,
            "99.950000" : 0,
            "99.990000" : 0
          }
        },
        "lat_ns" : {
          "min" : 0,
          "max" : 0,
          "mean" : 0.000000,
          "stddev" : 0.000000
        },
        "bw_min" : 0,
        "bw_max" : 0,
        "bw_agg" : 0.000000,
        "bw_mean" : 0.000000,
        "bw_dev" : 0.000000,
        "bw_samples" : 0,
        "iops_min" : 0,
        "iops_max" : 0,
        "iops_mean" : 0.000000,
        "iops_stddev" : 0.000000,
        "iops_samples" : 0
      },
      "sync" : {
        "lat_ns" : {
          "min" : 0,
          "max" : 0,
          "mean" : 0.000000,
          "stddev" : 0.000000,
          "percentile" : {
            "1.000000" : 0,
            "5.000000" : 0,
            "10.000000" : 0,
            "20.000000" : 0,
            "30.000000" : 0,
            "40.000000" : 0,
            "50.000000" : 0,
            "60.000000" : 0,
            "70.000000" : 0,
            "80.000000" : 0,
            "90.000000" : 0,
            "95.000000" : 0,
            "99.000000" : 0,
            "99.500000" : 0,
            "99.900000" : 0,
            "99.950000" : 0,
            "99.990000" : 0
          }
        },
        "total_ios" : 0
      },
      "usr_cpu" : 8.466667,
      "sys_cpu" : 46.326667,
      "ctx" : 916398,
      "majf" : 0,
      "minf" : 16,
      "iodepth_level" : {
        "1" : 0.100000,
        "2" : 0.100000,
        "4" : 99.999769,
        "8" : 0.000000,
        "16" : 0.000000,
        "32" : 0.000000,
        ">=64" : 0.000000
      },
      "latency_ns" : {
        "2" : 0.000000,
        "4" : 0.000000,
        "10" : 0.000000,
        "20" : 0.000000,
        "50" : 0.000000,
        "100" : 0.000000,
        "250" : 0.000000,
        "500" : 0.000000,
        "750" : 0.000000,
        "1000" : 0.000000
      },
      "latency_us" : {
        "2" : 0.000000,
        "4" : 0.000000,
        "10" : 0.000000,
        "20" : 0.000000,
        "50" : 0.010000,
        "100" : 0.012883,
        "250" : 99.487316,
        "500" : 0.497719,
        "750" : 0.010000,
        "1000" : 0.010000
      },
      "latency_ms" : {
        "2" : 0.000000,
        "4" : 0.000000,
        "10" : 0.000000,
        "20" : 0.000000,
        "50" : 0.000000,
        "100" : 0.000000,
        "250" : 0.000000,
        "500" : 0.000000,
        "750" : 0.000000,
        "1000" : 0.000000,
        "2000" : 0.000000,
        ">=2000" : 0.000000
      },
      "latency_depth" : 4,
      "latency_target" : 0,
      "latency_percentile" : 100.000000,
      "latency_window" : 0
    },
    {
      "jobname" : "random-io",
      "groupid" : 0,
      "error" : 0,
      "eta" : 0,
      "elapsed" : 61,
      "job options" : {
        "fallocate" : "none",
        "rw" : "randread",
        "bs" : "4k",
        "iodepth" : "4",
        "ioengine" : "libaio",
        "direct" : "1",
        "invalidate" : "1",
        "runtime" : "60",
        "numjobs" : "2",
        "filename" : "/dev/sdb"
      },
      "read" : {
        "io_bytes" : 5303414784,
        "io_kbytes" : 5179116,
        "bw_bytes" : 88388773,
        "bw" : 86317,
        "iops" : 21579.290345,
        "runtime" : 60001,
        "total_ios" : 1294779,
        "short_ios" : 0,
        "drop_ios" : 0,