{
  "fio version" : "fio-3.6-31-g4386",
  "timestamp" : 1526218953,
  "timestamp_ms" : 1526218953943,
  "time" : "Sun May 13 15:42:33 2018",
  "jobs" : [
    {
      "jobname" : "random-io",
      "groupid" : 0,
      "error" : 0,
      "eta" : 0,
      "elapsed" : 61,
      "job options" : {
        "fallocate" : "none",
        "rw" : "randread",
        "bs" : "4k",
        "iodepth" : "64",
        "ioengine" : "libaio",
        "direct" : "1",
        "invalidate" : "1",
        "runtime" : "60",
        "numjobs" : "1",
        "filename" : "/dev/sdb"
      },
      "read" : {
        "io_bytes" : 13000679424,
        "io_kbytes" : 12695976,
        "bw_bytes" : 216670768,
        "bw" : 211592,
        "iops" : 52898.136729,
        "runtime" : 60002,
        "total_ios" : 3173994,
        "short_ios" : 0,
        "drop_ios" : 0,
        "slat_ns" : {
          "min" : 3422,
          "max" : 99314,
          "mean" : 5655.667785,
          "stddev" : 2851.536036
        },
        "clat_ns" : {
          "min" : 391041,
          "max" : 7620241,
          "mean" : 1199313.241235,
          "stddev" : 423468.650636,
          "percentile" : {
            "1.000000" : 634880,
            "5.000000" : 675840,
            "10.000000" : 733184,
            "20.000000" : 839680,
            "30.000000" : 946176,
            "40.000000" : 1056768,
            "50.000000" : 1155072,
            "60.000000" : 1269760,
            "70.000000" : 1368064,
            "80.000000" : 1482752,
            "90.000000" : 1630208,
            "95.000000" : 1744896,
            "99.000000" : 2834432,
            "99.500000" : 3358720,
            "99.900000" : 4423680,
            "99.950000" : 4751360,
            "99.990000" : 5537792
          }
        },
        "lat_ns" : {
          "min" : 396210,
          "max" : 7625200,
          "mean" : 1205957.908114,
          "stddev" : 423475.174540
        },
        "bw_min" : 210256,
        "bw_max" : 211776,
        "bw_agg" : 99.999941,
        "bw_mean" : 211591.875000,
        "bw_dev" : 211.413791,
        "bw_samples" : 120,
        "iops_min" : 52564,
        "iops_max" : 52944,
        "iops_mean" : 52897.966667,
        "iops_stddev" : 52.856542,
        "iops_samples" : 120
      },
      "write" : {
        "io_bytes" : 0,
        "io_kbytes" : 0,
        "bw_bytes" : 0,
        "bw" : 0,
        "iops" : 0.000000,
        "runtime" : 0,
        "total_ios" : 0,
        "short_ios" : 0,
        "drop_ios" : 0,
        "slat_ns" : {
          "min" : 0,
          "max" : 0,
          "mean" : 0.000000,
          "stddev" : 0.000000
        },
        "clat_ns" : {
          "min" : 0,
          "max" : 0,
          "mean" : 0.000000,
          "stddev" : 0.000000,
          "percentile" : {
            "1.000000" : 0,
            "5.000000" : 0,
            "10.000000" : 0,
            "20.000000" : 0,
            "30.000000" : 0,
            "40.000000" : 0,
            "50.000000" : 0,
            "60.000000" : 0,
            "70.000000" : 0,
            "80.000000" : 0,
            "90.000000" : 0,
            "95.000000" : 0,
            "99.000000" : 0,
            "99.500000" : 0,
            "99.900000" : 0,
            "99.950000" : 0,
            "99.990000" : 0
          }
        },
        "lat_ns" : {
          "min" : 0,
          "max" : 0,
          "mean" : 0.000000,
          "stddev" : 0.000000
        },
        "bw_min" : 0,
        "bw_max" : 0,
        "bw_agg" : 0.000000,
        "bw_mean" : 0.000000,
        "bw_dev" : 0.000000,
        "bw_samples" : 0,
        "iops_min" : 0,
        "iops_max" : 0,
        "iops_mean" : 0.000000,
        "iops_stddev" : 0.000000,
        "iops_samples" : 0
      },
      "trim" : {
        "io_bytes" : 0,
        "io_kbytes" : 0,
        "bw_bytes" : 0,
        "bw" : 0,
        "iops" : 0.000000,
        "runtime" : 0,
        "total_ios" : 0,
        "short_ios" : 0,
        "drop_ios" : 0,
        "slat_ns" : {
          "min" : 0,
          "max" : 0,
          "mean" : 0.000000,
          "stddev" : 0.000000
        },
        "clat_ns" : {
          "min" : 0,
          "max" : 0,
          "mean" : 0.000000,
          "stddev" : 0.000000,
          "percentile" : {
            "1.000000" : 0,
            "5.000000" : 0,
            "10.000000" : 0,
            "20.000000" : 0,
            "30.000000" : 0,
            "40.000000" : 0,
            "50.000000" : 0,
            "60.000000" : 0,
            "70.000000" : 0,
            "80.000000" : 0,
            "90.000000" : 0,
            "95.000000" : 0,
            "99.000000" : 0,
            "99.500000" : 0,
            "99.900000" : 0,
            "99.950000" : 0,
            "99.990000" : 0
          }
        },
        "lat_ns" : {
          "min" : 0,
          "max" : 0,
          "mean" : 0.000000,
          "stddev" : 0.000000
        },
        "bw_min" : 0,
        "bw_max" : 0,
        "bw_agg" : 0.000000,
        "bw_mean" : 0.000000,
        "bw_dev" : 0.000000,
        "bw_samples" : 0,
        "iops_min" : 0,
        "iops_max" : 0,
        "iops_mean" : 0.000000,
        "iops_stddev" : 0.000000,
        "iops_samples" : 0
      },
      "sync" : {
        "lat_ns" : {
          "min" : 0,
          "max" : 0,
          "mean" : 0.000000,
          "stddev" : 0.000000,
          "percentile" : {
            "1.000000" : 0,
            "5.000000" : 0,
            "10.000000" : 0,
            "20.000000" : 0,
            "30.000000" : 0,
            "40.000000" : 0,
            "50.000000" : 0,
            "60.000000" : 0,
            "70.000000" : 0,
            "80.000000" : 0,
            "90.000000" : 0,
            "95.000000" : 0,
            "99.000000" : 0,
            "99.500000" : 0,
            "99.900000" : 0,
            "99.950000" : 0,
            "99.990000" : 0
          }
        },
        "total_ios" : 0
      },
      "usr_cpu" : 12.646456,
      "sys_cpu" : 70.418826,
      "ctx" : 1530589,
      "majf" : 0,
      "minf" : 75,
      "iodepth_level" : {
        "1" : 0.100000,
        "2" : 0.100000,
        "4" : 0.100000,
        "8" : 0.100000,
        "16" : 0.100000,
        "32" : 0.100000,
        ">=64" : 99.998015
      },
      "latency_ns" : {
        "2" : 0.000000,
        "4" : 0.000000,
        "10" : 0.000000,
        "20" : 0.000000,
        "50" : 0.000000,
        "100" : 0.000000,
        "250" : 0.000000,
        "500" : 0.000000,
        "750" : 0.000000,
        "1000" : 0.000000
      },
      "latency_us" : {
        "2" : 0.000000,
        "4" : 0.000000,
        "10" : 0.000000,
        "20" : 0.000000,
        "50" : 0.000000,
        "100" : 0.000000,
        "250" : 0.000000,
        "500" : 0.010000,
        "750" : 11.360954,
        "1000" : 23.648974
      },
      "latency_ms" : {
        "2" : 62.412405,
        "4" : 2.379526,
        "10" : 0.196692,
        "20" : 0.000000,
        "50" : 0.000000,
        "100" : 0.000000,
        "250" : 0.000000,
        "500" : 0.000000,
        "750" : 0.000000,
        "1000" : 0.000000,
        "2000" : 0.000000,
        ">=2000" : 0.000000
      },
      "latency_depth" : 64,
      "latency_target" : 0,
      "latency_percentile" : 100.000000,
      "latency_window" : 0
    }
  ],
  "disk_util" : [
    {
      "name" : "sdb",
      "read_ios" : 3168310,
      "write_ios" : 0,
      "read_merges" : 4,
      "write_merges" : 0,
      "read_ticks" : 3774212,
      "write_ticks" : 0,
      "in_queue" : 3777736,
      "util" : 99.913293
    }
  ]
}
