{
  "fio version" : "fio-3.1",
  "timestamp" : 1565343617,
  "timestamp_ms" : 1565343617075,
  "time" : "Fri Aug  9 11:40:17 2019",
  "jobs" : [
    {
      "jobname" : "random-read",
      "groupid" : 0,
      "error" : 0,
      "eta" : 0,
      "elapsed" : 62,
      "job options" : {
        "rw" : "randwrite",
        "bs" : "4k",
        "ioengine" : "libaio",
        "iodepth" : "4",
        "direct" : "1",
        "invalidate" : "1",
        "refill_buffers" : "1",
        "runtime" : "60",
        "numjobs" : "32",
        "group_reporting" : "1",
        "write_bw_log" : "random-read-depth-4",
        "write_lat_log" : "random-read-depth-4",
        "write_iops_log" : "random-read-depth-4",
        "log_avg_msec" : "500",
        "filename" : "/dev/sda"
      },
      "read" : {
        "io_bytes" : 0,
        "io_kbytes" : 0,
        "bw" : 0,
        "iops" : 0.000000,
        "runtime" : 0,
        "total_ios" : 0,
        "short_ios" : 0,
        "drop_ios" : 0,
        "slat_ns" : {
          "min" : 0,
          "max" : 0,
          "mean" : 0.000000,
          "stddev" : 0.000000
        },
        "clat_ns" : {
          "min" : 0,
          "max" : 0,
          "mean" : 0.000000,
          "stddev" : 0.000000,
          "percentile" : {
            "1.000000" : 0,
            "5.000000" : 0,
            "10.000000" : 0,
            "20.000000" : 0,
            "30.000000" : 0,
            "40.000000" : 0,
            "50.000000" : 0,
            "60.000000" : 0,
            "70.000000" : 0,
            "80.000000" : 0,
            "90.000000" : 0,
            "95.000000" : 0,
            "99.000000" : 0,
            "99.500000" : 0,
            "99.900000" : 0,
            "99.950000" : 0,
            "99.990000" : 0,
            "0.00" : 0,
            "0.00" : 0,
            "0.00" : 0
          }
        },
        "lat_ns" : {
          "min" : 0,
          "max" : 0,
          "mean" : 0.000000,
          "stddev" : 0.000000
        },
        "bw_min" : 0,
        "bw_max" : 0,
        "bw_agg" : 0.000000,
        "bw_mean" : 0.000000,
        "bw_dev" : 0.000000,
        "bw_samples" : 0,
        "iops_min" : 0,
        "iops_max" : 0,
        "iops_mean" : 0.000000,
        "iops_stddev" : 0.000000,
        "iops_samples" : 0
      },
      "write" : {
        "io_bytes" : 31436800,
        "io_kbytes" : 30700,
        "bw" : 506,
        "iops" : 126.719171,
        "runtime" : 60567,
        "total_ios" : 7675,
        "short_ios" : 0,
        "drop_ios" : 0,
        "slat_ns" : {
          "min" : 4360,
          "max" : 12708720,
          "mean" : 45357.380326,
          "stddev" : 185339.326702
        },
        "clat_ns" : {
          "min" : 92835,
          "max" : 31592245407,
          "mean" : 1006338726.287296,
          "stddev" : 3935107441.767470,
          "percentile" : {
            "1.000000" : 5079040,
            "5.000000" : 44826624,
            "10.000000" : 92798976,
            "20.000000" : 185597952,
            "30.000000" : 283115520,
            "40.000000" : 375390208,
            "50.000000" : 480247808,
            "60.000000" : 583008256,
            "70.000000" : 683671552,
            "80.000000" : 784334848,
            "90.000000" : 893386752,
            "95.000000" : 985661440,
            "99.000000" : 17112760320,
            "99.500000" : 17112760320,
            "99.900000" : 17112760320,
            "99.950000" : 17112760320,
            "99.990000" : 17112760320,
            "0.00" : 0,
            "0.00" : 0,
            "0.00" : 0
          }
        },
        "lat_ns" : {
          "min" : 243622,
          "max" : 31592296653,
          "mean" : 1006387518.391922,
          "stddev" : 3935106846.793030
        },
        "bw_min" : 7,
        "bw_max" : 193,
        "bw_agg" : 6.227463,
        "bw_mean" : 31.510960,
        "bw_dev" : 14.291497,
        "bw_samples" : 1916,
        "iops_min" : 1,
        "iops_max" : 48,
        "iops_mean" : 7.842380,
        "iops_stddev" : 3.571895,
        "iops_samples" : 1916
      },
      "trim" : {
        "io_bytes" : 0,
        "io_kbytes" : 0,
        "bw" : 0,
        "iops" : 0.000000,
        "runtime" : 0,
        "total_ios" : 0,
        "short_ios" : 0,
        "drop_ios" : 0,
        "slat_ns" : {
          "min" : 0,
          "max" : 0,
          "mean" : 0.000000,
          "stddev" : 0.000000
        },
        "clat_ns" : {
          "min" : 0,
          "max" : 0,
          "mean" : 0.000000,
          "stddev" : 0.000000,
          "percentile" : {
            "1.000000" : 0,
            "5.000000" : 0,
            "10.000000" : 0,
            "20.000000" : 0,
            "30.000000" : 0,
            "40.000000" : 0,
            "50.000000" : 0,
            "60.000000" : 0,
            "70.000000" : 0,
            "80.000000" : 0,
            "90.000000" : 0,
            "95.000000" : 0,
            "99.000000" : 0,
            "99.500000" : 0,
            "99.900000" : 0,
            "99.950000" : 0,
            "99.990000" : 0,
            "0.00" : 0,
            "0.00" : 0,
            "0.00" : 0
          }
        },
        "lat_ns" : {
          "min" : 0,
          "max" : 0,
          "mean" : 0.000000,
          "stddev" : 0.000000
        },
        "bw_min" : 0,
        "bw_max" : 0,
        "bw_agg" : 0.000000,
        "bw_mean" : 0.000000,
        "bw_dev" : 0.000000,
        "bw_samples" : 0,
        "iops_min" : 0,
        "iops_max" : 0,
        "iops_mean" : 0.000000,
        "iops_stddev" : 0.000000,
        "iops_samples" : 0
      },
      "usr_cpu" : 0.018718,
      "sys_cpu" : 0.034333,
      "ctx" : 7648,
      "majf" : 0,
      "minf" : 1220,
      "iodepth_level" : {
        "1" : 0.416938,
        "2" : 0.833876,
        "4" : 98.749186,
        "8" : 0.000000,
        "16" : 0.000000,
        "32" : 0.000000,
        ">=64" : 0.000000
      },
      "latency_ns" : {
        "2" : 0.000000,
        "4" : 0.000000,
        "10" : 0.000000,
        "20" : 0.000000,
        "50" : 0.000000,
        "100" : 0.000000,
        "250" : 0.000000,
        "500" : 0.000000,
        "750" : 0.000000,
        "1000" : 0.000000
      },
      "latency_us" : {
        "2" : 0.000000,
        "4" : 0.000000,
        "10" : 0.000000,
        "20" : 0.000000,
        "50" : 0.000000,
        "100" : 0.013029,
        "250" : 0.026059,
        "500" : 0.143322,
        "750" : 0.091205,
        "1000" : 0.156352
      },
      "latency_ms" : {
        "2" : 0.182410,
        "4" : 0.312704,
        "10" : 0.742671,
        "20" : 0.651466,
        "50" : 3.348534,
        "100" : 5.094463,
        "250" : 15.635179,
        "500" : 25.394137,
        "750" : 24.651466,
        "1000" : 18.957655,
        "2000" : 2.345277,
        ">=2000" : 2.254072
      },
      "latency_depth" : 4,
      "latency_target" : 0,
      "latency_percentile" : 100.000000,
      "latency_window" : 0
    }
  ],
  "disk_util" : [
    {
      "name" : "sda",
      "read_ios" : 46,
      "write_ios" : 7640,
      "read_merges" : 9,
      "write_merges" : 0,
      "read_ticks" : 332,
      "write_ticks" : 7689264,
      "in_queue" : 7708829,
      "util" : 99.998348
    }
  ]
}
