{
  "fio version" : "fio-3.1",
  "timestamp" : 1565343892,
  "timestamp_ms" : 1565343892741,
  "time" : "Fri Aug  9 11:44:52 2019",
  "jobs" : [
    {
      "jobname" : "random-read",
      "groupid" : 0,
      "error" : 0,
      "eta" : 0,
      "elapsed" : 84,
      "job options" : {
        "rw" : "randwrite",
        "bs" : "4k",
        "ioengine" : "libaio",
        "iodepth" : "8",
        "direct" : "1",
        "invalidate" : "1",
        "refill_buffers" : "1",
        "runtime" : "60",
        "numjobs" : "8",
        "group_reporting" : "1",
        "write_bw_log" : "random-read-depth-8",
        "write_lat_log" : "random-read-depth-8",
        "write_iops_log" : "random-read-depth-8",
        "log_avg_msec" : "500",
        "filename" : "/dev/sda"
      },
      "read" : {
        "io_bytes" : 0,
        "io_kbytes" : 0,
        "bw" : 0,
        "iops" : 0.000000,
        "runtime" : 0,
        "total_ios" : 0,
        "short_ios" : 0,
        "drop_ios" : 0,
        "slat_ns" : {
          "min" : 0,
          "max" : 0,
          "mean" : 0.000000,
          "stddev" : 0.000000
        },
        "clat_ns" : {
          "min" : 0,
          "max" : 0,
          "mean" : 0.000000,
          "stddev" : 0.000000,
          "percentile" : {
            "1.000000" : 0,
            "5.000000" : 0,
            "10.000000" : 0,
            "20.000000" : 0,
            "30.000000" : 0,
            "40.000000" : 0,
            "50.000000" : 0,
            "60.000000" : 0,
            "70.000000" : 0,
            "80.000000" : 0,
            "90.000000" : 0,
            "95.000000" : 0,
            "99.000000" : 0,
            "99.500000" : 0,
            "99.900000" : 0,
            "99.950000" : 0,
            "99.990000" : 0,
            "0.00" : 0,
            "0.00" : 0,
            "0.00" : 0
          }
        },
        "lat_ns" : {
          "min" : 0,
          "max" : 0,
          "mean" : 0.000000,
          "stddev" : 0.000000
        },
        "bw_min" : 0,
        "bw_max" : 0,
        "bw_agg" : 0.000000,
        "bw_mean" : 0.000000,
        "bw_dev" : 0.000000,
        "bw_samples" : 0,
        "iops_min" : 0,
        "iops_max" : 0,
        "iops_mean" : 0.000000,
        "iops_stddev" : 0.000000,
        "iops_samples" : 0
      },
      "write" : {
        "io_bytes" : 49287168,
        "io_kbytes" : 48132,
        "bw" : 582,
        "iops" : 145.623313,
        "runtime" : 82631,
        "total_ios" : 12033,
        "short_ios" : 0,
        "drop_ios" : 0,
        "slat_ns" : {
          "min" : 4916,
          "max" : 2211434,
          "mean" : 52414.491814,
          "stddev" : 31300.408565
        },
        "clat_ns" : {
          "min" : 100598,
          "max" : 31991291359,
          "mean" : 439034920.166958,
          "stddev" : 2269674644.119910,
          "percentile" : {
            "1.000000" : 17170432,
            "5.000000" : 37486592,
            "10.000000" : 61603840,
            "20.000000" : 110624768,
            "30.000000" : 162529280,
            "40.000000" : 212860928,
            "50.000000" : 258998272,
            "60.000000" : 312475648,
            "70.000000" : 362807296,
            "80.000000" : 413138944,
            "90.000000" : 471859200,
            "95.000000" : 513802240,
            "99.000000" : 1350565888,
            "99.500000" : 17112760320,
            "99.900000" : 17112760320,
            "99.950000" : 17112760320,
            "99.990000" : 17112760320,
            "0.00" : 0,
            "0.00" : 0,
            "0.00" : 0
          }
        },
        "lat_ns" : {
          "min" : 463491,
          "max" : 31991362450,
          "mean" : 439090620.805950,
          "stddev" : 2269674578.266722
        },
        "bw_min" : 56,
        "bw_max" : 186,
        "bw_agg" : 20.062640,
        "bw_mean" : 116.764563,
        "bw_dev" : 20.785438,
        "bw_samples" : 824,
        "iops_min" : 14,
        "iops_max" : 46,
        "iops_mean" : 29.050971,
        "iops_stddev" : 5.149273,
        "iops_samples" : 824
      },
      "trim" : {
        "io_bytes" : 0,
        "io_kbytes" : 0,
        "bw" : 0,
        "iops" : 0.000000,
        "runtime" : 0,
        "total_ios" : 0,
        "short_ios" : 0,
        "drop_ios" : 0,
        "slat_ns" : {
          "min" : 0,
          "max" : 0,
          "mean" : 0.000000,
          "stddev" : 0.000000
        },
        "clat_ns" : {
          "min" : 0,
          "max" : 0,
          "mean" : 0.000000,
          "stddev" : 0.000000,
          "percentile" : {
            "1.000000" : 0,
            "5.000000" : 0,
            "10.000000" : 0,
            "20.000000" : 0,
            "30.000000" : 0,
            "40.000000" : 0,
            "50.000000" : 0,
            "60.000000" : 0,
            "70.000000" : 0,
            "80.000000" : 0,
            "90.000000" : 0,
            "95.000000" : 0,
            "99.000000" : 0,
            "99.500000" : 0,
            "99.900000" : 0,
            "99.950000" : 0,
            "99.990000" : 0,
            "0.00" : 0,
            "0.00" : 0,
            "0.00" : 0
          }
        },
        "lat_ns" : {
          "min" : 0,
          "max" : 0,
          "mean" : 0.000000,
          "stddev" : 0.000000
        },
        "bw_min" : 0,
        "bw_max" : 0,
        "bw_agg" : 0.000000,
        "bw_mean" : 0.000000,
        "bw_dev" : 0.000000,
        "bw_samples" : 0,
        "iops_min" : 0,
        "iops_max" : 0,
        "iops_mean" : 0.000000,
        "iops_stddev" : 0.000000,
        "iops_samples" : 0
      },
      "usr_cpu" : 0.078365,
      "sys_cpu" : 0.177910,
      "ctx" : 12016,
      "majf" : 0,
      "minf" : 319,
      "iodepth_level" : {
        "1" : 0.100000,
        "2" : 0.132968,
        "4" : 0.265935,
        "8" : 99.534613,
        "16" : 0.000000,
        "32" : 0.000000,
        ">=64" : 0.000000
      },
      "latency_ns" : {
        "2" : 0.000000,
        "4" : 0.000000,
        "10" : 0.000000,
        "20" : 0.000000,
        "50" : 0.000000,
        "100" : 0.000000,
        "250" : 0.000000,
        "500" : 0.000000,
        "750" : 0.000000,
        "1000" : 0.000000
      },
      "latency_us" : {
        "2" : 0.000000,
        "4" : 0.000000,
        "10" : 0.000000,
        "20" : 0.000000,
        "50" : 0.000000,
        "100" : 0.000000,
        "250" : 0.010000,
        "500" : 0.016621,
        "750" : 0.000000,
        "1000" : 0.016621
      },
      "latency_ms" : {
        "2" : 0.041552,
        "4" : 0.049863,
        "10" : 0.232693,
        "20" : 1.080362,
        "50" : 6.174686,
        "100" : 10.172027,
        "250" : 30.133799,
        "500" : 45.599601,
        "750" : 4.537522,
        "1000" : 0.556802,
        "2000" : 0.789496,
        ">=2000" : 0.590044
      },
      "latency_depth" : 8,
      "latency_target" : 0,
      "latency_percentile" : 100.000000,
      "latency_window" : 0
    }
  ],
  "disk_util" : [
    {
      "name" : "sda",
      "read_ios" : 52,
      "write_ios" : 12033,
      "read_merges" : 0,
      "write_merges" : 0,
      "read_ticks" : 4176,
      "write_ticks" : 5281911,
      "in_queue" : 5287427,
      "util" : 99.798579
    }
  ]
}
