{
  "fio version" : "fio-3.1",
  "timestamp" : 1565343552,
  "timestamp_ms" : 1565343552860,
  "time" : "Fri Aug  9 11:39:12 2019",
  "jobs" : [
    {
      "jobname" : "random-read",
      "groupid" : 0,
      "error" : 0,
      "eta" : 0,
      "elapsed" : 61,
      "job options" : {
        "rw" : "randwrite",
        "bs" : "4k",
        "ioengine" : "libaio",
        "iodepth" : "4",
        "direct" : "1",
        "invalidate" : "1",
        "refill_buffers" : "1",
        "runtime" : "60",
        "numjobs" : "16",
        "group_reporting" : "1",
        "write_bw_log" : "random-read-depth-4",
        "write_lat_log" : "random-read-depth-4",
        "write_iops_log" : "random-read-depth-4",
        "log_avg_msec" : "500",
        "filename" : "/dev/sda"
      },
      "read" : {
        "io_bytes" : 0,
        "io_kbytes" : 0,
        "bw" : 0,
        "iops" : 0.000000,
        "runtime" : 0,
        "total_ios" : 0,
        "short_ios" : 0,
        "drop_ios" : 0,
        "slat_ns" : {
          "min" : 0,
          "max" : 0,
          "mean" : 0.000000,
          "stddev" : 0.000000
        },
        "clat_ns" : {
          "min" : 0,
          "max" : 0,
          "mean" : 0.000000,
          "stddev" : 0.000000,
          "percentile" : {
            "1.000000" : 0,
            "5.000000" : 0,
            "10.000000" : 0,
            "20.000000" : 0,
            "30.000000" : 0,
            "40.000000" : 0,
            "50.000000" : 0,
            "60.000000" : 0,
            "70.000000" : 0,
            "80.000000" : 0,
            "90.000000" : 0,
            "95.000000" : 0,
            "99.000000" : 0,
            "99.500000" : 0,
            "99.900000" : 0,
            "99.950000" : 0,
            "99.990000" : 0,
            "0.00" : 0,
            "0.00" : 0,
            "0.00" : 0
          }
        },
        "lat_ns" : {
          "min" : 0,
          "max" : 0,
          "mean" : 0.000000,
          "stddev" : 0.000000
        },
        "bw_min" : 0,
        "bw_max" : 0,
        "bw_agg" : 0.000000,
        "bw_mean" : 0.000000,
        "bw_dev" : 0.000000,
        "bw_samples" : 0,
        "iops_min" : 0,
        "iops_max" : 0,
        "iops_mean" : 0.000000,
        "iops_stddev" : 0.000000,
        "iops_samples" : 0
      },
      "write" : {
        "io_bytes" : 56360960,
        "io_kbytes" : 55040,
        "bw" : 913,
        "iops" : 228.317321,
        "runtime" : 60267,
        "total_ios" : 13760,
        "short_ios" : 0,
        "drop_ios" : 0,
        "slat_ns" : {
          "min" : 3594,
          "max" : 372066,
          "mean" : 51600.874782,
          "stddev" : 23878.017232
        },
        "clat_ns" : {
          "min" : 117077,
          "max" : 2296476968,
          "mean" : 278769031.959738,
          "stddev" : 203707875.980255,
          "percentile" : {
            "1.000000" : 2899968,
            "5.000000" : 32112640,
            "10.000000" : 55312384,
            "20.000000" : 104333312,
            "30.000000" : 156237824,
            "40.000000" : 204472320,
            "50.000000" : 256901120,
            "60.000000" : 312475648,
            "70.000000" : 362807296,
            "80.000000" : 417333248,
            "90.000000" : 484442112,
            "95.000000" : 549453824,
            "99.000000" : 994050048,
            "99.500000" : 1233125376,
            "99.900000" : 1904214016,
            "99.950000" : 2105540608,
            "99.990000" : 2231369728,
            "0.00" : 0,
            "0.00" : 0,
            "0.00" : 0
          }
        },
        "lat_ns" : {
          "min" : 211187,
          "max" : 2296541014,
          "mean" : 278823909.756177,
          "stddev" : 203708437.631972
        },
        "bw_min" : 8,
        "bw_max" : 456,
        "bw_agg" : 6.266556,
        "bw_mean" : 57.213653,
        "bw_dev" : 21.114001,
        "bw_samples" : 1919,
        "iops_min" : 2,
        "iops_max" : 114,
        "iops_mean" : 14.265242,
        "iops_stddev" : 5.259680,
        "iops_samples" : 1919
      },
      "trim" : {
        "io_bytes" : 0,
        "io_kbytes" : 0,
        "bw" : 0,
        "iops" : 0.000000,
        "runtime" : 0,
        "total_ios" : 0,
        "short_ios" : 0,
        "drop_ios" : 0,
        "slat_ns" : {
          "min" : 0,
          "max" : 0,
          "mean" : 0.000000,
          "stddev" : 0.000000
        },
        "clat_ns" : {
          "min" : 0,
          "max" : 0,
          "mean" : 0.000000,
          "stddev" : 0.000000,
          "percentile" : {
            "1.000000" : 0,
            "5.000000" : 0,
            "10.000000" : 0,
            "20.000000" : 0,
            "30.000000" : 0,
            "40.000000" : 0,
            "50.000000" : 0,
            "60.000000" : 0,
            "70.000000" : 0,
            "80.000000" : 0,
            "90.000000" : 0,
            "95.000000" : 0,
            "99.000000" : 0,
            "99.500000" : 0,
            "99.900000" : 0,
            "99.950000" : 0,
            "99.990000" : 0,
            "0.00" : 0,
            "0.00" : 0,
            "0.00" : 0
          }
        },
        "lat_ns" : {
          "min" : 0,
          "max" : 0,
          "mean" : 0.000000,
          "stddev" : 0.000000
        },
        "bw_min" : 0,
        "bw_max" : 0,
        "bw_agg" : 0.000000,
        "bw_mean" : 0.000000,
        "bw_dev" : 0.000000,
        "bw_samples" : 0,
        "iops_min" : 0,
        "iops_max" : 0,
        "iops_mean" : 0.000000,
        "iops_stddev" : 0.000000,
        "iops_samples" : 0
      },
      "usr_cpu" : 0.063113,
      "sys_cpu" : 0.138372,
      "ctx" : 13632,
      "majf" : 0,
      "minf" : 672,
      "iodepth_level" : {
        "1" : 0.116279,
        "2" : 0.232558,
        "4" : 99.651163,
        "8" : 0.000000,
        "16" : 0.000000,
        "32" : 0.000000,
        ">=64" : 0.000000
      },
      "latency_ns" : {
        "2" : 0.000000,
        "4" : 0.000000,
        "10" : 0.000000,
        "20" : 0.000000,
        "50" : 0.000000,
        "100" : 0.000000,
        "250" : 0.000000,
        "500" : 0.000000,
        "750" : 0.000000,
        "1000" : 0.000000
      },
      "latency_us" : {
        "2" : 0.000000,
        "4" : 0.000000,
        "10" : 0.000000,
        "20" : 0.000000,
        "50" : 0.000000,
        "100" : 0.000000,
        "250" : 0.014535,
        "500" : 0.138081,
        "750" : 0.210756,
        "1000" : 0.203488
      },
      "latency_ms" : {
        "2" : 0.239826,
        "4" : 0.356105,
        "10" : 0.341570,
        "20" : 1.286337,
        "50" : 5.959302,
        "100" : 10.428779,
        "250" : 29.643895,
        "500" : 43.008721,
        "750" : 5.959302,
        "1000" : 1.250000,
        "2000" : 0.901163,
        ">=2000" : 0.058140
      },
      "latency_depth" : 4,
      "latency_target" : 0,
      "latency_percentile" : 100.000000,
      "latency_window" : 0
    }
  ],
  "disk_util" : [
    {
      "name" : "sda",
      "read_ios" : 208,
      "write_ios" : 13724,
      "read_merges" : 63,
      "write_merges" : 0,
      "read_ticks" : 12400,
      "write_ticks" : 3820746,
      "in_queue" : 3844865,
      "util" : 100.000000
    }
  ]
}
