{
  "fio version" : "fio-3.6-31-g4386",
  "timestamp" : 1547929052,
  "timestamp_ms" : 1547929052014,
  "time" : "Sat Jan 19 21:17:32 2019",
  "jobs" : [
    {
      "jobname" : "random-read",
      "groupid" : 0,
      "error" : 0,
      "eta" : 0,
      "elapsed" : 64,
      "job options" : {
        "rw" : "randread",
        "bs" : "4k",
        "ioengine" : "libaio",
        "iodepth" : "16",
        "direct" : "1",
        "invalidate" : "1",
        "refill_buffers" : "1",
        "runtime" : "60",
        "numjobs" : "32",
        "group_reporting" : "1",
        "write_bw_log" : "random-read-depth-16",
        "write_lat_log" : "random-read-depth-16",
        "write_iops_log" : "random-read-depth-16",
        "log_avg_msec" : "500",
        "filename" : "/dev/rbd0"
      },
      "read" : {
        "io_bytes" : 5489184768,
        "io_kbytes" : 5360532,
        "bw_bytes" : 91203681,
        "bw" : 89066,
        "iops" : 22266.523776,
        "runtime" : 60186,
        "total_ios" : 1340133,
        "short_ios" : 0,
        "drop_ios" : 0,
        "slat_ns" : {
          "min" : 558,
          "max" : 275665013,
          "mean" : 1249970.536314,
          "stddev" : 4219367.983656
        },
        "clat_ns" : {
          "min" : 259880,
          "max" : 687244307,
          "mean" : 20778878.534411,
          "stddev" : 30641931.778895,
          "percentile" : {
            "1.000000" : 733184,
            "5.000000" : 1515520,
            "10.000000" : 2605056,
            "20.000000" : 4423680,
            "30.000000" : 6258688,
            "40.000000" : 8454144,
            "50.000000" : 11206656,
            "60.000000" : 14614528,
            "70.000000" : 19529728,
            "80.000000" : 27656192,
            "90.000000" : 53739520,
            "95.000000" : 72876032,
            "99.000000" : 145752064,
            "99.500000" : 221249536,
            "99.900000" : 316669952,
            "99.950000" : 350224384,
            "99.990000" : 429916160
          }
        },
        "lat_ns" : {
          "min" : 271473,
          "max" : 688731158,
          "mean" : 22031687.273124,
          "stddev" : 31299593.436945
        },
        "bw_min" : 48,
        "bw_max" : 6775,
        "bw_agg" : 3.239117,
        "bw_mean" : 2884.951879,
        "bw_dev" : 1140.736020,
        "bw_samples" : 3699,
        "iops_min" : 12,
        "iops_max" : 1693,
        "iops_mean" : 721.206002,
        "iops_stddev" : 285.181763,
        "iops_samples" : 3699
      },
      "write" : {
        "io_bytes" : 0,
        "io_kbytes" : 0,
        "bw_bytes" : 0,
        "bw" : 0,
        "iops" : 0.000000,
        "runtime" : 0,
        "total_ios" : 0,
        "short_ios" : 0,
        "drop_ios" : 0,
        "slat_ns" : {
          "min" : 0,
          "max" : 0,
          "mean" : 0.000000,
          "stddev" : 0.000000
        },
        "clat_ns" : {
          "min" : 0,
          "max" : 0,
          "mean" : 0.000000,
          "stddev" : 0.000000,
          "percentile" : {
            "1.000000" : 0,
            "5.000000" : 0,
            "10.000000" : 0,
            "20.000000" : 0,
            "30.000000" : 0,
            "40.000000" : 0,
            "50.000000" : 0,
            "60.000000" : 0,
            "70.000000" : 0,
            "80.000000" : 0,
            "90.000000" : 0,
            "95.000000" : 0,
            "99.000000" : 0,
            "99.500000" : 0,
            "99.900000" : 0,
            "99.950000" : 0,
            "99.990000" : 0
          }
        },
        "lat_ns" : {
          "min" : 0,
          "max" : 0,
          "mean" : 0.000000,
          "stddev" : 0.000000
        },
        "bw_min" : 0,
        "bw_max" : 0,
        "bw_agg" : 0.000000,
        "bw_mean" : 0.000000,
        "bw_dev" : 0.000000,
        "bw_samples" : 0,
        "iops_min" : 0,
        "iops_max" : 0,
        "iops_mean" : 0.000000,
        "iops_stddev" : 0.000000,
        "iops_samples" : 0
      },
      "trim" : {
        "io_bytes" : 0,
        "io_kbytes" : 0,
        "bw_bytes" : 0,
        "bw" : 0,
        "iops" : 0.000000,
        "runtime" : 0,
        "total_ios" : 0,
        "short_ios" : 0,
        "drop_ios" : 0,
        "slat_ns" : {
          "min" : 0,
          "max" : 0,
          "mean" : 0.000000,
          "stddev" : 0.000000
        },
        "clat_ns" : {
          "min" : 0,
          "max" : 0,
          "mean" : 0.000000,
          "stddev" : 0.000000,
          "percentile" : {
            "1.000000" : 0,
            "5.000000" : 0,
            "10.000000" : 0,
            "20.000000" : 0,
            "30.000000" : 0,
            "40.000000" : 0,
            "50.000000" : 0,
            "60.000000" : 0,
            "70.000000" : 0,
            "80.000000" : 0,
            "90.000000" : 0,
            "95.000000" : 0,
            "99.000000" : 0,
            "99.500000" : 0,
            "99.900000" : 0,
            "99.950000" : 0,
            "99.990000" : 0
          }
        },
        "lat_ns" : {
          "min" : 0,
          "max" : 0,
          "mean" : 0.000000,
          "stddev" : 0.000000
        },
        "bw_min" : 0,
        "bw_max" : 0,
        "bw_agg" : 0.000000,
        "bw_mean" : 0.000000,
        "bw_dev" : 0.000000,
        "bw_samples" : 0,
        "iops_min" : 0,
        "iops_max" : 0,
        "iops_mean" : 0.000000,
        "iops_stddev" : 0.000000,
        "iops_samples" : 0
      },
      "sync" : {
        "lat_ns" : {
          "min" : 0,
          "max" : 0,
          "mean" : 0.000000,
          "stddev" : 0.000000,
          "percentile" : {
            "1.000000" : 0,
            "5.000000" : 0,
            "10.000000" : 0,
            "20.000000" : 0,
            "30.000000" : 0,
            "40.000000" : 0,
            "50.000000" : 0,
            "60.000000" : 0,
            "70.000000" : 0,
            "80.000000" : 0,
            "90.000000" : 0,
            "95.000000" : 0,
            "99.000000" : 0,
            "99.500000" : 0,
            "99.900000" : 0,
            "99.950000" : 0,
            "99.990000" : 0
          }
        },
        "total_ios" : 0
      },
      "usr_cpu" : 0.761584,
      "sys_cpu" : 1.206869,
      "ctx" : 1232450,
      "majf" : 0,
      "minf" : 1294,
      "iodepth_level" : {
        "1" : 0.100000,
        "2" : 0.100000,
        "4" : 0.100000,
        "8" : 0.100000,
        "16" : 99.964183,
        "32" : 0.000000,
        ">=64" : 0.000000
      },
      "latency_ns" : {
        "2" : 0.000000,
        "4" : 0.000000,
        "10" : 0.000000,
        "20" : 0.000000,
        "50" : 0.000000,
        "100" : 0.000000,
        "250" : 0.000000,
        "500" : 0.000000,
        "750" : 0.000000,
        "1000" : 0.000000
      },
      "latency_us" : {
        "2" : 0.000000,
        "4" : 0.000000,
        "10" : 0.000000,
        "20" : 0.000000,
        "50" : 0.000000,
        "100" : 0.000000,
        "250" : 0.000000,
        "500" : 0.150657,
        "750" : 0.930057,
        "1000" : 1.377102
      },
      "latency_ms" : {
        "2" : 4.635659,
        "4" : 10.478587,
        "10" : 28.181158,
        "20" : 25.198618,
        "50" : 18.310272,
        "100" : 8.944933,
        "250" : 1.450826,
        "500" : 0.339593,
        "750" : 0.010000,
        "1000" : 0.000000,
        "2000" : 0.000000,
        ">=2000" : 0.000000
      },
      "latency_depth" : 16,
      "latency_target" : 0,
      "latency_percentile" : 100.000000,
      "latency_window" : 0
    }
  ],
  "disk_util" : [
    {
      "name" : "rbd0",
      "read_ios" : 1340126,
      "write_ios" : 0,
      "read_merges" : 0,
      "write_merges" : 0,
      "read_ticks" : 14655172,
      "write_ticks" : 0,
      "in_queue" : 6649152,
      "util" : 92.280508
    }
  ]
}
