{
  "fio version" : "fio-3.1",
  "timestamp" : 1565349512,
  "timestamp_ms" : 1565349512316,
  "time" : "Fri Aug  9 13:18:32 2019",
  "jobs" : [
    {
      "jobname" : "random-read",
      "groupid" : 0,
      "error" : 0,
      "eta" : 0,
      "elapsed" : 61,
      "job options" : {
        "rw" : "randwrite",
        "bs" : "4k",
        "ioengine" : "libaio",
        "iodepth" : "2",
        "direct" : "1",
        "invalidate" : "1",
        "refill_buffers" : "1",
        "runtime" : "60",
        "numjobs" : "8",
        "group_reporting" : "1",
        "write_bw_log" : "random-read-depth-2",
        "write_lat_log" : "random-read-depth-2",
        "write_iops_log" : "random-read-depth-2",
        "log_avg_msec" : "500",
        "filename" : "/dev/sda"
      },
      "read" : {
        "io_bytes" : 0,
        "io_kbytes" : 0,
        "bw" : 0,
        "iops" : 0.000000,
        "runtime" : 0,
        "total_ios" : 0,
        "short_ios" : 0,
        "drop_ios" : 0,
        "slat_ns" : {
          "min" : 0,
          "max" : 0,
          "mean" : 0.000000,
          "stddev" : 0.000000
        },
        "clat_ns" : {
          "min" : 0,
          "max" : 0,
          "mean" : 0.000000,
          "stddev" : 0.000000,
          "percentile" : {
            "1.000000" : 0,
            "5.000000" : 0,
            "10.000000" : 0,
            "20.000000" : 0,
            "30.000000" : 0,
            "40.000000" : 0,
            "50.000000" : 0,
            "60.000000" : 0,
            "70.000000" : 0,
            "80.000000" : 0,
            "90.000000" : 0,
            "95.000000" : 0,
            "99.000000" : 0,
            "99.500000" : 0,
            "99.900000" : 0,
            "99.950000" : 0,
            "99.990000" : 0,
            "0.00" : 0,
            "0.00" : 0,
            "0.00" : 0
          }
        },
        "lat_ns" : {
          "min" : 0,
          "max" : 0,
          "mean" : 0.000000,
          "stddev" : 0.000000
        },
        "bw_min" : 0,
        "bw_max" : 0,
        "bw_agg" : 0.000000,
        "bw_mean" : 0.000000,
        "bw_dev" : 0.000000,
        "bw_samples" : 0,
        "iops_min" : 0,
        "iops_max" : 0,
        "iops_mean" : 0.000000,
        "iops_stddev" : 0.000000,
        "iops_samples" : 0
      },
      "write" : {
        "io_bytes" : 26693632,
        "io_kbytes" : 26068,
        "bw" : 433,
        "iops" : 108.488289,
        "runtime" : 60071,
        "total_ios" : 6517,
        "short_ios" : 0,
        "drop_ios" : 0,
        "slat_ns" : {
          "min" : 3950,
          "max" : 205905,
          "mean" : 49280.098665,
          "stddev" : 24654.186457
        },
        "clat_ns" : {
          "min" : 118469,
          "max" : 30822286248,
          "mean" : 146979010.776584,
          "stddev" : 1520036119.731297,
          "percentile" : {
            "1.000000" : 888832,
            "5.000000" : 14483456,
            "10.000000" : 22675456,
            "20.000000" : 33161216,
            "30.000000" : 43778048,
            "40.000000" : 53739520,
            "50.000000" : 64749568,
            "60.000000" : 76021760,
            "70.000000" : 86507520,
            "80.000000" : 100139008,
            "90.000000" : 120061952,
            "95.000000" : 147849216,
            "99.000000" : 312475648,
            "99.500000" : 371195904,
            "99.900000" : 17112760320,
            "99.950000" : 17112760320,
            "99.990000" : 17112760320,
            "0.00" : 0,
            "0.00" : 0,
            "0.00" : 0
          }
        },
        "lat_ns" : {
          "min" : 174262,
          "max" : 30822355717,
          "mean" : 147031516.710450,
          "stddev" : 1520036444.413641
        },
        "bw_min" : 32,
        "bw_max" : 210,
        "bw_agg" : 25.552413,
        "bw_mean" : 110.641949,
        "bw_dev" : 24.585588,
        "bw_samples" : 472,
        "iops_min" : 8,
        "iops_max" : 52,
        "iops_mean" : 27.542373,
        "iops_stddev" : 6.101260,
        "iops_samples" : 472
      },
      "trim" : {
        "io_bytes" : 0,
        "io_kbytes" : 0,
        "bw" : 0,
        "iops" : 0.000000,
        "runtime" : 0,
        "total_ios" : 0,
        "short_ios" : 0,
        "drop_ios" : 0,
        "slat_ns" : {
          "min" : 0,
          "max" : 0,
          "mean" : 0.000000,
          "stddev" : 0.000000
        },
        "clat_ns" : {
          "min" : 0,
          "max" : 0,
          "mean" : 0.000000,
          "stddev" : 0.000000,
          "percentile" : {
            "1.000000" : 0,
            "5.000000" : 0,
            "10.000000" : 0,
            "20.000000" : 0,
            "30.000000" : 0,
            "40.000000" : 0,
            "50.000000" : 0,
            "60.000000" : 0,
            "70.000000" : 0,
            "80.000000" : 0,
            "90.000000" : 0,
            "95.000000" : 0,
            "99.000000" : 0,
            "99.500000" : 0,
            "99.900000" : 0,
            "99.950000" : 0,
            "99.990000" : 0,
            "0.00" : 0,
            "0.00" : 0,
            "0.00" : 0
          }
        },
        "lat_ns" : {
          "min" : 0,
          "max" : 0,
          "mean" : 0.000000,
          "stddev" : 0.000000
        },
        "bw_min" : 0,
        "bw_max" : 0,
        "bw_agg" : 0.000000,
        "bw_mean" : 0.000000,
        "bw_dev" : 0.000000,
        "bw_samples" : 0,
        "iops_min" : 0,
        "iops_max" : 0,
        "iops_mean" : 0.000000,
        "iops_stddev" : 0.000000,
        "iops_samples" : 0
      },
      "usr_cpu" : 0.060783,
      "sys_cpu" : 0.121982,
      "ctx" : 6564,
      "majf" : 0,
      "minf" : 322,
      "iodepth_level" : {
        "1" : 0.122756,
        "2" : 99.877244,
        "4" : 0.000000,
        "8" : 0.000000,
        "16" : 0.000000,
        "32" : 0.000000,
        ">=64" : 0.000000
      },
      "latency_ns" : {
        "2" : 0.000000,
        "4" : 0.000000,
        "10" : 0.000000,
        "20" : 0.000000,
        "50" : 0.000000,
        "100" : 0.000000,
        "250" : 0.000000,
        "500" : 0.000000,
        "750" : 0.000000,
        "1000" : 0.000000
      },
      "latency_us" : {
        "2" : 0.000000,
        "4" : 0.000000,
        "10" : 0.000000,
        "20" : 0.000000,
        "50" : 0.000000,
        "100" : 0.000000,
        "250" : 0.030689,
        "500" : 0.291545,
        "750" : 0.414301,
        "1000" : 0.444990
      },
      "latency_ms" : {
        "2" : 1.273592,
        "4" : 0.521712,
        "10" : 0.429646,
        "20" : 4.802823,
        "50" : 28.157128,
        "100" : 43.271444,
        "250" : 18.812337,
        "500" : 1.242903,
        "750" : 0.061378,
        "1000" : 0.000000,
        "2000" : 0.000000,
        ">=2000" : 0.245512
      },
      "latency_depth" : 2,
      "latency_target" : 0,
      "latency_percentile" : 100.000000,
      "latency_window" : 0
    }
  ],
  "disk_util" : [
    {
      "name" : "sda",
      "read_ios" : 111,
      "write_ios" : 6474,
      "read_merges" : 9,
      "write_merges" : 0,
      "read_ticks" : 5574,
      "write_ticks" : 954101,
      "in_queue" : 960780,
      "util" : 100.000000
    }
  ]
}
