{
  "fio version" : "fio-3.1",
  "timestamp" : 1564913861,
  "timestamp_ms" : 1564913861049,
  "time" : "Sun Aug  4 12:17:41 2019",
  "jobs" : [
    {
      "jobname" : "random-read",
      "groupid" : 0,
      "error" : 0,
      "eta" : 0,
      "elapsed" : 61,
      "job options" : {
        "rw" : "randwrite",
        "bs" : "4k",
        "ioengine" : "libaio",
        "iodepth" : "64",
        "direct" : "1",
        "invalidate" : "1",
        "refill_buffers" : "1",
        "runtime" : "60",
        "numjobs" : "64",
        "group_reporting" : "1",
        "write_bw_log" : "random-read-depth-64",
        "write_lat_log" : "random-read-depth-64",
        "write_iops_log" : "random-read-depth-64",
        "log_avg_msec" : "500",
        "filename" : "/dev/sdb"
      },
      "read" : {
        "io_bytes" : 0,
        "io_kbytes" : 0,
        "bw" : 0,
        "iops" : 0.000000,
        "runtime" : 0,
        "total_ios" : 0,
        "short_ios" : 0,
        "drop_ios" : 0,
        "slat_ns" : {
          "min" : 0,
          "max" : 0,
          "mean" : 0.000000,
          "stddev" : 0.000000
        },
        "clat_ns" : {
          "min" : 0,
          "max" : 0,
          "mean" : 0.000000,
          "stddev" : 0.000000,
          "percentile" : {
            "1.000000" : 0,
            "5.000000" : 0,
            "10.000000" : 0,
            "20.000000" : 0,
            "30.000000" : 0,
            "40.000000" : 0,
            "50.000000" : 0,
            "60.000000" : 0,
            "70.000000" : 0,
            "80.000000" : 0,
            "90.000000" : 0,
            "95.000000" : 0,
            "99.000000" : 0,
            "99.500000" : 0,
            "99.900000" : 0,
            "99.950000" : 0,
            "99.990000" : 0,
            "0.00" : 0,
            "0.00" : 0,
            "0.00" : 0
          }
        },
        "lat_ns" : {
          "min" : 0,
          "max" : 0,
          "mean" : 0.000000,
          "stddev" : 0.000000
        },
        "bw_min" : 0,
        "bw_max" : 0,
        "bw_agg" : 0.000000,
        "bw_mean" : 0.000000,
        "bw_dev" : 0.000000,
        "bw_samples" : 0,
        "iops_min" : 0,
        "iops_max" : 0,
        "iops_mean" : 0.000000,
        "iops_stddev" : 0.000000,
        "iops_samples" : 0
      },
      "write" : {
        "io_bytes" : 1701466112,
        "io_kbytes" : 1661588,
        "bw" : 27676,
        "iops" : 6919.016606,
        "runtime" : 60037,
        "total_ios" : 415397,
        "short_ios" : 0,
        "drop_ios" : 0,
        "slat_ns" : {
          "min" : 2384,
          "max" : 309409524,
          "mean" : 9239854.100071,
          "stddev" : 45133332.573480
        },
        "clat_ns" : {
          "min" : 5006365,
          "max" : 1471112904,
          "mean" : 579796399.615094,
          "stddev" : 158718010.736661,
          "percentile" : {
            "1.000000" : 240123904,
            "5.000000" : 400556032,
            "10.000000" : 425721856,
            "20.000000" : 450887680,
            "30.000000" : 467664896,
            "40.000000" : 488636416,
            "50.000000" : 517996544,
            "60.000000" : 633339904,
            "70.000000" : 675282944,
            "80.000000" : 708837376,
            "90.000000" : 767557632,
            "95.000000" : 893386752,
            "99.000000" : 994050048,
            "99.500000" : 1061158912,
            "99.900000" : 1216348160,
            "99.950000" : 1249902592,
            "99.990000" : 1400897536,
            "0.00" : 0,
            "0.00" : 0,
            "0.00" : 0
          }
        },
        "lat_ns" : {
          "min" : 5042176,
          "max" : 1654110894,
          "mean" : 589036550.082648,
          "stddev" : 158200150.114866
        },
        "bw_min" : 8,
        "bw_max" : 782,
        "bw_agg" : 1.568749,
        "bw_mean" : 434.167038,
        "bw_dev" : 128.317349,
        "bw_samples" : 7633,
        "iops_min" : 2,
        "iops_max" : 195,
        "iops_mean" : 108.287305,
        "iops_stddev" : 32.089038,
        "iops_samples" : 7633
      },
      "trim" : {
        "io_bytes" : 0,
        "io_kbytes" : 0,
        "bw" : 0,
        "iops" : 0.000000,
        "runtime" : 0,
        "total_ios" : 0,
        "short_ios" : 0,
        "drop_ios" : 0,
        "slat_ns" : {
          "min" : 0,
          "max" : 0,
          "mean" : 0.000000,
          "stddev" : 0.000000
        },
        "clat_ns" : {
          "min" : 0,
          "max" : 0,
          "mean" : 0.000000,
          "stddev" : 0.000000,
          "percentile" : {
            "1.000000" : 0,
            "5.000000" : 0,
            "10.000000" : 0,
            "20.000000" : 0,
            "30.000000" : 0,
            "40.000000" : 0,
            "50.000000" : 0,
            "60.000000" : 0,
            "70.000000" : 0,
            "80.000000" : 0,
            "90.000000" : 0,
            "95.000000" : 0,
            "99.000000" : 0,
            "99.500000" : 0,
            "99.900000" : 0,
            "99.950000" : 0,
            "99.990000" : 0,
            "0.00" : 0,
            "0.00" : 0,
            "0.00" : 0
          }
        },
        "lat_ns" : {
          "min" : 0,
          "max" : 0,
          "mean" : 0.000000,
          "stddev" : 0.000000
        },
        "bw_min" : 0,
        "bw_max" : 0,
        "bw_agg" : 0.000000,
        "bw_mean" : 0.000000,
        "bw_dev" : 0.000000,
        "bw_samples" : 0,
        "iops_min" : 0,
        "iops_max" : 0,
        "iops_mean" : 0.000000,
        "iops_stddev" : 0.000000,
        "iops_samples" : 0
      },
      "usr_cpu" : 0.054713,
      "sys_cpu" : 0.070487,
      "ctx" : 17252,
      "majf" : 0,
      "minf" : 1429,
      "iodepth_level" : {
        "1" : 0.100000,
        "2" : 0.100000,
        "4" : 0.100000,
        "8" : 0.123256,
        "16" : 0.246511,
        "32" : 0.493022,
        ">=64" : 99.029362
      },
      "latency_ns" : {
        "2" : 0.000000,
        "4" : 0.000000,
        "10" : 0.000000,
        "20" : 0.000000,
        "50" : 0.000000,
        "100" : 0.000000,
        "250" : 0.000000,
        "500" : 0.000000,
        "750" : 0.000000,
        "1000" : 0.000000
      },
      "latency_us" : {
        "2" : 0.000000,
        "4" : 0.000000,
        "10" : 0.000000,
        "20" : 0.000000,
        "50" : 0.000000,
        "100" : 0.000000,
        "250" : 0.000000,
        "500" : 0.000000,
        "750" : 0.000000,
        "1000" : 0.000000
      },
      "latency_ms" : {
        "2" : 0.000000,
        "4" : 0.000000,
        "10" : 0.010000,
        "20" : 0.018055,
        "50" : 0.061869,
        "100" : 0.092442,
        "250" : 0.999526,
        "500" : 42.697708,
        "750" : 44.553523,
        "1000" : 10.612498,
        "2000" : 0.962934,
        ">=2000" : 0.000000
      },
      "latency_depth" : 64,
      "latency_target" : 0,
      "latency_percentile" : 100.000000,
      "latency_window" : 0
    }
  ],
  "disk_util" : [
    {
      "name" : "sdb",
      "read_ios" : 26,
      "write_ios" : 413721,
      "read_merges" : 0,
      "write_merges" : 1,
      "read_ticks" : 4,
      "write_ticks" : 9495528,
      "in_queue" : 9499168,
      "util" : 99.839808
    }
  ]
}
