{
  "fio version" : "fio-3.1",
  "timestamp" : 1574886488,
  "timestamp_ms" : 1574886488419,
  "time" : "Wed Nov 27 21:28:08 2019",
  "jobs" : [
    {
      "jobname" : "iotest",
      "groupid" : 0,
      "error" : 0,
      "eta" : 0,
      "elapsed" : 301,
      "job options" : {
        "rw" : "randwrite",
        "bs" : "4k",
        "ioengine" : "libaio",
        "iodepth" : "32",
        "direct" : "1",
        "invalidate" : "1",
        "refill_buffers" : "1",
        "runtime" : "300",
        "numjobs" : "32",
        "group_reporting" : "1",
        "write_bw_log" : "randwrite-iodepth-32-numjobs-32",
        "write_lat_log" : "randwrite-iodepth-32-numjobs-32",
        "write_iops_log" : "randwrite-iodepth-32-numjobs-32",
        "log_avg_msec" : "1000",
        "filename" : "/dev/md0"
      },
      "read" : {
        "io_bytes" : 0,
        "io_kbytes" : 0,
        "bw" : 0,
        "iops" : 0.000000,
        "runtime" : 0,
        "total_ios" : 0,
        "short_ios" : 0,
        "drop_ios" : 0,
        "slat_ns" : {
          "min" : 0,
          "max" : 0,
          "mean" : 0.000000,
          "stddev" : 0.000000
        },
        "clat_ns" : {
          "min" : 0,
          "max" : 0,
          "mean" : 0.000000,
          "stddev" : 0.000000,
          "percentile" : {
            "1.000000" : 0,
            "5.000000" : 0,
            "10.000000" : 0,
            "20.000000" : 0,
            "30.000000" : 0,
            "40.000000" : 0,
            "50.000000" : 0,
            "60.000000" : 0,
            "70.000000" : 0,
            "80.000000" : 0,
            "90.000000" : 0,
            "95.000000" : 0,
            "99.000000" : 0,
            "99.500000" : 0,
            "99.900000" : 0,
            "99.950000" : 0,
            "99.990000" : 0,
            "0.00" : 0,
            "0.00" : 0,
            "0.00" : 0
          }
        },
        "lat_ns" : {
          "min" : 0,
          "max" : 0,
          "mean" : 0.000000,
          "stddev" : 0.000000
        },
        "bw_min" : 0,
        "bw_max" : 0,
        "bw_agg" : 0.000000,
        "bw_mean" : 0.000000,
        "bw_dev" : 0.000000,
        "bw_samples" : 0,
        "iops_min" : 0,
        "iops_max" : 0,
        "iops_mean" : 0.000000,
        "iops_stddev" : 0.000000,
        "iops_samples" : 0
      },
      "write" : {
        "io_bytes" : 201427652608,
        "io_kbytes" : 196706692,
        "bw" : 655669,
        "iops" : 163917.325814,
        "runtime" : 300009,
        "total_ios" : 49176673,
        "short_ios" : 0,
        "drop_ios" : 0,
        "slat_ns" : {
          "min" : 2144,
          "max" : 22750925,
          "mean" : 188094.906598,
          "stddev" : 1076360.774710
        },
        "clat_ns" : {
          "min" : 1251,
          "max" : 23335340,
          "mean" : 6056165.093280,
          "stddev" : 2319800.344887,
          "percentile" : {
            "1.000000" : 175104,
            "5.000000" : 244736,
            "10.000000" : 481280,
            "20.000000" : 5931008,
            "30.000000" : 6258688,
            "40.000000" : 6455296,
            "50.000000" : 6586368,
            "60.000000" : 6782976,
            "70.000000" : 6979584,
            "80.000000" : 7241728,
            "90.000000" : 7700480,
            "95.000000" : 8290304,
            "99.000000" : 10813440,
            "99.500000" : 11862016,
            "99.900000" : 13828096,
            "99.950000" : 14614528,
            "99.990000" : 17170432,
            "0.00" : 0,
            "0.00" : 0,
            "0.00" : 0
          }
        },
        "lat_ns" : {
          "min" : 46766,
          "max" : 30504332,
          "mean" : 6244451.555792,
          "stddev" : 2627981.565643
        },
        "bw_min" : 17444,
        "bw_max" : 25917,
        "bw_agg" : 3.134934,
        "bw_mean" : 20554.788542,
        "bw_dev" : 1105.322332,
        "bw_samples" : 9600,
        "iops_min" : 4361,
        "iops_max" : 6479,
        "iops_mean" : 5138.481771,
        "iops_stddev" : 276.329518,
        "iops_samples" : 9600
      },
      "trim" : {
        "io_bytes" : 0,
        "io_kbytes" : 0,
        "bw" : 0,
        "iops" : 0.000000,
        "runtime" : 0,
        "total_ios" : 0,
        "short_ios" : 0,
        "drop_ios" : 0,
        "slat_ns" : {
          "min" : 0,
          "max" : 0,
          "mean" : 0.000000,
          "stddev" : 0.000000
        },
        "clat_ns" : {
          "min" : 0,
          "max" : 0,
          "mean" : 0.000000,
          "stddev" : 0.000000,
          "percentile" : {
            "1.000000" : 0,
            "5.000000" : 0,
            "10.000000" : 0,
            "20.000000" : 0,
            "30.000000" : 0,
            "40.000000" : 0,
            "50.000000" : 0,
            "60.000000" : 0,
            "70.000000" : 0,
            "80.000000" : 0,
            "90.000000" : 0,
            "95.000000" : 0,
            "99.000000" : 0,
            "99.500000" : 0,
            "99.900000" : 0,
            "99.950000" : 0,
            "99.990000" : 0,
            "0.00" : 0,
            "0.00" : 0,
            "0.00" : 0
          }
        },
        "lat_ns" : {
          "min" : 0,
          "max" : 0,
          "mean" : 0.000000,
          "stddev" : 0.000000
        },
        "bw_min" : 0,
        "bw_max" : 0,
        "bw_agg" : 0.000000,
        "bw_mean" : 0.000000,
        "bw_dev" : 0.000000,
        "bw_samples" : 0,
        "iops_min" : 0,
        "iops_max" : 0,
        "iops_mean" : 0.000000,
        "iops_stddev" : 0.000000,
        "iops_samples" : 0
      },
      "usr_cpu" : 1.551825,
      "sys_cpu" : 2.694696,
      "ctx" : 3775339,
      "majf" : 0,
      "minf" : 479004,
      "iodepth_level" : {
        "1" : 0.100000,
        "2" : 0.100000,
        "4" : 0.100000,
        "8" : 0.100000,
        "16" : 0.100000,
        "32" : 99.997983,
        ">=64" : 0.000000
      },
      "latency_ns" : {
        "2" : 0.000000,
        "4" : 0.000000,
        "10" : 0.000000,
        "20" : 0.000000,
        "50" : 0.000000,
        "100" : 0.000000,
        "250" : 0.000000,
        "500" : 0.000000,
        "750" : 0.000000,
        "1000" : 0.000000
      },
      "latency_us" : {
        "2" : 0.010000,
        "4" : 0.000000,
        "10" : 0.000000,
        "20" : 0.000000,
        "50" : 0.010000,
        "100" : 0.082858,
        "250" : 5.067885,
        "500" : 5.055100,
        "750" : 1.134227,
        "1000" : 0.311387
      },
      "latency_ms" : {
        "2" : 0.254647,
        "4" : 0.702040,
        "10" : 85.909746,
        "20" : 1.476009,
        "50" : 0.010000,
        "100" : 0.000000,
        "250" : 0.000000,
        "500" : 0.000000,
        "750" : 0.000000,
        "1000" : 0.000000,
        "2000" : 0.000000,
        ">=2000" : 0.000000
      },
      "latency_depth" : 32,
      "latency_target" : 0,
      "latency_percentile" : 100.000000,
      "latency_window" : 0
    }
  ],
  "disk_util" : [
    {
      "name" : "md0",
      "read_ios" : 309,
      "write_ios" : 49175580,
      "read_merges" : 0,
      "write_merges" : 0,
      "read_ticks" : 0,
      "write_ticks" : 0,
      "in_queue" : 0,
      "util" : 0.000000,
      "aggr_read_ios" : 150,
      "aggr_write_ios" : 12294167,
      "aggr_read_merges" : 5,
      "aggr_write_merge" : 0,
      "aggr_read_ticks" : 69,
      "aggr_write_ticks" : 16157887,
      "aggr_in_queue" : 16177375,
      "aggr_util" : 100.000000
    },
    {
      "name" : "sdd",
      "read_ios" : 64,
      "write_ios" : 12072257,
      "read_merges" : 0,
      "write_merges" : 0,
      "read_ticks" : 0,
      "write_ticks" : 6473184,
      "in_queue" : 6479064,
      "util" : 94.186512
    },
    {
      "name" : "sdb",
      "read_ios" : 407,
      "write_ios" : 12957584,
      "read_merges" : 20,
      "write_merges" : 0,
      "read_ticks" : 276,
      "write_ticks" : 41869552,
      "in_queue" : 41919220,