{
  "fio version" : "fio-3.1",
  "timestamp" : 1574869945,
  "timestamp_ms" : 1574869945825,
  "time" : "Wed Nov 27 16:52:25 2019",
  "jobs" : [
    {
      "jobname" : "iotest",
      "groupid" : 0,
      "error" : 0,
      "eta" : 0,
      "elapsed" : 301,
      "job options" : {
        "rw" : "randread",
        "bs" : "4k",
        "ioengine" : "libaio",
        "iodepth" : "16",
        "direct" : "1",
        "invalidate" : "1",
        "refill_buffers" : "1",
        "runtime" : "300",
        "numjobs" : "64",
        "group_reporting" : "1",
        "write_bw_log" : "randread-iodepth-16-numjobs-64",
        "write_lat_log" : "randread-iodepth-16-numjobs-64",
        "write_iops_log" : "randread-iodepth-16-numjobs-64",
        "log_avg_msec" : "1000",
        "filename" : "/dev/md0"
      },
      "read" : {
        "io_bytes" : 250415857664,
        "io_kbytes" : 244546736,
        "bw" : 814911,
        "iops" : 203727.828318,
        "runtime" : 300090,
        "total_ios" : 61136684,
        "short_ios" : 0,
        "drop_ios" : 0,
        "slat_ns" : {
          "min" : 2100,
          "max" : 24195227,
          "mean" : 290393.469840,
          "stddev" : 1690860.271505
        },
        "clat_ns" : {
          "min" : 1357,
          "max" : 63681923,
          "mean" : 4731844.856477,
          "stddev" : 5220414.236874,
          "percentile" : {
            "1.000000" : 102912,
            "5.000000" : 158720,
            "10.000000" : 193536,
            "20.000000" : 246784,
            "30.000000" : 301056,
            "40.000000" : 370688,
            "50.000000" : 493568,
            "60.000000" : 9502720,
            "70.000000" : 10420224,
            "80.000000" : 10944512,
            "90.000000" : 11337728,
            "95.000000" : 11730944,
            "99.000000" : 12517376,
            "99.500000" : 12910592,
            "99.900000" : 14221312,
            "99.950000" : 16318464,
            "99.990000" : 20578304,
            "0.00" : 0,
            "0.00" : 0,
            "0.00" : 0
          }
        },
        "lat_ns" : {
          "min" : 48499,
          "max" : 63698114,
          "mean" : 5022476.178335,
          "stddev" : 5799208.737003
        },
        "bw_min" : 11199,
        "bw_max" : 18062,
        "bw_agg" : 1.568651,
        "bw_mean" : 12783.107532,
        "bw_dev" : 276.246400,
        "bw_samples" : 19185,
        "iops_min" : 2799,
        "iops_max" : 4515,
        "iops_mean" : 3195.539745,
        "iops_stddev" : 69.024030,
        "iops_samples" : 19185
      },
      "write" : {
        "io_bytes" : 0,
        "io_kbytes" : 0,
        "bw" : 0,
        "iops" : 0.000000,
        "runtime" : 0,
        "total_ios" : 0,
        "short_ios" : 0,
        "drop_ios" : 0,
        "slat_ns" : {
          "min" : 0,
          "max" : 0,
          "mean" : 0.000000,
          "stddev" : 0.000000
        },
        "clat_ns" : {
          "min" : 0,
          "max" : 0,
          "mean" : 0.000000,
          "stddev" : 0.000000,
          "percentile" : {
            "1.000000" : 0,
            "5.000000" : 0,
            "10.000000" : 0,
            "20.000000" : 0,
            "30.000000" : 0,
            "40.000000" : 0,
            "50.000000" : 0,
            "60.000000" : 0,
            "70.000000" : 0,
            "80.000000" : 0,
            "90.000000" : 0,
            "95.000000" : 0,
            "99.000000" : 0,
            "99.500000" : 0,
            "99.900000" : 0,
            "99.950000" : 0,
            "99.990000" : 0,
            "0.00" : 0,
            "0.00" : 0,
            "0.00" : 0
          }
        },
        "lat_ns" : {
          "min" : 0,
          "max" : 0,
          "mean" : 0.000000,
          "stddev" : 0.000000
        },
        "bw_min" : 0,
        "bw_max" : 0,
        "bw_agg" : 0.000000,
        "bw_mean" : 0.000000,
        "bw_dev" : 0.000000,
        "bw_samples" : 0,
        "iops_min" : 0,
        "iops_max" : 0,
        "iops_mean" : 0.000000,
        "iops_stddev" : 0.000000,
        "iops_samples" : 0
      },
      "trim" : {
        "io_bytes" : 0,
        "io_kbytes" : 0,
        "bw" : 0,
        "iops" : 0.000000,
        "runtime" : 0,
        "total_ios" : 0,
        "short_ios" : 0,
        "drop_ios" : 0,
        "slat_ns" : {
          "min" : 0,
          "max" : 0,
          "mean" : 0.000000,
          "stddev" : 0.000000
        },
        "clat_ns" : {
          "min" : 0,
          "max" : 0,
          "mean" : 0.000000,
          "stddev" : 0.000000,
          "percentile" : {
            "1.000000" : 0,
            "5.000000" : 0,
            "10.000000" : 0,
            "20.000000" : 0,
            "30.000000" : 0,
            "40.000000" : 0,
            "50.000000" : 0,
            "60.000000" : 0,
            "70.000000" : 0,
            "80.000000" : 0,
            "90.000000" : 0,
            "95.000000" : 0,
            "99.000000" : 0,
            "99.500000" : 0,
            "99.900000" : 0,
            "99.950000" : 0,
            "99.990000" : 0,
            "0.00" : 0,
            "0.00" : 0,
            "0.00" : 0
          }
        },
        "lat_ns" : {
          "min" : 0,
          "max" : 0,
          "mean" : 0.000000,
          "stddev" : 0.000000
        },
        "bw_min" : 0,
        "bw_max" : 0,
        "bw_agg" : 0.000000,
        "bw_mean" : 0.000000,
        "bw_dev" : 0.000000,
        "bw_samples" : 0,
        "iops_min" : 0,
        "iops_max" : 0,
        "iops_mean" : 0.000000,
        "iops_stddev" : 0.000000,
        "iops_samples" : 0
      },
      "usr_cpu" : 1.029629,
      "sys_cpu" : 2.717135,
      "ctx" : 20575477,
      "majf" : 0,
      "minf" : 4152876,
      "iodepth_level" : {
        "1" : 0.100000,
        "2" : 0.100000,
        "4" : 0.100000,
        "8" : 0.100000,
        "16" : 99.998430,
        "32" : 0.000000,
        ">=64" : 0.000000
      },
      "latency_ns" : {
        "2" : 0.000000,
        "4" : 0.000000,
        "10" : 0.000000,
        "20" : 0.000000,
        "50" : 0.000000,
        "100" : 0.000000,
        "250" : 0.000000,
        "500" : 0.000000,
        "750" : 0.000000,
        "1000" : 0.000000
      },
      "latency_us" : {
        "2" : 0.010000,
        "4" : 0.010000,
        "10" : 0.010000,
        "20" : 0.010000,
        "50" : 0.010000,
        "100" : 0.875240,
        "250" : 19.684936,
        "500" : 29.780045,
        "750" : 5.571272,
        "1000" : 1.035243
      },
      "latency_ms" : {
        "2" : 0.407956,
        "4" : 1.278084,
        "10" : 4.169101,
        "20" : 37.182125,
        "50" : 0.013682,
        "100" : 0.010000,
        "250" : 0.000000,
        "500" : 0.000000,
        "750" : 0.000000,
        "1000" : 0.000000,
        "2000" : 0.000000,
        ">=2000" : 0.000000
      },
      "latency_depth" : 16,
      "latency_target" : 0,
      "latency_percentile" : 100.000000,
      "latency_window" : 0
    }
  ],
  "disk_util" : [
    {
      "name" : "md0",
      "read_ios" : 61121691,
      "write_ios" : 0,
      "read_merges" : 0,
      "write_merges" : 0,
      "read_ticks" : 0,
      "write_ticks" : 0,
      "in_queue" : 0,
      "util" : 0.000000,
      "aggr_read_ios" : 15284170,
      "aggr_write_ios" : 0,
      "aggr_read_merges" : 0,
      "aggr_write_merge" : 0,
      "aggr_read_ticks" : 14217977,
      "aggr_write_ticks" : 0,
      "aggr_in_queue" : 14246216,
      "aggr_util" : 100.000000
    },
    {
      "name" : "sdd",
      "read_ios" : 15015881,
      "write_ios" : 0,
      "read_merges" : 0,
      "write_merges" : 0,
      "read_ticks" : 40543124,
      "write_ticks" : 0,
      "in_queue" : 40629908,
      "util" : 100.000000
    },
    {
      "name" : "sdb",
      "read_ios" : 16077450,
      "write_ios" : 0,
      "read_merges" : 0,
      "write_merges" : 0,
      "read_ticks" : 5679596,
      "write_ticks" : 0,
      "in_queue" : 5688900,