{
  "fio version" : "fio-3.1",
  "timestamp" : 1574869344,
  "timestamp_ms" : 1574869344039,
  "time" : "Wed Nov 27 16:42:24 2019",
  "jobs" : [
    {
      "jobname" : "iotest",
      "groupid" : 0,
      "error" : 0,
      "eta" : 0,
      "elapsed" : 301,
      "job options" : {
        "rw" : "randread",
        "bs" : "4k",
        "ioengine" : "libaio",
        "iodepth" : "16",
        "direct" : "1",
        "invalidate" : "1",
        "refill_buffers" : "1",
        "runtime" : "300",
        "numjobs" : "16",
        "group_reporting" : "1",
        "write_bw_log" : "randread-iodepth-16-numjobs-16",
        "write_lat_log" : "randread-iodepth-16-numjobs-16",
        "write_iops_log" : "randread-iodepth-16-numjobs-16",
        "log_avg_msec" : "1000",
        "filename" : "/dev/md0"
      },
      "read" : {
        "io_bytes" : 251376074752,
        "io_kbytes" : 245484448,
        "bw" : 818270,
        "iops" : 204567.645765,
        "runtime" : 300004,
        "total_ios" : 61371112,
        "short_ios" : 0,
        "drop_ios" : 0,
        "slat_ns" : {
          "min" : 2121,
          "max" : 4952616,
          "mean" : 51411.363210,
          "stddev" : 281730.557946
        },
        "clat_ns" : {
          "min" : 1217,
          "max" : 6935962,
          "mean" : 1198173.536268,
          "stddev" : 1147322.759698,
          "percentile" : {
            "1.000000" : 97792,
            "5.000000" : 150528,
            "10.000000" : 185344,
            "20.000000" : 232448,
            "30.000000" : 280576,
            "40.000000" : 337920,
            "50.000000" : 436224,
            "60.000000" : 1253376,
            "70.000000" : 2056192,
            "80.000000" : 2637824,
            "90.000000" : 2801664,
            "95.000000" : 3031040,
            "99.000000" : 3883008,
            "99.500000" : 4292608,
            "99.900000" : 4816896,
            "99.950000" : 4947968,
            "99.990000" : 5210112,
            "0.00" : 0,
            "0.00" : 0,
            "0.00" : 0
          }
        },
        "lat_ns" : {
          "min" : 48426,
          "max" : 8421930,
          "mean" : 1249825.051287,
          "stddev" : 1244333.112644
        },
        "bw_min" : 49592,
        "bw_max" : 53002,
        "bw_agg" : 6.268842,
        "bw_mean" : 51296.055417,
        "bw_dev" : 444.755528,
        "bw_samples" : 4800,
        "iops_min" : 12398,
        "iops_max" : 13250,
        "iops_mean" : 12823.761875,
        "iops_stddev" : 111.140638,
        "iops_samples" : 4800
      },
      "write" : {
        "io_bytes" : 0,
        "io_kbytes" : 0,
        "bw" : 0,
        "iops" : 0.000000,
        "runtime" : 0,
        "total_ios" : 0,
        "short_ios" : 0,
        "drop_ios" : 0,
        "slat_ns" : {
          "min" : 0,
          "max" : 0,
          "mean" : 0.000000,
          "stddev" : 0.000000
        },
        "clat_ns" : {
          "min" : 0,
          "max" : 0,
          "mean" : 0.000000,
          "stddev" : 0.000000,
          "percentile" : {
            "1.000000" : 0,
            "5.000000" : 0,
            "10.000000" : 0,
            "20.000000" : 0,
            "30.000000" : 0,
            "40.000000" : 0,
            "50.000000" : 0,
            "60.000000" : 0,
            "70.000000" : 0,
            "80.000000" : 0,
            "90.000000" : 0,
            "95.000000" : 0,
            "99.000000" : 0,
            "99.500000" : 0,
            "99.900000" : 0,
            "99.950000" : 0,
            "99.990000" : 0,
            "0.00" : 0,
            "0.00" : 0,
            "0.00" : 0
          }
        },
        "lat_ns" : {
          "min" : 0,
          "max" : 0,
          "mean" : 0.000000,
          "stddev" : 0.000000
        },
        "bw_min" : 0,
        "bw_max" : 0,
        "bw_agg" : 0.000000,
        "bw_mean" : 0.000000,
        "bw_dev" : 0.000000,
        "bw_samples" : 0,
        "iops_min" : 0,
        "iops_max" : 0,
        "iops_mean" : 0.000000,
        "iops_stddev" : 0.000000,
        "iops_samples" : 0
      },
      "trim" : {
        "io_bytes" : 0,
        "io_kbytes" : 0,
        "bw" : 0,
        "iops" : 0.000000,
        "runtime" : 0,
        "total_ios" : 0,
        "short_ios" : 0,
        "drop_ios" : 0,
        "slat_ns" : {
          "min" : 0,
          "max" : 0,
          "mean" : 0.000000,
          "stddev" : 0.000000
        },
        "clat_ns" : {
          "min" : 0,
          "max" : 0,
          "mean" : 0.000000,
          "stddev" : 0.000000,
          "percentile" : {
            "1.000000" : 0,
            "5.000000" : 0,
            "10.000000" : 0,
            "20.000000" : 0,
            "30.000000" : 0,
            "40.000000" : 0,
            "50.000000" : 0,
            "60.000000" : 0,
            "70.000000" : 0,
            "80.000000" : 0,
            "90.000000" : 0,
            "95.000000" : 0,
            "99.000000" : 0,
            "99.500000" : 0,
            "99.900000" : 0,
            "99.950000" : 0,
            "99.990000" : 0,
            "0.00" : 0,
            "0.00" : 0,
            "0.00" : 0
          }
        },
        "lat_ns" : {
          "min" : 0,
          "max" : 0,
          "mean" : 0.000000,
          "stddev" : 0.000000
        },
        "bw_min" : 0,
        "bw_max" : 0,
        "bw_agg" : 0.000000,
        "bw_mean" : 0.000000,
        "bw_dev" : 0.000000,
        "bw_samples" : 0,
        "iops_min" : 0,
        "iops_max" : 0,
        "iops_mean" : 0.000000,
        "iops_stddev" : 0.000000,
        "iops_samples" : 0
      },
      "usr_cpu" : 4.144205,
      "sys_cpu" : 9.973358,
      "ctx" : 24663293,
      "majf" : 0,
      "minf" : 188202,
      "iodepth_level" : {
        "1" : 0.100000,
        "2" : 0.100000,
        "4" : 0.100000,
        "8" : 0.100000,
        "16" : 99.999609,
        "32" : 0.000000,
        ">=64" : 0.000000
      },
      "latency_ns" : {
        "2" : 0.000000,
        "4" : 0.000000,
        "10" : 0.000000,
        "20" : 0.000000,
        "50" : 0.000000,
        "100" : 0.000000,
        "250" : 0.000000,
        "500" : 0.000000,
        "750" : 0.000000,
        "1000" : 0.000000
      },
      "latency_us" : {
        "2" : 0.010000,
        "4" : 0.000000,
        "10" : 0.010000,
        "20" : 0.010000,
        "50" : 0.010000,
        "100" : 1.101720,
        "250" : 22.828689,
        "500" : 29.435008,
        "750" : 4.422338,
        "1000" : 1.087342
      },
      "latency_ms" : {
        "2" : 10.169439,
        "4" : 30.144543,
        "10" : 0.808126,
        "20" : 0.000000,
        "50" : 0.000000,
        "100" : 0.000000,
        "250" : 0.000000,
        "500" : 0.000000,
        "750" : 0.000000,
        "1000" : 0.000000,
        "2000" : 0.000000,
        ">=2000" : 0.000000
      },
      "latency_depth" : 16,
      "latency_target" : 0,
      "latency_percentile" : 100.000000,
      "latency_window" : 0
    }
  ],
  "disk_util" : [
    {
      "name" : "md0",
      "read_ios" : 61331549,
      "write_ios" : 0,
      "read_merges" : 0,
      "write_merges" : 0,
      "read_ticks" : 0,
      "write_ticks" : 0,
      "in_queue" : 0,
      "util" : 0.000000,
      "aggr_read_ios" : 15342778,
      "aggr_write_ios" : 0,
      "aggr_read_merges" : 0,
      "aggr_write_merge" : 0,
      "aggr_read_ticks" : 13550186,
      "aggr_write_ticks" : 0,
      "aggr_in_queue" : 13577913,
      "aggr_util" : 100.000000
    },
    {
      "name" : "sdd",
      "read_ios" : 15033673,
      "write_ios" : 0,
      "read_merges" : 0,
      "write_merges" : 0,
      "read_ticks" : 39996160,
      "write_ticks" : 0,
      "in_queue" : 40074040,
      "util" : 100.000000
    },
    {
      "name" : "sdb",
      "read_ios" : 16281801,
      "write_ios" : 0,
      "read_merges" : 0,
      "write_merges" : 0,
      "read_ticks" : 4863180,
      "write_ticks" : 0,
      "in_queue" : 4873040,