{
  "fio version" : "fio-3.1",
  "timestamp" : 1574867840,
  "timestamp_ms" : 1574867840352,
  "time" : "Wed Nov 27 16:17:20 2019",
  "jobs" : [
    {
      "jobname" : "iotest",
      "groupid" : 0,
      "error" : 0,
      "eta" : 0,
      "elapsed" : 301,
      "job options" : {
        "rw" : "randread",
        "bs" : "4k",
        "ioengine" : "libaio",
        "iodepth" : "8",
        "direct" : "1",
        "invalidate" : "1",
        "refill_buffers" : "1",
        "runtime" : "300",
        "numjobs" : "64",
        "group_reporting" : "1",
        "write_bw_log" : "randread-iodepth-8-numjobs-64",
        "write_lat_log" : "randread-iodepth-8-numjobs-64",
        "write_iops_log" : "randread-iodepth-8-numjobs-64",
        "log_avg_msec" : "1000",
        "filename" : "/dev/md0"
      },
      "read" : {
        "io_bytes" : 250473676800,
        "io_kbytes" : 244603200,
        "bw" : 815129,
        "iops" : 203782.337318,
        "runtime" : 300079,
        "total_ios" : 61150800,
        "short_ios" : 0,
        "drop_ios" : 0,
        "slat_ns" : {
          "min" : 2066,
          "max" : 80748596,
          "mean" : 228195.886443,
          "stddev" : 1320037.254695
        },
        "clat_ns" : {
          "min" : 1300,
          "max" : 81916537,
          "mean" : 2280818.538296,
          "stddev" : 3437896.427284,
          "percentile" : {
            "1.000000" : 92672,
            "5.000000" : 142336,
            "10.000000" : 171008,
            "20.000000" : 211968,
            "30.000000" : 246784,
            "40.000000" : 288768,
            "50.000000" : 346112,
            "60.000000" : 448512,
            "70.000000" : 2539520,
            "80.000000" : 2834432,
            "90.000000" : 8847360,
            "95.000000" : 9895936,
            "99.000000" : 10944512,
            "99.500000" : 11206656,
            "99.900000" : 11730944,
            "99.950000" : 11862016,
            "99.990000" : 12255232,
            "0.00" : 0,
            "0.00" : 0,
            "0.00" : 0
          }
        },
        "lat_ns" : {
          "min" : 49736,
          "max" : 83752562,
          "mean" : 2509278.372146,
          "stddev" : 3768329.855751
        },
        "bw_min" : 11301,
        "bw_max" : 15247,
        "bw_agg" : 1.567704,
        "bw_mean" : 12778.813226,
        "bw_dev" : 242.580354,
        "bw_samples" : 19189,
        "iops_min" : 2825,
        "iops_max" : 3811,
        "iops_mean" : 3194.445880,
        "iops_stddev" : 60.629772,
        "iops_samples" : 19189
      },
      "write" : {
        "io_bytes" : 0,
        "io_kbytes" : 0,
        "bw" : 0,
        "iops" : 0.000000,
        "runtime" : 0,
        "total_ios" : 0,
        "short_ios" : 0,
        "drop_ios" : 0,
        "slat_ns" : {
          "min" : 0,
          "max" : 0,
          "mean" : 0.000000,
          "stddev" : 0.000000
        },
        "clat_ns" : {
          "min" : 0,
          "max" : 0,
          "mean" : 0.000000,
          "stddev" : 0.000000,
          "percentile" : {
            "1.000000" : 0,
            "5.000000" : 0,
            "10.000000" : 0,
            "20.000000" : 0,
            "30.000000" : 0,
            "40.000000" : 0,
            "50.000000" : 0,
            "60.000000" : 0,
            "70.000000" : 0,
            "80.000000" : 0,
            "90.000000" : 0,
            "95.000000" : 0,
            "99.000000" : 0,
            "99.500000" : 0,
            "99.900000" : 0,
            "99.950000" : 0,
            "99.990000" : 0,
            "0.00" : 0,
            "0.00" : 0,
            "0.00" : 0
          }
        },
        "lat_ns" : {
          "min" : 0,
          "max" : 0,
          "mean" : 0.000000,
          "stddev" : 0.000000
        },
        "bw_min" : 0,
        "bw_max" : 0,
        "bw_agg" : 0.000000,
        "bw_mean" : 0.000000,
        "bw_dev" : 0.000000,
        "bw_samples" : 0,
        "iops_min" : 0,
        "iops_max" : 0,
        "iops_mean" : 0.000000,
        "iops_stddev" : 0.000000,
        "iops_samples" : 0
      },
      "trim" : {
        "io_bytes" : 0,
        "io_kbytes" : 0,
        "bw" : 0,
        "iops" : 0.000000,
        "runtime" : 0,
        "total_ios" : 0,
        "short_ios" : 0,
        "drop_ios" : 0,
        "slat_ns" : {
          "min" : 0,
          "max" : 0,
          "mean" : 0.000000,
          "stddev" : 0.000000
        },
        "clat_ns" : {
          "min" : 0,
          "max" : 0,
          "mean" : 0.000000,
          "stddev" : 0.000000,
          "percentile" : {
            "1.000000" : 0,
            "5.000000" : 0,
            "10.000000" : 0,
            "20.000000" : 0,
            "30.000000" : 0,
            "40.000000" : 0,
            "50.000000" : 0,
            "60.000000" : 0,
            "70.000000" : 0,
            "80.000000" : 0,
            "90.000000" : 0,
            "95.000000" : 0,
            "99.000000" : 0,
            "99.500000" : 0,
            "99.900000" : 0,
            "99.950000" : 0,
            "99.990000" : 0,
            "0.00" : 0,
            "0.00" : 0,
            "0.00" : 0
          }
        },
        "lat_ns" : {
          "min" : 0,
          "max" : 0,
          "mean" : 0.000000,
          "stddev" : 0.000000
        },
        "bw_min" : 0,
        "bw_max" : 0,
        "bw_agg" : 0.000000,
        "bw_mean" : 0.000000,
        "bw_dev" : 0.000000,
        "bw_samples" : 0,
        "iops_min" : 0,
        "iops_max" : 0,
        "iops_mean" : 0.000000,
        "iops_stddev" : 0.000000,
        "iops_samples" : 0
      },
      "usr_cpu" : 1.344375,
      "sys_cpu" : 3.676098,
      "ctx" : 38545920,
      "majf" : 0,
      "minf" : 5736584,
      "iodepth_level" : {
        "1" : 0.100000,
        "2" : 0.100000,
        "4" : 0.100000,
        "8" : 99.999267,
        "16" : 0.000000,
        "32" : 0.000000,
        ">=64" : 0.000000
      },
      "latency_ns" : {
        "2" : 0.000000,
        "4" : 0.000000,
        "10" : 0.000000,
        "20" : 0.000000,
        "50" : 0.000000,
        "100" : 0.000000,
        "250" : 0.000000,
        "500" : 0.000000,
        "750" : 0.000000,
        "1000" : 0.000000
      },
      "latency_us" : {
        "2" : 0.010000,
        "4" : 0.010000,
        "10" : 0.010000,
        "20" : 0.010000,
        "50" : 0.010000,
        "100" : 1.325921,
        "250" : 29.345914,
        "500" : 31.959551,
        "750" : 4.436675,
        "1000" : 0.663582
      },
      "latency_ms" : {
        "2" : 0.285831,
        "4" : 12.799311,
        "10" : 14.752600,
        "20" : 4.427111,
        "50" : 0.010000,
        "100" : 0.010000,
        "250" : 0.000000,
        "500" : 0.000000,
        "750" : 0.000000,
        "1000" : 0.000000,
        "2000" : 0.000000,
        ">=2000" : 0.000000
      },
      "latency_depth" : 8,
      "latency_target" : 0,
      "latency_percentile" : 100.000000,
      "latency_window" : 0
    }
  ],
  "disk_util" : [
    {
      "name" : "md0",
      "read_ios" : 61138456,
      "write_ios" : 0,
      "read_merges" : 0,
      "write_merges" : 0,
      "read_ticks" : 0,
      "write_ticks" : 0,
      "in_queue" : 0,
      "util" : 0.000000,
      "aggr_read_ios" : 15287699,
      "aggr_write_ios" : 0,
      "aggr_read_merges" : 0,
      "aggr_write_merge" : 0,
      "aggr_read_ticks" : 13517437,
      "aggr_write_ticks" : 0,
      "aggr_in_queue" : 13549047,
      "aggr_util" : 100.000000
    },
    {
      "name" : "sdd",
      "read_ios" : 15019289,
      "write_ios" : 0,
      "read_merges" : 0,
      "write_merges" : 0,
      "read_ticks" : 39893812,
      "write_ticks" : 0,
      "in_queue" : 39988120,
      "util" : 100.000000
    },
    {
      "name" : "sdb",
      "read_ios" : 16081095,
      "write_ios" : 0,
      "read_merges" : 0,
      "write_merges" : 0,
      "read_ticks" : 4757636,
      "write_ticks" : 0,
      "in_queue" : 4768536,