{
  "fio version" : "fio-3.1",
  "timestamp" : 1574878968,
  "timestamp_ms" : 1574878968753,
  "time" : "Wed Nov 27 19:22:48 2019",
  "jobs" : [
    {
      "jobname" : "iotest",
      "groupid" : 0,
      "error" : 0,
      "eta" : 0,
      "elapsed" : 301,
      "job options" : {
        "rw" : "randwrite",
        "bs" : "4k",
        "ioengine" : "libaio",
        "iodepth" : "4",
        "direct" : "1",
        "invalidate" : "1",
        "refill_buffers" : "1",
        "runtime" : "300",
        "numjobs" : "2",
        "group_reporting" : "1",
        "write_bw_log" : "randwrite-iodepth-4-numjobs-2",
        "write_lat_log" : "randwrite-iodepth-4-numjobs-2",
        "write_iops_log" : "randwrite-iodepth-4-numjobs-2",
        "log_avg_msec" : "1000",
        "filename" : "/dev/md0"
      },
      "read" : {
        "io_bytes" : 0,
        "io_kbytes" : 0,
        "bw" : 0,
        "iops" : 0.000000,
        "runtime" : 0,
        "total_ios" : 0,
        "short_ios" : 0,
        "drop_ios" : 0,
        "slat_ns" : {
          "min" : 0,
          "max" : 0,
          "mean" : 0.000000,
          "stddev" : 0.000000
        },
        "clat_ns" : {
          "min" : 0,
          "max" : 0,
          "mean" : 0.000000,
          "stddev" : 0.000000,
          "percentile" : {
            "1.000000" : 0,
            "5.000000" : 0,
            "10.000000" : 0,
            "20.000000" : 0,
            "30.000000" : 0,
            "40.000000" : 0,
            "50.000000" : 0,
            "60.000000" : 0,
            "70.000000" : 0,
            "80.000000" : 0,
            "90.000000" : 0,
            "95.000000" : 0,
            "99.000000" : 0,
            "99.500000" : 0,
            "99.900000" : 0,
            "99.950000" : 0,
            "99.990000" : 0,
            "0.00" : 0,
            "0.00" : 0,
            "0.00" : 0
          }
        },
        "lat_ns" : {
          "min" : 0,
          "max" : 0,
          "mean" : 0.000000,
          "stddev" : 0.000000
        },
        "bw_min" : 0,
        "bw_max" : 0,
        "bw_agg" : 0.000000,
        "bw_mean" : 0.000000,
        "bw_dev" : 0.000000,
        "bw_samples" : 0,
        "iops_min" : 0,
        "iops_max" : 0,
        "iops_mean" : 0.000000,
        "iops_stddev" : 0.000000,
        "iops_samples" : 0
      },
      "write" : {
        "io_bytes" : 56545714176,
        "io_kbytes" : 55220424,
        "bw" : 184067,
        "iops" : 46016.866610,
        "runtime" : 300001,
        "total_ios" : 13805106,
        "short_ios" : 0,
        "drop_ios" : 0,
        "slat_ns" : {
          "min" : 2867,
          "max" : 1943355,
          "mean" : 7801.231859,
          "stddev" : 4300.576930
        },
        "clat_ns" : {
          "min" : 1268,
          "max" : 2527411,
          "mean" : 162627.077071,
          "stddev" : 31720.197248,
          "percentile" : {
            "1.000000" : 73216,
            "5.000000" : 111104,
            "10.000000" : 132096,
            "20.000000" : 146432,
            "30.000000" : 152576,
            "40.000000" : 158720,
            "50.000000" : 164864,
            "60.000000" : 171008,
            "70.000000" : 177152,
            "80.000000" : 181248,
            "90.000000" : 191488,
            "95.000000" : 197632,
            "99.000000" : 214016,
            "99.500000" : 226304,
            "99.900000" : 460800,
            "99.950000" : 522240,
            "99.990000" : 831488,
            "0.00" : 0,
            "0.00" : 0,
            "0.00" : 0
          }
        },
        "lat_ns" : {
          "min" : 37479,
          "max" : 2531241,
          "mean" : 170735.724161,
          "stddev" : 32190.728951
        },
        "bw_min" : 87283,
        "bw_max" : 202976,
        "bw_agg" : 50.013138,
        "bw_mean" : 92057.682274,
        "bw_dev" : 6958.796227,
        "bw_samples" : 598,
        "iops_min" : 21820,
        "iops_max" : 50744,
        "iops_mean" : 23014.321070,
        "iops_stddev" : 1739.699970,
        "iops_samples" : 598
      },
      "trim" : {
        "io_bytes" : 0,
        "io_kbytes" : 0,
        "bw" : 0,
        "iops" : 0.000000,
        "runtime" : 0,
        "total_ios" : 0,
        "short_ios" : 0,
        "drop_ios" : 0,
        "slat_ns" : {
          "min" : 0,
          "max" : 0,
          "mean" : 0.000000,
          "stddev" : 0.000000
        },
        "clat_ns" : {
          "min" : 0,
          "max" : 0,
          "mean" : 0.000000,
          "stddev" : 0.000000,
          "percentile" : {
            "1.000000" : 0,
            "5.000000" : 0,
            "10.000000" : 0,
            "20.000000" : 0,
            "30.000000" : 0,
            "40.000000" : 0,
            "50.000000" : 0,
            "60.000000" : 0,
            "70.000000" : 0,
            "80.000000" : 0,
            "90.000000" : 0,
            "95.000000" : 0,
            "99.000000" : 0,
            "99.500000" : 0,
            "99.900000" : 0,
            "99.950000" : 0,
            "99.990000" : 0,
            "0.00" : 0,
            "0.00" : 0,
            "0.00" : 0
          }
        },
        "lat_ns" : {
          "min" : 0,
          "max" : 0,
          "mean" : 0.000000,
          "stddev" : 0.000000
        },
        "bw_min" : 0,
        "bw_max" : 0,
        "bw_agg" : 0.000000,
        "bw_mean" : 0.000000,
        "bw_dev" : 0.000000,
        "bw_samples" : 0,
        "iops_min" : 0,
        "iops_max" : 0,
        "iops_mean" : 0.000000,
        "iops_stddev" : 0.000000,
        "iops_samples" : 0
      },
      "usr_cpu" : 12.836833,
      "sys_cpu" : 21.608667,
      "ctx" : 3579778,
      "majf" : 0,
      "minf" : 148149,
      "iodepth_level" : {
        "1" : 0.100000,
        "2" : 0.100000,
        "4" : 99.999957,
        "8" : 0.000000,
        "16" : 0.000000,
        "32" : 0.000000,
        ">=64" : 0.000000
      },
      "latency_ns" : {
        "2" : 0.000000,
        "4" : 0.000000,
        "10" : 0.000000,
        "20" : 0.000000,
        "50" : 0.000000,
        "100" : 0.000000,
        "250" : 0.000000,
        "500" : 0.000000,
        "750" : 0.000000,
        "1000" : 0.000000
      },
      "latency_us" : {
        "2" : 0.010000,
        "4" : 0.000000,
        "10" : 0.010000,
        "20" : 0.010000,
        "50" : 0.196587,
        "100" : 3.287965,
        "250" : 96.261086,
        "500" : 0.185699,
        "750" : 0.057899,
        "1000" : 0.010000
      },
      "latency_ms" : {
        "2" : 0.010000,
        "4" : 0.010000,
        "10" : 0.000000,
        "20" : 0.000000,
        "50" : 0.000000,
        "100" : 0.000000,
        "250" : 0.000000,
        "500" : 0.000000,
        "750" : 0.000000,
        "1000" : 0.000000,
        "2000" : 0.000000,
        ">=2000" : 0.000000
      },
      "latency_depth" : 4,
      "latency_target" : 0,
      "latency_percentile" : 100.000000,
      "latency_window" : 0
    }
  ],
  "disk_util" : [
    {
      "name" : "md0",
      "read_ios" : 154,
      "write_ios" : 13795834,
      "read_merges" : 0,
      "write_merges" : 0,
      "read_ticks" : 0,
      "write_ticks" : 0,
      "in_queue" : 0,
      "util" : 0.000000,
      "aggr_read_ios" : 114,
      "aggr_write_ios" : 3451276,
      "aggr_read_merges" : 3,
      "aggr_write_merge" : 0,
      "aggr_read_ticks" : 96,
      "aggr_write_ticks" : 468411,
      "aggr_in_queue" : 467801,
      "aggr_util" : 77.954680
    },
    {
      "name" : "sdd",
      "read_ios" : 48,
      "write_ios" : 3371352,
      "read_merges" : 0,
      "write_merges" : 0,
      "read_ticks" : 0,
      "write_ticks" : 467700,
      "in_queue" : 467000,
      "util" : 75.710334
    },
    {
      "name" : "sdb",
      "read_ios" : 309,
      "write_ios" : 3694328,
      "read_merges" : 15,
      "write_merges" : 0,
      "read_ticks" : 384,
      "write_ticks" : 511320,
      "in_queue" : 510980,
      "util" : 77.954680
    },
    {
      "name" : "sde",
      "read_ios" : 48,