{
  "fio version" : "fio-3.1",
  "timestamp" : 1574873254,
  "timestamp_ms" : 1574873254166,
  "time" : "Wed Nov 27 17:47:34 2019",
  "jobs" : [
    {
      "jobname" : "iotest",
      "groupid" : 0,
      "error" : 0,
      "eta" : 0,
      "elapsed" : 301,
      "job options" : {
        "rw" : "randread",
        "bs" : "4k",
        "ioengine" : "libaio",
        "iodepth" : "64",
        "direct" : "1",
        "invalidate" : "1",
        "refill_buffers" : "1",
        "runtime" : "300",
        "numjobs" : "8",
        "group_reporting" : "1",
        "write_bw_log" : "randread-iodepth-64-numjobs-8",
        "write_lat_log" : "randread-iodepth-64-numjobs-8",
        "write_iops_log" : "randread-iodepth-64-numjobs-8",
        "log_avg_msec" : "1000",
        "filename" : "/dev/md0"
      },
      "read" : {
        "io_bytes" : 252261163008,
        "io_kbytes" : 246348792,
        "bw" : 821151,
        "iops" : 205287.922828,
        "runtime" : 300004,
        "total_ios" : 61587198,
        "short_ios" : 0,
        "drop_ios" : 0,
        "slat_ns" : {
          "min" : 2012,
          "max" : 4791105,
          "mean" : 36517.902459,
          "stddev" : 194362.239985
        },
        "clat_ns" : {
          "min" : 49205,
          "max" : 8947956,
          "mean" : 2456173.092462,
          "stddev" : 1197652.855385,
          "percentile" : {
            "1.000000" : 716800,
            "5.000000" : 1036288,
            "10.000000" : 1187840,
            "20.000000" : 1384448,
            "30.000000" : 1564672,
            "40.000000" : 1777664,
            "50.000000" : 2146304,
            "60.000000" : 2539520,
            "70.000000" : 2932736,
            "80.000000" : 3784704,
            "90.000000" : 4358144,
            "95.000000" : 4685824,
            "99.000000" : 5210112,
            "99.500000" : 5406720,
            "99.900000" : 5799936,
            "99.950000" : 5996544,
            "99.990000" : 6455296,
            "0.00" : 0,
            "0.00" : 0,
            "0.00" : 0
          }
        },
        "lat_ns" : {
          "min" : 54444,
          "max" : 10298625,
          "mean" : 2492873.629987,
          "stddev" : 1255709.272901
        },
        "bw_min" : 86645,
        "bw_max" : 112521,
        "bw_agg" : 12.511603,
        "bw_mean" : 102739.154583,
        "bw_dev" : 2038.596897,
        "bw_samples" : 2400,
        "iops_min" : 21661,
        "iops_max" : 28130,
        "iops_mean" : 25684.550417,
        "iops_stddev" : 509.632545,
        "iops_samples" : 2400
      },
      "write" : {
        "io_bytes" : 0,
        "io_kbytes" : 0,
        "bw" : 0,
        "iops" : 0.000000,
        "runtime" : 0,
        "total_ios" : 0,
        "short_ios" : 0,
        "drop_ios" : 0,
        "slat_ns" : {
          "min" : 0,
          "max" : 0,
          "mean" : 0.000000,
          "stddev" : 0.000000
        },
        "clat_ns" : {
          "min" : 0,
          "max" : 0,
          "mean" : 0.000000,
          "stddev" : 0.000000,
          "percentile" : {
            "1.000000" : 0,
            "5.000000" : 0,
            "10.000000" : 0,
            "20.000000" : 0,
            "30.000000" : 0,
            "40.000000" : 0,
            "50.000000" : 0,
            "60.000000" : 0,
            "70.000000" : 0,
            "80.000000" : 0,
            "90.000000" : 0,
            "95.000000" : 0,
            "99.000000" : 0,
            "99.500000" : 0,
            "99.900000" : 0,
            "99.950000" : 0,
            "99.990000" : 0,
            "0.00" : 0,
            "0.00" : 0,
            "0.00" : 0
          }
        },
        "lat_ns" : {
          "min" : 0,
          "max" : 0,
          "mean" : 0.000000,
          "stddev" : 0.000000
        },
        "bw_min" : 0,
        "bw_max" : 0,
        "bw_agg" : 0.000000,
        "bw_mean" : 0.000000,
        "bw_dev" : 0.000000,
        "bw_samples" : 0,
        "iops_min" : 0,
        "iops_max" : 0,
        "iops_mean" : 0.000000,
        "iops_stddev" : 0.000000,
        "iops_samples" : 0
      },
      "trim" : {
        "io_bytes" : 0,
        "io_kbytes" : 0,
        "bw" : 0,
        "iops" : 0.000000,
        "runtime" : 0,
        "total_ios" : 0,
        "short_ios" : 0,
        "drop_ios" : 0,
        "slat_ns" : {
          "min" : 0,
          "max" : 0,
          "mean" : 0.000000,
          "stddev" : 0.000000
        },
        "clat_ns" : {
          "min" : 0,
          "max" : 0,
          "mean" : 0.000000,
          "stddev" : 0.000000,
          "percentile" : {
            "1.000000" : 0,
            "5.000000" : 0,
            "10.000000" : 0,
            "20.000000" : 0,
            "30.000000" : 0,
            "40.000000" : 0,
            "50.000000" : 0,
            "60.000000" : 0,
            "70.000000" : 0,
            "80.000000" : 0,
            "90.000000" : 0,
            "95.000000" : 0,
            "99.000000" : 0,
            "99.500000" : 0,
            "99.900000" : 0,
            "99.950000" : 0,
            "99.990000" : 0,
            "0.00" : 0,
            "0.00" : 0,
            "0.00" : 0
          }
        },
        "lat_ns" : {
          "min" : 0,
          "max" : 0,
          "mean" : 0.000000,
          "stddev" : 0.000000
        },
        "bw_min" : 0,
        "bw_max" : 0,
        "bw_agg" : 0.000000,
        "bw_mean" : 0.000000,
        "bw_dev" : 0.000000,
        "bw_samples" : 0,
        "iops_min" : 0,
        "iops_max" : 0,
        "iops_mean" : 0.000000,
        "iops_stddev" : 0.000000,
        "iops_samples" : 0
      },
      "usr_cpu" : 5.273039,
      "sys_cpu" : 13.041266,
      "ctx" : 1966646,
      "majf" : 0,
      "minf" : 1787057,
      "iodepth_level" : {
        "1" : 0.100000,
        "2" : 0.100000,
        "4" : 0.100000,
        "8" : 0.100000,
        "16" : 0.100000,
        "32" : 0.100000,
        ">=64" : 99.999182
      },
      "latency_ns" : {
        "2" : 0.000000,
        "4" : 0.000000,
        "10" : 0.000000,
        "20" : 0.000000,
        "50" : 0.000000,
        "100" : 0.000000,
        "250" : 0.000000,
        "500" : 0.000000,
        "750" : 0.000000,
        "1000" : 0.000000
      },
      "latency_us" : {
        "2" : 0.000000,
        "4" : 0.000000,
        "10" : 0.000000,
        "20" : 0.000000,
        "50" : 0.010000,
        "100" : 0.010000,
        "250" : 0.063838,
        "500" : 0.279886,
        "750" : 0.813771,
        "1000" : 3.081353
      },
      "latency_ms" : {
        "2" : 42.332320,
        "4" : 37.188615,
        "10" : 16.238501,
        "20" : 0.000000,
        "50" : 0.000000,
        "100" : 0.000000,
        "250" : 0.000000,
        "500" : 0.000000,
        "750" : 0.000000,
        "1000" : 0.000000,
        "2000" : 0.000000,
        ">=2000" : 0.000000
      },
      "latency_depth" : 64,
      "latency_target" : 0,
      "latency_percentile" : 100.000000,
      "latency_window" : 0
    }
  ],
  "disk_util" : [
    {
      "name" : "md0",
      "read_ios" : 61543131,
      "write_ios" : 0,
      "read_merges" : 0,
      "write_merges" : 0,
      "read_ticks" : 0,
      "write_ticks" : 0,
      "in_queue" : 0,
      "util" : 0.000000,
      "aggr_read_ios" : 15396799,
      "aggr_write_ios" : 0,
      "aggr_read_merges" : 0,
      "aggr_write_merge" : 0,
      "aggr_read_ticks" : 16930184,
      "aggr_write_ticks" : 0,
      "aggr_in_queue" : 16942149,
      "aggr_util" : 100.000000
    },
    {
      "name" : "sdd",
      "read_ios" : 15025011,
      "write_ios" : 0,
      "read_merges" : 0,
      "write_merges" : 0,
      "read_ticks" : 43046980,
      "write_ticks" : 0,
      "in_queue" : 43078088,
      "util" : 100.000000
    },
    {
      "name" : "sdb",
      "read_ios" : 16518750,
      "write_ios" : 0,
      "read_merges" : 0,
      "write_merges" : 0,
      "read_ticks" : 9635248,
      "write_ticks" : 0,
      "in_queue" : 9642596,