{
  "fio version" : "fio-3.1",
  "timestamp" : 1574871449,
  "timestamp_ms" : 1574871449390,
  "time" : "Wed Nov 27 17:17:29 2019",
  "jobs" : [
    {
      "jobname" : "iotest",
      "groupid" : 0,
      "error" : 0,
      "eta" : 0,
      "elapsed" : 301,
      "job options" : {
        "rw" : "randread",
        "bs" : "4k",
        "ioengine" : "libaio",
        "iodepth" : "32",
        "direct" : "1",
        "invalidate" : "1",
        "refill_buffers" : "1",
        "runtime" : "300",
        "numjobs" : "16",
        "group_reporting" : "1",
        "write_bw_log" : "randread-iodepth-32-numjobs-16",
        "write_lat_log" : "randread-iodepth-32-numjobs-16",
        "write_iops_log" : "randread-iodepth-32-numjobs-16",
        "log_avg_msec" : "1000",
        "filename" : "/dev/md0"
      },
      "read" : {
        "io_bytes" : 251292700672,
        "io_kbytes" : 245403028,
        "bw" : 817999,
        "iops" : 204499.796669,
        "runtime" : 300004,
        "total_ios" : 61350757,
        "short_ios" : 0,
        "drop_ios" : 0,
        "slat_ns" : {
          "min" : 2077,
          "max" : 6042531,
          "mean" : 70234.738182,
          "stddev" : 386333.231481
        },
        "clat_ns" : {
          "min" : 40222,
          "max" : 9564582,
          "mean" : 2431860.876775,
          "stddev" : 1170357.720163,
          "percentile" : {
            "1.000000" : 144384,
            "5.000000" : 220160,
            "10.000000" : 325632,
            "20.000000" : 1990656,
            "30.000000" : 2342912,
            "40.000000" : 2539520,
            "50.000000" : 2670592,
            "60.000000" : 2768896,
            "70.000000" : 2899968,
            "80.000000" : 3031040,
            "90.000000" : 3293184,
            "95.000000" : 4489216,
            "99.000000" : 5537792,
            "99.500000" : 5668864,
            "99.900000" : 6062080,
            "99.950000" : 6193152,
            "99.990000" : 6979584,
            "0.00" : 0,
            "0.00" : 0,
            "0.00" : 0
          }
        },
        "lat_ns" : {
          "min" : 51521,
          "max" : 10720570,
          "mean" : 2502303.807472,
          "stddev" : 1264846.253692
        },
        "bw_min" : 49040,
        "bw_max" : 52876,
        "bw_agg" : 6.251232,
        "bw_mean" : 51135.011458,
        "bw_dev" : 511.451162,
        "bw_samples" : 4800,
        "iops_min" : 12260,
        "iops_max" : 13219,
        "iops_mean" : 12783.631250,
        "iops_stddev" : 127.856760,
        "iops_samples" : 4800
      },
      "write" : {
        "io_bytes" : 0,
        "io_kbytes" : 0,
        "bw" : 0,
        "iops" : 0.000000,
        "runtime" : 0,
        "total_ios" : 0,
        "short_ios" : 0,
        "drop_ios" : 0,
        "slat_ns" : {
          "min" : 0,
          "max" : 0,
          "mean" : 0.000000,
          "stddev" : 0.000000
        },
        "clat_ns" : {
          "min" : 0,
          "max" : 0,
          "mean" : 0.000000,
          "stddev" : 0.000000,
          "percentile" : {
            "1.000000" : 0,
            "5.000000" : 0,
            "10.000000" : 0,
            "20.000000" : 0,
            "30.000000" : 0,
            "40.000000" : 0,
            "50.000000" : 0,
            "60.000000" : 0,
            "70.000000" : 0,
            "80.000000" : 0,
            "90.000000" : 0,
            "95.000000" : 0,
            "99.000000" : 0,
            "99.500000" : 0,
            "99.900000" : 0,
            "99.950000" : 0,
            "99.990000" : 0,
            "0.00" : 0,
            "0.00" : 0,
            "0.00" : 0
          }
        },
        "lat_ns" : {
          "min" : 0,
          "max" : 0,
          "mean" : 0.000000,
          "stddev" : 0.000000
        },
        "bw_min" : 0,
        "bw_max" : 0,
        "bw_agg" : 0.000000,
        "bw_mean" : 0.000000,
        "bw_dev" : 0.000000,
        "bw_samples" : 0,
        "iops_min" : 0,
        "iops_max" : 0,
        "iops_mean" : 0.000000,
        "iops_stddev" : 0.000000,
        "iops_samples" : 0
      },
      "trim" : {
        "io_bytes" : 0,
        "io_kbytes" : 0,
        "bw" : 0,
        "iops" : 0.000000,
        "runtime" : 0,
        "total_ios" : 0,
        "short_ios" : 0,
        "drop_ios" : 0,
        "slat_ns" : {
          "min" : 0,
          "max" : 0,
          "mean" : 0.000000,
          "stddev" : 0.000000
        },
        "clat_ns" : {
          "min" : 0,
          "max" : 0,
          "mean" : 0.000000,
          "stddev" : 0.000000,
          "percentile" : {
            "1.000000" : 0,
            "5.000000" : 0,
            "10.000000" : 0,
            "20.000000" : 0,
            "30.000000" : 0,
            "40.000000" : 0,
            "50.000000" : 0,
            "60.000000" : 0,
            "70.000000" : 0,
            "80.000000" : 0,
            "90.000000" : 0,
            "95.000000" : 0,
            "99.000000" : 0,
            "99.500000" : 0,
            "99.900000" : 0,
            "99.950000" : 0,
            "99.990000" : 0,
            "0.00" : 0,
            "0.00" : 0,
            "0.00" : 0
          }
        },
        "lat_ns" : {
          "min" : 0,
          "max" : 0,
          "mean" : 0.000000,
          "stddev" : 0.000000
        },
        "bw_min" : 0,
        "bw_max" : 0,
        "bw_agg" : 0.000000,
        "bw_mean" : 0.000000,
        "bw_dev" : 0.000000,
        "bw_samples" : 0,
        "iops_min" : 0,
        "iops_max" : 0,
        "iops_mean" : 0.000000,
        "iops_stddev" : 0.000000,
        "iops_samples" : 0
      },
      "usr_cpu" : 3.010457,
      "sys_cpu" : 7.621630,
      "ctx" : 6800849,
      "majf" : 0,
      "minf" : 1032773,
      "iodepth_level" : {
        "1" : 0.100000,
        "2" : 0.100000,
        "4" : 0.100000,
        "8" : 0.100000,
        "16" : 0.100000,
        "32" : 99.999192,
        ">=64" : 0.000000
      },
      "latency_ns" : {
        "2" : 0.000000,
        "4" : 0.000000,
        "10" : 0.000000,
        "20" : 0.000000,
        "50" : 0.000000,
        "100" : 0.000000,
        "250" : 0.000000,
        "500" : 0.000000,
        "750" : 0.000000,
        "1000" : 0.000000
      },
      "latency_us" : {
        "2" : 0.000000,
        "4" : 0.000000,
        "10" : 0.000000,
        "20" : 0.000000,
        "50" : 0.010000,
        "100" : 0.138204,
        "250" : 6.428134,
        "500" : 8.647145,
        "750" : 1.920090,
        "1000" : 0.366362
      },
      "latency_ms" : {
        "2" : 2.656179,
        "4" : 74.327300,
        "10" : 5.516421,
        "20" : 0.000000,
        "50" : 0.000000,
        "100" : 0.000000,
        "250" : 0.000000,
        "500" : 0.000000,
        "750" : 0.000000,
        "1000" : 0.000000,
        "2000" : 0.000000,
        ">=2000" : 0.000000
      },
      "latency_depth" : 32,
      "latency_target" : 0,
      "latency_percentile" : 100.000000,
      "latency_window" : 0
    }
  ],
  "disk_util" : [
    {
      "name" : "md0",
      "read_ios" : 61305730,
      "write_ios" : 0,
      "read_merges" : 0,
      "write_merges" : 0,
      "read_ticks" : 0,
      "write_ticks" : 0,
      "in_queue" : 0,
      "util" : 0.000000,
      "aggr_read_ios" : 15337689,
      "aggr_write_ios" : 0,
      "aggr_read_merges" : 0,
      "aggr_write_merge" : 0,
      "aggr_read_ticks" : 15709202,
      "aggr_write_ticks" : 0,
      "aggr_in_queue" : 15725650,
      "aggr_util" : 100.000000
    },
    {
      "name" : "sdd",
      "read_ios" : 15028692,
      "write_ios" : 0,
      "read_merges" : 0,
      "write_merges" : 0,
      "read_ticks" : 42106776,
      "write_ticks" : 0,
      "in_queue" : 42148660,
      "util" : 100.000000
    },
    {
      "name" : "sdb",
      "read_ios" : 16276256,
      "write_ios" : 0,
      "read_merges" : 0,
      "write_merges" : 0,
      "read_ticks" : 7694100,
      "write_ticks" : 0,
      "in_queue" : 7704648,