{
  "fio version" : "fio-3.1",
  "timestamp" : 1574872051,
  "timestamp_ms" : 1574872051143,
  "time" : "Wed Nov 27 17:27:31 2019",
  "jobs" : [
    {
      "jobname" : "iotest",
      "groupid" : 0,
      "error" : 0,
      "eta" : 0,
      "elapsed" : 301,
      "job options" : {
        "rw" : "randread",
        "bs" : "4k",
        "ioengine" : "libaio",
        "iodepth" : "32",
        "direct" : "1",
        "invalidate" : "1",
        "refill_buffers" : "1",
        "runtime" : "300",
        "numjobs" : "64",
        "group_reporting" : "1",
        "write_bw_log" : "randread-iodepth-32-numjobs-64",
        "write_lat_log" : "randread-iodepth-32-numjobs-64",
        "write_iops_log" : "randread-iodepth-32-numjobs-64",
        "log_avg_msec" : "1000",
        "filename" : "/dev/md0"
      },
      "read" : {
        "io_bytes" : 250566107136,
        "io_kbytes" : 244693464,
        "bw" : 815544,
        "iops" : 203886.074051,
        "runtime" : 300037,
        "total_ios" : 61173366,
        "short_ios" : 0,
        "drop_ios" : 0,
        "slat_ns" : {
          "min" : 2034,
          "max" : 45828337,
          "mean" : 307489.145013,
          "stddev" : 1766388.434570
        },
        "clat_ns" : {
          "min" : 44792,
          "max" : 69336789,
          "mean" : 9733162.641785,
          "stddev" : 3847618.830886,
          "percentile" : {
            "1.000000" : 168960,
            "5.000000" : 252928,
            "10.000000" : 452608,
            "20.000000" : 10027008,
            "30.000000" : 10420224,
            "40.000000" : 10682368,
            "50.000000" : 10944512,
            "60.000000" : 11075584,
            "70.000000" : 11206656,
            "80.000000" : 11337728,
            "90.000000" : 11599872,
            "95.000000" : 11862016,
            "99.000000" : 19791872,
            "99.500000" : 21102592,
            "99.900000" : 24772608,
            "99.950000" : 28180480,
            "99.990000" : 35389440,
            "0.00" : 0,
            "0.00" : 0,
            "0.00" : 0
          }
        },
        "lat_ns" : {
          "min" : 48807,
          "max" : 85270767,
          "mean" : 10040854.580795,
          "stddev" : 4346889.530970
        },
        "bw_min" : 11255,
        "bw_max" : 16064,
        "bw_agg" : 1.567951,
        "bw_mean" : 12787.329808,
        "bw_dev" : 289.229222,
        "bw_samples" : 19196,
        "iops_min" : 2813,
        "iops_max" : 4016,
        "iops_mean" : 3196.566524,
        "iops_stddev" : 72.265240,
        "iops_samples" : 19196
      },
      "write" : {
        "io_bytes" : 0,
        "io_kbytes" : 0,
        "bw" : 0,
        "iops" : 0.000000,
        "runtime" : 0,
        "total_ios" : 0,
        "short_ios" : 0,
        "drop_ios" : 0,
        "slat_ns" : {
          "min" : 0,
          "max" : 0,
          "mean" : 0.000000,
          "stddev" : 0.000000
        },
        "clat_ns" : {
          "min" : 0,
          "max" : 0,
          "mean" : 0.000000,
          "stddev" : 0.000000,
          "percentile" : {
            "1.000000" : 0,
            "5.000000" : 0,
            "10.000000" : 0,
            "20.000000" : 0,
            "30.000000" : 0,
            "40.000000" : 0,
            "50.000000" : 0,
            "60.000000" : 0,
            "70.000000" : 0,
            "80.000000" : 0,
            "90.000000" : 0,
            "95.000000" : 0,
            "99.000000" : 0,
            "99.500000" : 0,
            "99.900000" : 0,
            "99.950000" : 0,
            "99.990000" : 0,
            "0.00" : 0,
            "0.00" : 0,
            "0.00" : 0
          }
        },
        "lat_ns" : {
          "min" : 0,
          "max" : 0,
          "mean" : 0.000000,
          "stddev" : 0.000000
        },
        "bw_min" : 0,
        "bw_max" : 0,
        "bw_agg" : 0.000000,
        "bw_mean" : 0.000000,
        "bw_dev" : 0.000000,
        "bw_samples" : 0,
        "iops_min" : 0,
        "iops_max" : 0,
        "iops_mean" : 0.000000,
        "iops_stddev" : 0.000000,
        "iops_samples" : 0
      },
      "trim" : {
        "io_bytes" : 0,
        "io_kbytes" : 0,
        "bw" : 0,
        "iops" : 0.000000,
        "runtime" : 0,
        "total_ios" : 0,
        "short_ios" : 0,
        "drop_ios" : 0,
        "slat_ns" : {
          "min" : 0,
          "max" : 0,
          "mean" : 0.000000,
          "stddev" : 0.000000
        },
        "clat_ns" : {
          "min" : 0,
          "max" : 0,
          "mean" : 0.000000,
          "stddev" : 0.000000,
          "percentile" : {
            "1.000000" : 0,
            "5.000000" : 0,
            "10.000000" : 0,
            "20.000000" : 0,
            "30.000000" : 0,
            "40.000000" : 0,
            "50.000000" : 0,
            "60.000000" : 0,
            "70.000000" : 0,
            "80.000000" : 0,
            "90.000000" : 0,
            "95.000000" : 0,
            "99.000000" : 0,
            "99.500000" : 0,
            "99.900000" : 0,
            "99.950000" : 0,
            "99.990000" : 0,
            "0.00" : 0,
            "0.00" : 0,
            "0.00" : 0
          }
        },
        "lat_ns" : {
          "min" : 0,
          "max" : 0,
          "mean" : 0.000000,
          "stddev" : 0.000000
        },
        "bw_min" : 0,
        "bw_max" : 0,
        "bw_agg" : 0.000000,
        "bw_mean" : 0.000000,
        "bw_dev" : 0.000000,
        "bw_samples" : 0,
        "iops_min" : 0,
        "iops_max" : 0,
        "iops_mean" : 0.000000,
        "iops_stddev" : 0.000000,
        "iops_samples" : 0
      },
      "usr_cpu" : 0.760753,
      "sys_cpu" : 1.919861,
      "ctx" : 4776362,
      "majf" : 0,
      "minf" : 3008303,
      "iodepth_level" : {
        "1" : 0.100000,
        "2" : 0.100000,
        "4" : 0.100000,
        "8" : 0.100000,
        "16" : 0.100000,
        "32" : 99.996757,
        ">=64" : 0.000000
      },
      "latency_ns" : {
        "2" : 0.000000,
        "4" : 0.000000,
        "10" : 0.000000,
        "20" : 0.000000,
        "50" : 0.000000,
        "100" : 0.000000,
        "250" : 0.000000,
        "500" : 0.000000,
        "750" : 0.000000,
        "1000" : 0.000000
      },
      "latency_us" : {
        "2" : 0.000000,
        "4" : 0.000000,
        "10" : 0.000000,
        "20" : 0.000000,
        "50" : 0.010000,
        "100" : 0.054568,
        "250" : 4.825616,
        "500" : 5.718214,
        "750" : 1.298565,
        "1000" : 0.273501
      },
      "latency_ms" : {
        "2" : 0.170510,
        "4" : 0.359303,
        "10" : 6.827671,
        "20" : 79.530765,
        "50" : 0.940372,
        "100" : 0.010000,
        "250" : 0.000000,
        "500" : 0.000000,
        "750" : 0.000000,
        "1000" : 0.000000,
        "2000" : 0.000000,
        ">=2000" : 0.000000
      },
      "latency_depth" : 32,
      "latency_target" : 0,
      "latency_percentile" : 100.000000,
      "latency_window" : 0
    }
  ],
  "disk_util" : [
    {
      "name" : "md0",
      "read_ios" : 61163529,
      "write_ios" : 0,
      "read_merges" : 0,
      "write_merges" : 0,
      "read_ticks" : 0,
      "write_ticks" : 0,
      "in_queue" : 0,
      "util" : 0.000000,
      "aggr_read_ios" : 15293341,
      "aggr_write_ios" : 0,
      "aggr_read_merges" : 0,
      "aggr_write_merge" : 0,
      "aggr_read_ticks" : 16442487,
      "aggr_write_ticks" : 0,
      "aggr_in_queue" : 16459056,
      "aggr_util" : 100.000000
    },
    {
      "name" : "sdd",
      "read_ios" : 15024750,
      "write_ios" : 0,
      "read_merges" : 0,
      "write_merges" : 0,
      "read_ticks" : 42768148,
      "write_ticks" : 0,
      "in_queue" : 42809908,
      "util" : 100.000000
    },
    {
      "name" : "sdb",
      "read_ios" : 16087059,
      "write_ios" : 0,
      "read_merges" : 0,
      "write_merges" : 0,
      "read_ticks" : 8491044,
      "write_ticks" : 0,
      "in_queue" : 8500368,