{
  "fio version" : "fio-3.1",
  "timestamp" : 1574881675,
  "timestamp_ms" : 1574881675748,
  "time" : "Wed Nov 27 20:07:55 2019",
  "jobs" : [
    {
      "jobname" : "iotest",
      "groupid" : 0,
      "error" : 0,
      "eta" : 0,
      "elapsed" : 301,
      "job options" : {
        "rw" : "randwrite",
        "bs" : "4k",
        "ioengine" : "libaio",
        "iodepth" : "8",
        "direct" : "1",
        "invalidate" : "1",
        "refill_buffers" : "1",
        "runtime" : "300",
        "numjobs" : "8",
        "group_reporting" : "1",
        "write_bw_log" : "randwrite-iodepth-8-numjobs-8",
        "write_lat_log" : "randwrite-iodepth-8-numjobs-8",
        "write_iops_log" : "randwrite-iodepth-8-numjobs-8",
        "log_avg_msec" : "1000",
        "filename" : "/dev/md0"
      },
      "read" : {
        "io_bytes" : 0,
        "io_kbytes" : 0,
        "bw" : 0,
        "iops" : 0.000000,
        "runtime" : 0,
        "total_ios" : 0,
        "short_ios" : 0,
        "drop_ios" : 0,
        "slat_ns" : {
          "min" : 0,
          "max" : 0,
          "mean" : 0.000000,
          "stddev" : 0.000000
        },
        "clat_ns" : {
          "min" : 0,
          "max" : 0,
          "mean" : 0.000000,
          "stddev" : 0.000000,
          "percentile" : {
            "1.000000" : 0,
            "5.000000" : 0,
            "10.000000" : 0,
            "20.000000" : 0,
            "30.000000" : 0,
            "40.000000" : 0,
            "50.000000" : 0,
            "60.000000" : 0,
            "70.000000" : 0,
            "80.000000" : 0,
            "90.000000" : 0,
            "95.000000" : 0,
            "99.000000" : 0,
            "99.500000" : 0,
            "99.900000" : 0,
            "99.950000" : 0,
            "99.990000" : 0,
            "0.00" : 0,
            "0.00" : 0,
            "0.00" : 0
          }
        },
        "lat_ns" : {
          "min" : 0,
          "max" : 0,
          "mean" : 0.000000,
          "stddev" : 0.000000
        },
        "bw_min" : 0,
        "bw_max" : 0,
        "bw_agg" : 0.000000,
        "bw_mean" : 0.000000,
        "bw_dev" : 0.000000,
        "bw_samples" : 0,
        "iops_min" : 0,
        "iops_max" : 0,
        "iops_mean" : 0.000000,
        "iops_stddev" : 0.000000,
        "iops_samples" : 0
      },
      "write" : {
        "io_bytes" : 205527379968,
        "io_kbytes" : 200710332,
        "bw" : 669032,
        "iops" : 167258.052473,
        "runtime" : 300001,
        "total_ios" : 50177583,
        "short_ios" : 0,
        "drop_ios" : 0,
        "slat_ns" : {
          "min" : 2276,
          "max" : 1673512,
          "mean" : 9293.855655,
          "stddev" : 5105.563202
        },
        "clat_ns" : {
          "min" : 1509,
          "max" : 5301346,
          "mean" : 370110.239852,
          "stddev" : 246069.182628,
          "percentile" : {
            "1.000000" : 61184,
            "5.000000" : 97792,
            "10.000000" : 129536,
            "20.000000" : 158720,
            "30.000000" : 185344,
            "40.000000" : 232448,
            "50.000000" : 280576,
            "60.000000" : 362496,
            "70.000000" : 468992,
            "80.000000" : 602112,
            "90.000000" : 757760,
            "95.000000" : 856064,
            "99.000000" : 995328,
            "99.500000" : 1044480,
            "99.900000" : 1187840,
            "99.950000" : 1253376,
            "99.990000" : 1630208,
            "0.00" : 0,
            "0.00" : 0,
            "0.00" : 0
          }
        },
        "lat_ns" : {
          "min" : 46984,
          "max" : 5306785,
          "mean" : 379676.950270,
          "stddev" : 245948.462444
        },
        "bw_min" : 81424,
        "bw_max" : 85921,
        "bw_agg" : 12.510592,
        "bw_mean" : 83699.860775,
        "bw_dev" : 619.039973,
        "bw_samples" : 2399,
        "iops_min" : 20356,
        "iops_max" : 21480,
        "iops_mean" : 20924.714464,
        "iops_stddev" : 154.838062,
        "iops_samples" : 2399
      },
      "trim" : {
        "io_bytes" : 0,
        "io_kbytes" : 0,
        "bw" : 0,
        "iops" : 0.000000,
        "runtime" : 0,
        "total_ios" : 0,
        "short_ios" : 0,
        "drop_ios" : 0,
        "slat_ns" : {
          "min" : 0,
          "max" : 0,
          "mean" : 0.000000,
          "stddev" : 0.000000
        },
        "clat_ns" : {
          "min" : 0,
          "max" : 0,
          "mean" : 0.000000,
          "stddev" : 0.000000,
          "percentile" : {
            "1.000000" : 0,
            "5.000000" : 0,
            "10.000000" : 0,
            "20.000000" : 0,
            "30.000000" : 0,
            "40.000000" : 0,
            "50.000000" : 0,
            "60.000000" : 0,
            "70.000000" : 0,
            "80.000000" : 0,
            "90.000000" : 0,
            "95.000000" : 0,
            "99.000000" : 0,
            "99.500000" : 0,
            "99.900000" : 0,
            "99.950000" : 0,
            "99.990000" : 0,
            "0.00" : 0,
            "0.00" : 0,
            "0.00" : 0
          }
        },
        "lat_ns" : {
          "min" : 0,
          "max" : 0,
          "mean" : 0.000000,
          "stddev" : 0.000000
        },
        "bw_min" : 0,
        "bw_max" : 0,
        "bw_agg" : 0.000000,
        "bw_mean" : 0.000000,
        "bw_dev" : 0.000000,
        "bw_samples" : 0,
        "iops_min" : 0,
        "iops_max" : 0,
        "iops_mean" : 0.000000,
        "iops_stddev" : 0.000000,
        "iops_samples" : 0
      },
      "usr_cpu" : 10.971667,
      "sys_cpu" : 25.562333,
      "ctx" : 24747983,
      "majf" : 0,
      "minf" : 234623,
      "iodepth_level" : {
        "1" : 0.100000,
        "2" : 0.100000,
        "4" : 0.100000,
        "8" : 99.999888,
        "16" : 0.000000,
        "32" : 0.000000,
        ">=64" : 0.000000
      },
      "latency_ns" : {
        "2" : 0.000000,
        "4" : 0.000000,
        "10" : 0.000000,
        "20" : 0.000000,
        "50" : 0.000000,
        "100" : 0.000000,
        "250" : 0.000000,
        "500" : 0.000000,
        "750" : 0.000000,
        "1000" : 0.000000
      },
      "latency_us" : {
        "2" : 0.010000,
        "4" : 0.010000,
        "10" : 0.010000,
        "20" : 0.010000,
        "50" : 0.145268,
        "100" : 5.007712,
        "250" : 38.718208,
        "500" : 28.274784,
        "750" : 17.414946,
        "1000" : 9.469374
      },
      "latency_ms" : {
        "2" : 0.963681,
        "4" : 0.010000,
        "10" : 0.010000,
        "20" : 0.000000,
        "50" : 0.000000,
        "100" : 0.000000,
        "250" : 0.000000,
        "500" : 0.000000,
        "750" : 0.000000,
        "1000" : 0.000000,
        "2000" : 0.000000,
        ">=2000" : 0.000000
      },
      "latency_depth" : 8,
      "latency_target" : 0,
      "latency_percentile" : 100.000000,
      "latency_window" : 0
    }
  ],
  "disk_util" : [
    {
      "name" : "md0",
      "read_ios" : 154,
      "write_ios" : 50146257,
      "read_merges" : 0,
      "write_merges" : 0,
      "read_ticks" : 0,
      "write_ticks" : 0,
      "in_queue" : 0,
      "util" : 0.000000,
      "aggr_read_ios" : 113,
      "aggr_write_ios" : 12544395,
      "aggr_read_merges" : 3,
      "aggr_write_merge" : 0,
      "aggr_read_ticks" : 42,
      "aggr_write_ticks" : 4503674,
      "aggr_in_queue" : 4511375,
      "aggr_util" : 100.000000
    },
    {
      "name" : "sdd",
      "read_ios" : 48,
      "write_ios" : 12260713,
      "read_merges" : 0,
      "write_merges" : 0,
      "read_ticks" : 0,
      "write_ticks" : 2694044,
      "in_queue" : 2698352,
      "util" : 99.998000
    },
    {
      "name" : "sdb",
      "read_ios" : 306,
      "write_ios" : 13404620,
      "read_merges" : 15,
      "write_merges" : 0,
      "read_ticks" : 168,
      "write_ticks" : 7294628,
      "in_queue" : 7312684,
      "util" : 100.000000
    },
    {
      "name" : "sde",