{
  "fio version" : "fio-3.1",
  "timestamp" : 1574876863,
  "timestamp_ms" : 1574876863354,
  "time" : "Wed Nov 27 18:47:43 2019",
  "jobs" : [
    {
      "jobname" : "iotest",
      "groupid" : 0,
      "error" : 0,
      "eta" : 0,
      "elapsed" : 301,
      "job options" : {
        "rw" : "randwrite",
        "bs" : "4k",
        "ioengine" : "libaio",
        "iodepth" : "2",
        "direct" : "1",
        "invalidate" : "1",
        "refill_buffers" : "1",
        "runtime" : "300",
        "numjobs" : "2",
        "group_reporting" : "1",
        "write_bw_log" : "randwrite-iodepth-2-numjobs-2",
        "write_lat_log" : "randwrite-iodepth-2-numjobs-2",
        "write_iops_log" : "randwrite-iodepth-2-numjobs-2",
        "log_avg_msec" : "1000",
        "filename" : "/dev/md0"
      },
      "read" : {
        "io_bytes" : 0,
        "io_kbytes" : 0,
        "bw" : 0,
        "iops" : 0.000000,
        "runtime" : 0,
        "total_ios" : 0,
        "short_ios" : 0,
        "drop_ios" : 0,
        "slat_ns" : {
          "min" : 0,
          "max" : 0,
          "mean" : 0.000000,
          "stddev" : 0.000000
        },
        "clat_ns" : {
          "min" : 0,
          "max" : 0,
          "mean" : 0.000000,
          "stddev" : 0.000000,
          "percentile" : {
            "1.000000" : 0,
            "5.000000" : 0,
            "10.000000" : 0,
            "20.000000" : 0,
            "30.000000" : 0,
            "40.000000" : 0,
            "50.000000" : 0,
            "60.000000" : 0,
            "70.000000" : 0,
            "80.000000" : 0,
            "90.000000" : 0,
            "95.000000" : 0,
            "99.000000" : 0,
            "99.500000" : 0,
            "99.900000" : 0,
            "99.950000" : 0,
            "99.990000" : 0,
            "0.00" : 0,
            "0.00" : 0,
            "0.00" : 0
          }
        },
        "lat_ns" : {
          "min" : 0,
          "max" : 0,
          "mean" : 0.000000,
          "stddev" : 0.000000
        },
        "bw_min" : 0,
        "bw_max" : 0,
        "bw_agg" : 0.000000,
        "bw_mean" : 0.000000,
        "bw_dev" : 0.000000,
        "bw_samples" : 0,
        "iops_min" : 0,
        "iops_max" : 0,
        "iops_mean" : 0.000000,
        "iops_stddev" : 0.000000,
        "iops_samples" : 0
      },
      "write" : {
        "io_bytes" : 28279754752,
        "io_kbytes" : 27616948,
        "bw" : 92056,
        "iops" : 23014.046620,
        "runtime" : 300001,
        "total_ios" : 6904237,
        "short_ios" : 0,
        "drop_ios" : 0,
        "slat_ns" : {
          "min" : 3106,
          "max" : 2170968,
          "mean" : 10147.072516,
          "stddev" : 5023.073396
        },
        "clat_ns" : {
          "min" : 1239,
          "max" : 2389258,
          "mean" : 159471.187441,
          "stddev" : 27314.641332,
          "percentile" : {
            "1.000000" : 85504,
            "5.000000" : 138240,
            "10.000000" : 144384,
            "20.000000" : 146432,
            "30.000000" : 148480,
            "40.000000" : 152576,
            "50.000000" : 158720,
            "60.000000" : 164864,
            "70.000000" : 168960,
            "80.000000" : 171008,
            "90.000000" : 177152,
            "95.000000" : 183296,
            "99.000000" : 197632,
            "99.500000" : 257024,
            "99.900000" : 485376,
            "99.950000" : 528384,
            "99.990000" : 774144,
            "0.00" : 0,
            "0.00" : 0,
            "0.00" : 0
          }
        },
        "lat_ns" : {
          "min" : 39096,
          "max" : 2403044,
          "mean" : 169990.965147,
          "stddev" : 28155.738684
        },
        "bw_min" : 42408,
        "bw_max" : 87542,
        "bw_agg" : 50.087609,
        "bw_mean" : 46108.649416,
        "bw_dev" : 3542.624518,
        "bw_samples" : 599,
        "iops_min" : 10602,
        "iops_max" : 21885,
        "iops_mean" : 11526.951586,
        "iops_stddev" : 885.676458,
        "iops_samples" : 599
      },
      "trim" : {
        "io_bytes" : 0,
        "io_kbytes" : 0,
        "bw" : 0,
        "iops" : 0.000000,
        "runtime" : 0,
        "total_ios" : 0,
        "short_ios" : 0,
        "drop_ios" : 0,
        "slat_ns" : {
          "min" : 0,
          "max" : 0,
          "mean" : 0.000000,
          "stddev" : 0.000000
        },
        "clat_ns" : {
          "min" : 0,
          "max" : 0,
          "mean" : 0.000000,
          "stddev" : 0.000000,
          "percentile" : {
            "1.000000" : 0,
            "5.000000" : 0,
            "10.000000" : 0,
            "20.000000" : 0,
            "30.000000" : 0,
            "40.000000" : 0,
            "50.000000" : 0,
            "60.000000" : 0,
            "70.000000" : 0,
            "80.000000" : 0,
            "90.000000" : 0,
            "95.000000" : 0,
            "99.000000" : 0,
            "99.500000" : 0,
            "99.900000" : 0,
            "99.950000" : 0,
            "99.990000" : 0,
            "0.00" : 0,
            "0.00" : 0,
            "0.00" : 0
          }
        },
        "lat_ns" : {
          "min" : 0,
          "max" : 0,
          "mean" : 0.000000,
          "stddev" : 0.000000
        },
        "bw_min" : 0,
        "bw_max" : 0,
        "bw_agg" : 0.000000,
        "bw_mean" : 0.000000,
        "bw_dev" : 0.000000,
        "bw_samples" : 0,
        "iops_min" : 0,
        "iops_max" : 0,
        "iops_mean" : 0.000000,
        "iops_stddev" : 0.000000,
        "iops_samples" : 0
      },
      "usr_cpu" : 8.383333,
      "sys_cpu" : 14.891167,
      "ctx" : 3484452,
      "majf" : 0,
      "minf" : 29706,
      "iodepth_level" : {
        "1" : 0.100000,
        "2" : 99.999971,
        "4" : 0.000000,
        "8" : 0.000000,
        "16" : 0.000000,
        "32" : 0.000000,
        ">=64" : 0.000000
      },
      "latency_ns" : {
        "2" : 0.000000,
        "4" : 0.000000,
        "10" : 0.000000,
        "20" : 0.000000,
        "50" : 0.000000,
        "100" : 0.000000,
        "250" : 0.000000,
        "500" : 0.000000,
        "750" : 0.000000,
        "1000" : 0.000000
      },
      "latency_us" : {
        "2" : 0.010000,
        "4" : 0.010000,
        "10" : 0.010000,
        "20" : 0.010000,
        "50" : 0.444495,
        "100" : 0.838398,
        "250" : 98.194167,
        "500" : 0.437123,
        "750" : 0.074635,
        "1000" : 0.010000
      },
      "latency_ms" : {
        "2" : 0.010000,
        "4" : 0.010000,
        "10" : 0.000000,
        "20" : 0.000000,
        "50" : 0.000000,
        "100" : 0.000000,
        "250" : 0.000000,
        "500" : 0.000000,
        "750" : 0.000000,
        "1000" : 0.000000,
        "2000" : 0.000000,
        ">=2000" : 0.000000
      },
      "latency_depth" : 2,
      "latency_target" : 0,
      "latency_percentile" : 100.000000,
      "latency_window" : 0
    }
  ],
  "disk_util" : [
    {
      "name" : "md0",
      "read_ios" : 154,
      "write_ios" : 6899789,
      "read_merges" : 0,
      "write_merges" : 0,
      "read_ticks" : 0,
      "write_ticks" : 0,
      "in_queue" : 0,
      "util" : 0.000000,
      "aggr_read_ios" : 114,
      "aggr_write_ios" : 1726059,
      "aggr_read_merges" : 3,
      "aggr_write_merge" : 0,
      "aggr_read_ticks" : 7,
      "aggr_write_ticks" : 249508,
      "aggr_in_queue" : 249111,
      "aggr_util" : 60.222149
    },
    {
      "name" : "sdd",
      "read_ios" : 48,
      "write_ios" : 1692296,
      "read_merges" : 0,
      "write_merges" : 0,
      "read_ticks" : 0,
      "write_ticks" : 247164,
      "in_queue" : 246780,
      "util" : 57.443540
    },
    {
      "name" : "sdb",
      "read_ios" : 309,
      "write_ios" : 1829140,
      "read_merges" : 15,
      "write_merges" : 0,
      "read_ticks" : 12,
      "write_ticks" : 266208,
      "in_queue" : 265760,
      "util" : 60.222149
    },
    {
      "name" : "sde",
      "read_ios" : 48,