{
  "fio version" : "fio-3.1",
  "timestamp" : 1574886187,
  "timestamp_ms" : 1574886187580,
  "time" : "Wed Nov 27 21:23:07 2019",
  "jobs" : [
    {
      "jobname" : "iotest",
      "groupid" : 0,
      "error" : 0,
      "eta" : 0,
      "elapsed" : 301,
      "job options" : {
        "rw" : "randwrite",
        "bs" : "4k",
        "ioengine" : "libaio",
        "iodepth" : "32",
        "direct" : "1",
        "invalidate" : "1",
        "refill_buffers" : "1",
        "runtime" : "300",
        "numjobs" : "16",
        "group_reporting" : "1",
        "write_bw_log" : "randwrite-iodepth-32-numjobs-16",
        "write_lat_log" : "randwrite-iodepth-32-numjobs-16",
        "write_iops_log" : "randwrite-iodepth-32-numjobs-16",
        "log_avg_msec" : "1000",
        "filename" : "/dev/md0"
      },
      "read" : {
        "io_bytes" : 0,
        "io_kbytes" : 0,
        "bw" : 0,
        "iops" : 0.000000,
        "runtime" : 0,
        "total_ios" : 0,
        "short_ios" : 0,
        "drop_ios" : 0,
        "slat_ns" : {
          "min" : 0,
          "max" : 0,
          "mean" : 0.000000,
          "stddev" : 0.000000
        },
        "clat_ns" : {
          "min" : 0,
          "max" : 0,
          "mean" : 0.000000,
          "stddev" : 0.000000,
          "percentile" : {
            "1.000000" : 0,
            "5.000000" : 0,
            "10.000000" : 0,
            "20.000000" : 0,
            "30.000000" : 0,
            "40.000000" : 0,
            "50.000000" : 0,
            "60.000000" : 0,
            "70.000000" : 0,
            "80.000000" : 0,
            "90.000000" : 0,
            "95.000000" : 0,
            "99.000000" : 0,
            "99.500000" : 0,
            "99.900000" : 0,
            "99.950000" : 0,
            "99.990000" : 0,
            "0.00" : 0,
            "0.00" : 0,
            "0.00" : 0
          }
        },
        "lat_ns" : {
          "min" : 0,
          "max" : 0,
          "mean" : 0.000000,
          "stddev" : 0.000000
        },
        "bw_min" : 0,
        "bw_max" : 0,
        "bw_agg" : 0.000000,
        "bw_mean" : 0.000000,
        "bw_dev" : 0.000000,
        "bw_samples" : 0,
        "iops_min" : 0,
        "iops_max" : 0,
        "iops_mean" : 0.000000,
        "iops_stddev" : 0.000000,
        "iops_samples" : 0
      },
      "write" : {
        "io_bytes" : 201367638016,
        "io_kbytes" : 196648084,
        "bw" : 655480,
        "iops" : 163870.125931,
        "runtime" : 300006,
        "total_ios" : 49162021,
        "short_ios" : 0,
        "drop_ios" : 0,
        "slat_ns" : {
          "min" : 2151,
          "max" : 10383014,
          "mean" : 89913.481823,
          "stddev" : 501475.487616
        },
        "clat_ns" : {
          "min" : 39873,
          "max" : 14256946,
          "mean" : 3032126.792201,
          "stddev" : 1332647.033054,
          "percentile" : {
            "1.000000" : 160768,
            "5.000000" : 226304,
            "10.000000" : 366592,
            "20.000000" : 2703360,
            "30.000000" : 2965504,
            "40.000000" : 3129344,
            "50.000000" : 3260416,
            "60.000000" : 3391488,
            "70.000000" : 3522560,
            "80.000000" : 3719168,
            "90.000000" : 4079616,
            "95.000000" : 4685824,
            "99.000000" : 6651904,
            "99.500000" : 7110656,
            "99.900000" : 8093696,
            "99.950000" : 8454144,
            "99.990000" : 9764864,
            "0.00" : 0,
            "0.00" : 0,
            "0.00" : 0
          }
        },
        "lat_ns" : {
          "min" : 45978,
          "max" : 15858528,
          "mean" : 3122241.883865,
          "stddev" : 1460149.513172
        },
        "bw_min" : 35120,
        "bw_max" : 44020,
        "bw_agg" : 6.255120,
        "bw_mean" : 41001.059167,
        "bw_dev" : 2047.706184,
        "bw_samples" : 4800,
        "iops_min" : 8780,
        "iops_max" : 11005,
        "iops_mean" : 10250.053125,
        "iops_stddev" : 511.907941,
        "iops_samples" : 4800
      },
      "trim" : {
        "io_bytes" : 0,
        "io_kbytes" : 0,
        "bw" : 0,
        "iops" : 0.000000,
        "runtime" : 0,
        "total_ios" : 0,
        "short_ios" : 0,
        "drop_ios" : 0,
        "slat_ns" : {
          "min" : 0,
          "max" : 0,
          "mean" : 0.000000,
          "stddev" : 0.000000
        },
        "clat_ns" : {
          "min" : 0,
          "max" : 0,
          "mean" : 0.000000,
          "stddev" : 0.000000,
          "percentile" : {
            "1.000000" : 0,
            "5.000000" : 0,
            "10.000000" : 0,
            "20.000000" : 0,
            "30.000000" : 0,
            "40.000000" : 0,
            "50.000000" : 0,
            "60.000000" : 0,
            "70.000000" : 0,
            "80.000000" : 0,
            "90.000000" : 0,
            "95.000000" : 0,
            "99.000000" : 0,
            "99.500000" : 0,
            "99.900000" : 0,
            "99.950000" : 0,
            "99.990000" : 0,
            "0.00" : 0,
            "0.00" : 0,
            "0.00" : 0
          }
        },
        "lat_ns" : {
          "min" : 0,
          "max" : 0,
          "mean" : 0.000000,
          "stddev" : 0.000000
        },
        "bw_min" : 0,
        "bw_max" : 0,
        "bw_agg" : 0.000000,
        "bw_mean" : 0.000000,
        "bw_dev" : 0.000000,
        "bw_samples" : 0,
        "iops_min" : 0,
        "iops_max" : 0,
        "iops_mean" : 0.000000,
        "iops_stddev" : 0.000000,
        "iops_samples" : 0
      },
      "usr_cpu" : 3.203429,
      "sys_cpu" : 5.812509,
      "ctx" : 4689617,
      "majf" : 0,
      "minf" : 229020,
      "iodepth_level" : {
        "1" : 0.100000,
        "2" : 0.100000,
        "4" : 0.100000,
        "8" : 0.100000,
        "16" : 0.100000,
        "32" : 99.998991,
        ">=64" : 0.000000
      },
      "latency_ns" : {
        "2" : 0.000000,
        "4" : 0.000000,
        "10" : 0.000000,
        "20" : 0.000000,
        "50" : 0.000000,
        "100" : 0.000000,
        "250" : 0.000000,
        "500" : 0.000000,
        "750" : 0.000000,
        "1000" : 0.000000
      },
      "latency_us" : {
        "2" : 0.000000,
        "4" : 0.000000,
        "10" : 0.000000,
        "20" : 0.000000,
        "50" : 0.010000,
        "100" : 0.091042,
        "250" : 6.049654,
        "500" : 6.625431,
        "750" : 1.232994,
        "1000" : 0.323329
      },
      "latency_ms" : {
        "2" : 0.584097,
        "4" : 73.396781,
        "10" : 11.686013,
        "20" : 0.010000,
        "50" : 0.000000,
        "100" : 0.000000,
        "250" : 0.000000,
        "500" : 0.000000,
        "750" : 0.000000,
        "1000" : 0.000000,
        "2000" : 0.000000,
        ">=2000" : 0.000000
      },
      "latency_depth" : 32,
      "latency_target" : 0,
      "latency_percentile" : 100.000000,
      "latency_window" : 0
    }
  ],
  "disk_util" : [
    {
      "name" : "md0",
      "read_ios" : 308,
      "write_ios" : 49126733,
      "read_merges" : 0,
      "write_merges" : 0,
      "read_ticks" : 0,
      "write_ticks" : 0,
      "in_queue" : 0,
      "util" : 0.000000,
      "aggr_read_ios" : 151,
      "aggr_write_ios" : 12290505,
      "aggr_read_merges" : 5,
      "aggr_write_merge" : 0,
      "aggr_read_ticks" : 82,
      "aggr_write_ticks" : 15503700,
      "aggr_in_queue" : 15515655,
      "aggr_util" : 100.000000
    },
    {
      "name" : "sdd",
      "read_ios" : 64,
      "write_ios" : 12053692,
      "read_merges" : 0,
      "write_merges" : 0,
      "read_ticks" : 0,
      "write_ticks" : 6109632,
      "in_queue" : 6114424,
      "util" : 94.488210
    },
    {
      "name" : "sdb",
      "read_ios" : 410,
      "write_ios" : 13012848,
      "read_merges" : 20,
      "write_merges" : 0,
      "read_ticks" : 328,
      "write_ticks" : 41759296,
      "in_queue" : 41791828,