{
  "fio version" : "fio-3.1",
  "timestamp" : 1574884382,
  "timestamp_ms" : 1574884382829,
  "time" : "Wed Nov 27 20:53:02 2019",
  "jobs" : [
    {
      "jobname" : "iotest",
      "groupid" : 0,
      "error" : 0,
      "eta" : 0,
      "elapsed" : 301,
      "job options" : {
        "rw" : "randwrite",
        "bs" : "4k",
        "ioengine" : "libaio",
        "iodepth" : "16",
        "direct" : "1",
        "invalidate" : "1",
        "refill_buffers" : "1",
        "runtime" : "300",
        "numjobs" : "32",
        "group_reporting" : "1",
        "write_bw_log" : "randwrite-iodepth-16-numjobs-32",
        "write_lat_log" : "randwrite-iodepth-16-numjobs-32",
        "write_iops_log" : "randwrite-iodepth-16-numjobs-32",
        "log_avg_msec" : "1000",
        "filename" : "/dev/md0"
      },
      "read" : {
        "io_bytes" : 0,
        "io_kbytes" : 0,
        "bw" : 0,
        "iops" : 0.000000,
        "runtime" : 0,
        "total_ios" : 0,
        "short_ios" : 0,
        "drop_ios" : 0,
        "slat_ns" : {
          "min" : 0,
          "max" : 0,
          "mean" : 0.000000,
          "stddev" : 0.000000
        },
        "clat_ns" : {
          "min" : 0,
          "max" : 0,
          "mean" : 0.000000,
          "stddev" : 0.000000,
          "percentile" : {
            "1.000000" : 0,
            "5.000000" : 0,
            "10.000000" : 0,
            "20.000000" : 0,
            "30.000000" : 0,
            "40.000000" : 0,
            "50.000000" : 0,
            "60.000000" : 0,
            "70.000000" : 0,
            "80.000000" : 0,
            "90.000000" : 0,
            "95.000000" : 0,
            "99.000000" : 0,
            "99.500000" : 0,
            "99.900000" : 0,
            "99.950000" : 0,
            "99.990000" : 0,
            "0.00" : 0,
            "0.00" : 0,
            "0.00" : 0
          }
        },
        "lat_ns" : {
          "min" : 0,
          "max" : 0,
          "mean" : 0.000000,
          "stddev" : 0.000000
        },
        "bw_min" : 0,
        "bw_max" : 0,
        "bw_agg" : 0.000000,
        "bw_mean" : 0.000000,
        "bw_dev" : 0.000000,
        "bw_samples" : 0,
        "iops_min" : 0,
        "iops_max" : 0,
        "iops_mean" : 0.000000,
        "iops_stddev" : 0.000000,
        "iops_samples" : 0
      },
      "write" : {
        "io_bytes" : 206122774528,
        "io_kbytes" : 201291772,
        "bw" : 670954,
        "iops" : 167738.670302,
        "runtime" : 300008,
        "total_ios" : 50322943,
        "short_ios" : 0,
        "drop_ios" : 0,
        "slat_ns" : {
          "min" : 2096,
          "max" : 21591418,
          "mean" : 156767.836593,
          "stddev" : 901803.466855
        },
        "clat_ns" : {
          "min" : 1300,
          "max" : 24986433,
          "mean" : 2892654.034663,
          "stddev" : 2938625.944985,
          "percentile" : {
            "1.000000" : 76288,
            "5.000000" : 130560,
            "10.000000" : 168960,
            "20.000000" : 242688,
            "30.000000" : 325632,
            "40.000000" : 452608,
            "50.000000" : 749568,
            "60.000000" : 4685824,
            "70.000000" : 5799936,
            "80.000000" : 6258688,
            "90.000000" : 6848512,
            "95.000000" : 7241728,
            "99.000000" : 8224768,
            "99.500000" : 8585216,
            "99.900000" : 9633792,
            "99.950000" : 10158080,
            "99.990000" : 11599872,
            "0.00" : 0,
            "0.00" : 0,
            "0.00" : 0
          }
        },
        "lat_ns" : {
          "min" : 45871,
          "max" : 29301574,
          "mean" : 3049652.974129,
          "stddev" : 3245071.517242
        },
        "bw_min" : 17709,
        "bw_max" : 24640,
        "bw_agg" : 3.126861,
        "bw_mean" : 20979.801979,
        "bw_dev" : 810.952105,
        "bw_samples" : 9600,
        "iops_min" : 4427,
        "iops_max" : 6160,
        "iops_mean" : 5244.824688,
        "iops_stddev" : 202.767537,
        "iops_samples" : 9600
      },
      "trim" : {
        "io_bytes" : 0,
        "io_kbytes" : 0,
        "bw" : 0,
        "iops" : 0.000000,
        "runtime" : 0,
        "total_ios" : 0,
        "short_ios" : 0,
        "drop_ios" : 0,
        "slat_ns" : {
          "min" : 0,
          "max" : 0,
          "mean" : 0.000000,
          "stddev" : 0.000000
        },
        "clat_ns" : {
          "min" : 0,
          "max" : 0,
          "mean" : 0.000000,
          "stddev" : 0.000000,
          "percentile" : {
            "1.000000" : 0,
            "5.000000" : 0,
            "10.000000" : 0,
            "20.000000" : 0,
            "30.000000" : 0,
            "40.000000" : 0,
            "50.000000" : 0,
            "60.000000" : 0,
            "70.000000" : 0,
            "80.000000" : 0,
            "90.000000" : 0,
            "95.000000" : 0,
            "99.000000" : 0,
            "99.500000" : 0,
            "99.900000" : 0,
            "99.950000" : 0,
            "99.990000" : 0,
            "0.00" : 0,
            "0.00" : 0,
            "0.00" : 0
          }
        },
        "lat_ns" : {
          "min" : 0,
          "max" : 0,
          "mean" : 0.000000,
          "stddev" : 0.000000
        },
        "bw_min" : 0,
        "bw_max" : 0,
        "bw_agg" : 0.000000,
        "bw_mean" : 0.000000,
        "bw_dev" : 0.000000,
        "bw_samples" : 0,
        "iops_min" : 0,
        "iops_max" : 0,
        "iops_mean" : 0.000000,
        "iops_stddev" : 0.000000,
        "iops_samples" : 0
      },
      "usr_cpu" : 2.042085,
      "sys_cpu" : 4.124283,
      "ctx" : 17605095,
      "majf" : 0,
      "minf" : 2356028,
      "iodepth_level" : {
        "1" : 0.100000,
        "2" : 0.100000,
        "4" : 0.100000,
        "8" : 0.100000,
        "16" : 99.999046,
        "32" : 0.000000,
        ">=64" : 0.000000
      },
      "latency_ns" : {
        "2" : 0.000000,
        "4" : 0.000000,
        "10" : 0.000000,
        "20" : 0.000000,
        "50" : 0.000000,
        "100" : 0.000000,
        "250" : 0.000000,
        "500" : 0.000000,
        "750" : 0.000000,
        "1000" : 0.000000
      },
      "latency_us" : {
        "2" : 0.010000,
        "4" : 0.010000,
        "10" : 0.010000,
        "20" : 0.010000,
        "50" : 0.083336,
        "100" : 2.272757,
        "250" : 18.683351,
        "500" : 21.534436,
        "750" : 7.492427,
        "1000" : 3.106404
      },
      "latency_ms" : {
        "2" : 3.160207,
        "4" : 2.342387,
        "10" : 41.260898,
        "20" : 0.062882,
        "50" : 0.010000,
        "100" : 0.000000,
        "250" : 0.000000,
        "500" : 0.000000,
        "750" : 0.000000,
        "1000" : 0.000000,
        "2000" : 0.000000,
        ">=2000" : 0.000000
      },
      "latency_depth" : 16,
      "latency_target" : 0,
      "latency_percentile" : 100.000000,
      "latency_window" : 0
    }
  ],
  "disk_util" : [
    {
      "name" : "md0",
      "read_ios" : 311,
      "write_ios" : 50322916,
      "read_merges" : 0,
      "write_merges" : 0,
      "read_ticks" : 0,
      "write_ticks" : 0,
      "in_queue" : 0,
      "util" : 0.000000,
      "aggr_read_ios" : 227,
      "aggr_write_ios" : 12580735,
      "aggr_read_merges" : 7,
      "aggr_write_merge" : 0,
      "aggr_read_ticks" : 137,
      "aggr_write_ticks" : 14485478,
      "aggr_in_queue" : 14512172,
      "aggr_util" : 100.000000
    },
    {
      "name" : "sdd",
      "read_ios" : 96,
      "write_ios" : 12353688,
      "read_merges" : 0,
      "write_merges" : 0,
      "read_ticks" : 32,
      "write_ticks" : 4835692,
      "in_queue" : 4842872,
      "util" : 98.526681
    },
    {
      "name" : "sdb",
      "read_ios" : 615,
      "write_ios" : 13260325,
      "read_merges" : 30,
      "write_merges" : 0,
      "read_ticks" : 440,
      "write_ticks" : 40281708,
      "in_queue" : 40360824,