{
  "fio version" : "fio-3.1",
  "timestamp" : 1565386156,
  "timestamp_ms" : 1565386156031,
  "time" : "Fri Aug  9 23:29:16 2019",
  "jobs" : [
    {
      "jobname" : "random-read",
      "groupid" : 0,
      "error" : 0,
      "eta" : 0,
      "elapsed" : 62,
      "job options" : {
        "rw" : "randwrite",
        "bs" : "4k",
        "ioengine" : "libaio",
        "iodepth" : "1",
        "direct" : "1",
        "invalidate" : "1",
        "refill_buffers" : "1",
        "runtime" : "60",
        "numjobs" : "64",
        "group_reporting" : "1",
        "write_bw_log" : "random-read-depth-1",
        "write_lat_log" : "random-read-depth-1",
        "write_iops_log" : "random-read-depth-1",
        "log_avg_msec" : "500",
        "filename" : "/dev/sda"
      },
      "read" : {
        "io_bytes" : 0,
        "io_kbytes" : 0,
        "bw" : 0,
        "iops" : 0.000000,
        "runtime" : 0,
        "total_ios" : 0,
        "short_ios" : 0,
        "drop_ios" : 0,
        "slat_ns" : {
          "min" : 0,
          "max" : 0,
          "mean" : 0.000000,
          "stddev" : 0.000000
        },
        "clat_ns" : {
          "min" : 0,
          "max" : 0,
          "mean" : 0.000000,
          "stddev" : 0.000000,
          "percentile" : {
            "1.000000" : 0,
            "5.000000" : 0,
            "10.000000" : 0,
            "20.000000" : 0,
            "30.000000" : 0,
            "40.000000" : 0,
            "50.000000" : 0,
            "60.000000" : 0,
            "70.000000" : 0,
            "80.000000" : 0,
            "90.000000" : 0,
            "95.000000" : 0,
            "99.000000" : 0,
            "99.500000" : 0,
            "99.900000" : 0,
            "99.950000" : 0,
            "99.990000" : 0,
            "0.00" : 0,
            "0.00" : 0,
            "0.00" : 0
          }
        },
        "lat_ns" : {
          "min" : 0,
          "max" : 0,
          "mean" : 0.000000,
          "stddev" : 0.000000
        },
        "bw_min" : 0,
        "bw_max" : 0,
        "bw_agg" : 0.000000,
        "bw_mean" : 0.000000,
        "bw_dev" : 0.000000,
        "bw_samples" : 0,
        "iops_min" : 0,
        "iops_max" : 0,
        "iops_mean" : 0.000000,
        "iops_stddev" : 0.000000,
        "iops_samples" : 0
      },
      "write" : {
        "io_bytes" : 11696263168,
        "io_kbytes" : 11422132,
        "bw" : 190311,
        "iops" : 47577.943284,
        "runtime" : 60018,
        "total_ios" : 2855533,
        "short_ios" : 0,
        "drop_ios" : 0,
        "slat_ns" : {
          "min" : 5428,
          "max" : 54487563,
          "mean" : 14424.949742,
          "stddev" : 51496.936960
        },
        "clat_ns" : {
          "min" : 1317,
          "max" : 61246888,
          "mean" : 1309825.860317,
          "stddev" : 765696.177059,
          "percentile" : {
            "1.000000" : 700416,
            "5.000000" : 790528,
            "10.000000" : 815104,
            "20.000000" : 839680,
            "30.000000" : 864256,
            "40.000000" : 880640,
            "50.000000" : 905216,
            "60.000000" : 946176,
            "70.000000" : 1171456,
            "80.000000" : 2023424,
            "90.000000" : 2572288,
            "95.000000" : 2932736,
            "99.000000" : 3620864,
            "99.500000" : 3883008,
            "99.900000" : 4489216,
            "99.950000" : 4751360,
            "99.990000" : 6258688,
            "0.00" : 0,
            "0.00" : 0,
            "0.00" : 0
          }
        },
        "lat_ns" : {
          "min" : 38912,
          "max" : 61269130,
          "mean" : 1326328.334592,
          "stddev" : 774580.678605
        },
        "bw_min" : 136,
        "bw_max" : 5759,
        "bw_agg" : 1.573528,
        "bw_mean" : 2994.596076,
        "bw_dev" : 1277.492015,
        "bw_samples" : 7645,
        "iops_min" : 34,
        "iops_max" : 1439,
        "iops_mean" : 748.359451,
        "iops_stddev" : 319.382440,
        "iops_samples" : 7645
      },
      "trim" : {
        "io_bytes" : 0,
        "io_kbytes" : 0,
        "bw" : 0,
        "iops" : 0.000000,
        "runtime" : 0,
        "total_ios" : 0,
        "short_ios" : 0,
        "drop_ios" : 0,
        "slat_ns" : {
          "min" : 0,
          "max" : 0,
          "mean" : 0.000000,
          "stddev" : 0.000000
        },
        "clat_ns" : {
          "min" : 0,
          "max" : 0,
          "mean" : 0.000000,
          "stddev" : 0.000000,
          "percentile" : {
            "1.000000" : 0,
            "5.000000" : 0,
            "10.000000" : 0,
            "20.000000" : 0,
            "30.000000" : 0,
            "40.000000" : 0,
            "50.000000" : 0,
            "60.000000" : 0,
            "70.000000" : 0,
            "80.000000" : 0,
            "90.000000" : 0,
            "95.000000" : 0,
            "99.000000" : 0,
            "99.500000" : 0,
            "99.900000" : 0,
            "99.950000" : 0,
            "99.990000" : 0,
            "0.00" : 0,
            "0.00" : 0,
            "0.00" : 0
          }
        },
        "lat_ns" : {
          "min" : 0,
          "max" : 0,
          "mean" : 0.000000,
          "stddev" : 0.000000
        },
        "bw_min" : 0,
        "bw_max" : 0,
        "bw_agg" : 0.000000,
        "bw_mean" : 0.000000,
        "bw_dev" : 0.000000,
        "bw_samples" : 0,
        "iops_min" : 0,
        "iops_max" : 0,
        "iops_mean" : 0.000000,
        "iops_stddev" : 0.000000,
        "iops_samples" : 0
      },
      "usr_cpu" : 0.804406,
      "sys_cpu" : 2.270280,
      "ctx" : 2868751,
      "majf" : 0,
      "minf" : 2633,
      "iodepth_level" : {
        "1" : 100.000000,
        "2" : 0.000000,
        "4" : 0.000000,
        "8" : 0.000000,
        "16" : 0.000000,
        "32" : 0.000000,
        ">=64" : 0.000000
      },
      "latency_ns" : {
        "2" : 0.000000,
        "4" : 0.000000,
        "10" : 0.000000,
        "20" : 0.000000,
        "50" : 0.000000,
        "100" : 0.000000,
        "250" : 0.000000,
        "500" : 0.000000,
        "750" : 0.000000,
        "1000" : 0.000000
      },
      "latency_us" : {
        "2" : 0.016004,
        "4" : 0.038557,
        "10" : 0.010000,
        "20" : 0.010000,
        "50" : 0.061320,
        "100" : 0.024934,
        "250" : 0.067483,
        "500" : 0.051129,
        "750" : 1.876077,
        "1000" : 61.641242
      },
      "latency_ms" : {
        "2" : 15.875355,
        "4" : 19.964889,
        "10" : 0.374046,
        "20" : 0.010000,
        "50" : 0.010000,
        "100" : 0.010000,
        "250" : 0.000000,
        "500" : 0.000000,
        "750" : 0.000000,
        "1000" : 0.000000,
        "2000" : 0.000000,
        ">=2000" : 0.000000
      },
      "latency_depth" : 1,
      "latency_target" : 0,
      "latency_percentile" : 100.000000,
      "latency_window" : 0
    }
  ],
  "disk_util" : [
    {
      "name" : "sda",
      "read_ios" : 90,
      "write_ios" : 2853293,
      "read_merges" : 0,
      "write_merges" : 0,
      "read_ticks" : 22,
      "write_ticks" : 211494,
      "in_queue" : 212702,
      "util" : 98.660132
    }
  ]
}
