{
  "fio version" : "fio-3.1",
  "timestamp" : 1568498966,
  "timestamp_ms" : 1568498966401,
  "time" : "Sun Sep 15 00:09:26 2019",
  "jobs" : [
    {
      "jobname" : "random-read",
      "groupid" : 0,
      "error" : 0,
      "eta" : 0,
      "elapsed" : 61,
      "job options" : {
        "rw" : "randread",
        "bs" : "4k",
        "ioengine" : "libaio",
        "iodepth" : "32",
        "direct" : "1",
        "invalidate" : "1",
        "refill_buffers" : "1",
        "norandommap" : "1",
        "runtime" : "60",
        "numjobs" : "64",
        "group_reporting" : "1",
        "write_bw_log" : "random-read-depth-32",
        "write_lat_log" : "random-read-depth-32",
        "write_iops_log" : "random-read-depth-32",
        "log_avg_msec" : "500",
        "filename" : "/dev/sdd"
      },
      "read" : {
        "io_bytes" : 12821811200,
        "io_kbytes" : 12521300,
        "bw" : 208663,
        "iops" : 52165.997300,
        "runtime" : 60007,
        "total_ios" : 3130325,
        "short_ios" : 0,
        "drop_ios" : 0,
        "slat_ns" : {
          "min" : 1820,
          "max" : 52817770,
          "mean" : 1209197.351181,
          "stddev" : 4724329.712313
        },
        "clat_ns" : {
          "min" : 1910848,
          "max" : 125462106,
          "mean" : 38034050.855137,
          "stddev" : 14476996.327656,
          "percentile" : {
            "1.000000" : 2998272,
            "5.000000" : 18219008,
            "10.000000" : 19791872,
            "20.000000" : 22675456,
            "30.000000" : 31588352,
            "40.000000" : 35389440,
            "50.000000" : 38010880,
            "60.000000" : 40632320,
            "70.000000" : 43778048,
            "80.000000" : 49545216,
            "90.000000" : 57933824,
            "95.000000" : 62652416,
            "99.000000" : 74973184,
            "99.500000" : 79167488,
            "99.900000" : 88604672,
            "99.950000" : 92798976,
            "99.990000" : 103284736,
            "0.00" : 0,
            "0.00" : 0,
            "0.00" : 0
          }
        },
        "lat_ns" : {
          "min" : 1943803,
          "max" : 129040834,
          "mean" : 39243425.584155,
          "stddev" : 14616061.982801
        },
        "bw_min" : 2352,
        "bw_max" : 4945,
        "bw_agg" : 1.562822,
        "bw_mean" : 3261.032292,
        "bw_dev" : 320.115116,
        "bw_samples" : 7680,
        "iops_min" : 588,
        "iops_max" : 1236,
        "iops_mean" : 815.061198,
        "iops_stddev" : 79.978625,
        "iops_samples" : 7680
      },
      "write" : {
        "io_bytes" : 0,
        "io_kbytes" : 0,
        "bw" : 0,
        "iops" : 0.000000,
        "runtime" : 0,
        "total_ios" : 0,
        "short_ios" : 0,
        "drop_ios" : 0,
        "slat_ns" : {
          "min" : 0,
          "max" : 0,
          "mean" : 0.000000,
          "stddev" : 0.000000
        },
        "clat_ns" : {
          "min" : 0,
          "max" : 0,
          "mean" : 0.000000,
          "stddev" : 0.000000,
          "percentile" : {
            "1.000000" : 0,
            "5.000000" : 0,
            "10.000000" : 0,
            "20.000000" : 0,
            "30.000000" : 0,
            "40.000000" : 0,
            "50.000000" : 0,
            "60.000000" : 0,
            "70.000000" : 0,
            "80.000000" : 0,
            "90.000000" : 0,
            "95.000000" : 0,
            "99.000000" : 0,
            "99.500000" : 0,
            "99.900000" : 0,
            "99.950000" : 0,
            "99.990000" : 0,
            "0.00" : 0,
            "0.00" : 0,
            "0.00" : 0
          }
        },
        "lat_ns" : {
          "min" : 0,
          "max" : 0,
          "mean" : 0.000000,
          "stddev" : 0.000000
        },
        "bw_min" : 0,
        "bw_max" : 0,
        "bw_agg" : 0.000000,
        "bw_mean" : 0.000000,
        "bw_dev" : 0.000000,
        "bw_samples" : 0,
        "iops_min" : 0,
        "iops_max" : 0,
        "iops_mean" : 0.000000,
        "iops_stddev" : 0.000000,
        "iops_samples" : 0
      },
      "trim" : {
        "io_bytes" : 0,
        "io_kbytes" : 0,
        "bw" : 0,
        "iops" : 0.000000,
        "runtime" : 0,
        "total_ios" : 0,
        "short_ios" : 0,
        "drop_ios" : 0,
        "slat_ns" : {
          "min" : 0,
          "max" : 0,
          "mean" : 0.000000,
          "stddev" : 0.000000
        },
        "clat_ns" : {
          "min" : 0,
          "max" : 0,
          "mean" : 0.000000,
          "stddev" : 0.000000,
          "percentile" : {
            "1.000000" : 0,
            "5.000000" : 0,
            "10.000000" : 0,
            "20.000000" : 0,
            "30.000000" : 0,
            "40.000000" : 0,
            "50.000000" : 0,
            "60.000000" : 0,
            "70.000000" : 0,
            "80.000000" : 0,
            "90.000000" : 0,
            "95.000000" : 0,
            "99.000000" : 0,
            "99.500000" : 0,
            "99.900000" : 0,
            "99.950000" : 0,
            "99.990000" : 0,
            "0.00" : 0,
            "0.00" : 0,
            "0.00" : 0
          }
        },
        "lat_ns" : {
          "min" : 0,
          "max" : 0,
          "mean" : 0.000000,
          "stddev" : 0.000000
        },
        "bw_min" : 0,
        "bw_max" : 0,
        "bw_agg" : 0.000000,
        "bw_mean" : 0.000000,
        "bw_dev" : 0.000000,
        "bw_samples" : 0,
        "iops_min" : 0,
        "iops_max" : 0,
        "iops_mean" : 0.000000,
        "iops_stddev" : 0.000000,
        "iops_samples" : 0
      },
      "usr_cpu" : 0.156319,
      "sys_cpu" : 0.377998,
      "ctx" : 223181,
      "majf" : 0,
      "minf" : 3589,
      "iodepth_level" : {
        "1" : 0.100000,
        "2" : 0.100000,
        "4" : 0.100000,
        "8" : 0.100000,
        "16" : 0.100000,
        "32" : 99.936620,
        ">=64" : 0.000000
      },
      "latency_ns" : {
        "2" : 0.000000,
        "4" : 0.000000,
        "10" : 0.000000,
        "20" : 0.000000,
        "50" : 0.000000,
        "100" : 0.000000,
        "250" : 0.000000,
        "500" : 0.000000,
        "750" : 0.000000,
        "1000" : 0.000000
      },
      "latency_us" : {
        "2" : 0.000000,
        "4" : 0.000000,
        "10" : 0.000000,
        "20" : 0.000000,
        "50" : 0.000000,
        "100" : 0.000000,
        "250" : 0.000000,
        "500" : 0.000000,
        "750" : 0.000000,
        "1000" : 0.000000
      },
      "latency_ms" : {
        "2" : 0.010000,
        "4" : 1.302580,
        "10" : 0.015046,
        "20" : 9.071167,
        "50" : 69.817128,
        "100" : 19.777307,
        "250" : 0.015462,
        "500" : 0.000000,
        "750" : 0.000000,
        "1000" : 0.000000,
        "2000" : 0.000000,
        ">=2000" : 0.000000
      },
      "latency_depth" : 32,
      "latency_target" : 0,
      "latency_percentile" : 100.000000,
      "latency_window" : 0
    }
  ],
  "disk_util" : [
    {
      "name" : "sdd",
      "read_ios" : 3120589,
      "write_ios" : 0,
      "read_merges" : 1,
      "write_merges" : 0,
      "read_ticks" : 9331192,
      "write_ticks" : 0,
      "in_queue" : 9335932,
      "util" : 99.864903
    }
  ]
}
