{
  "fio version" : "fio-3.1",
  "timestamp" : 1576536496,
  "timestamp_ms" : 1576536496106,
  "time" : "Mon Dec 16 23:48:16 2019",
  "jobs" : [
    {
      "jobname" : "iotest",
      "groupid" : 0,
      "error" : 0,
      "eta" : 0,
      "elapsed" : 106,
      "job options" : {
        "rw" : "randwrite",
        "bs" : "4k",
        "ioengine" : "libaio",
        "iodepth" : "16",
        "direct" : "1",
        "invalidate" : "1",
        "refill_buffers" : "1",
        "numjobs" : "1",
        "group_reporting" : "1",
        "write_bw_log" : "randwrite-iodepth-16-numjobs-1",
        "write_lat_log" : "randwrite-iodepth-16-numjobs-1",
        "write_iops_log" : "randwrite-iodepth-16-numjobs-1",
        "log_avg_msec" : "1000",
        "filename" : "/dev/sde"
      },
      "read" : {
        "io_bytes" : 0,
        "io_kbytes" : 0,
        "bw" : 0,
        "iops" : 0.000000,
        "runtime" : 0,
        "total_ios" : 0,
        "short_ios" : 0,
        "drop_ios" : 0,
        "slat_ns" : {
          "min" : 0,
          "max" : 0,
          "mean" : 0.000000,
          "stddev" : 0.000000
        },
        "clat_ns" : {
          "min" : 0,
          "max" : 0,
          "mean" : 0.000000,
          "stddev" : 0.000000,
          "percentile" : {
            "1.000000" : 0,
            "5.000000" : 0,
            "10.000000" : 0,
            "20.000000" : 0,
            "30.000000" : 0,
            "40.000000" : 0,
            "50.000000" : 0,
            "60.000000" : 0,
            "70.000000" : 0,
            "80.000000" : 0,
            "90.000000" : 0,
            "95.000000" : 0,
            "99.000000" : 0,
            "99.500000" : 0,
            "99.900000" : 0,
            "99.950000" : 0,
            "99.990000" : 0,
            "0.00" : 0,
            "0.00" : 0,
            "0.00" : 0
          }
        },
        "lat_ns" : {
          "min" : 0,
          "max" : 0,
          "mean" : 0.000000,
          "stddev" : 0.000000
        },
        "bw_min" : 0,
        "bw_max" : 0,
        "bw_agg" : 0.000000,
        "bw_mean" : 0.000000,
        "bw_dev" : 0.000000,
        "bw_samples" : 0,
        "iops_min" : 0,
        "iops_max" : 0,
        "iops_mean" : 0.000000,
        "iops_stddev" : 0.000000,
        "iops_samples" : 0
      },
      "write" : {
        "io_bytes" : 1474560,
        "io_kbytes" : 1440,
        "bw" : 13,
        "iops" : 3.434590,
        "runtime" : 104816,
        "total_ios" : 360,
        "short_ios" : 0,
        "drop_ios" : 0,
        "slat_ns" : {
          "min" : 7041,
          "max" : 118592,
          "mean" : 41202.852778,
          "stddev" : 18698.982513
        },
        "clat_ns" : {
          "min" : 639852722,
          "max" : 8703917674,
          "mean" : 4560100222.177780,
          "stddev" : 2053575500.896093,
          "percentile" : {
            "1.000000" : 767557632,
            "5.000000" : 1082130432,
            "10.000000" : 1535115264,
            "20.000000" : 2432696320,
            "30.000000" : 3271557120,
            "40.000000" : 3976200192,
            "50.000000" : 4731174912,
            "60.000000" : 5469372416,
            "70.000000" : 6006243328,
            "80.000000" : 6341787648,
            "90.000000" : 7079985152,
            "95.000000" : 7549747200,
            "99.000000" : 8489271296,
            "99.500000" : 8556380160,
            "99.900000" : 8657043456,
            "99.950000" : 8657043456,
            "99.990000" : 8657043456,
            "0.00" : 0,
            "0.00" : 0,
            "0.00" : 0
          }
        },
        "lat_ns" : {
          "min" : 640016589,
          "max" : 8703973010,
          "mean" : 4560144356.208333,
          "stddev" : 2053578557.204998
        },
        "bw_min" : 4,
        "bw_max" : 28,
        "bw_agg" : 100.000000,
        "bw_mean" : 14.071429,
        "bw_dev" : 5.109623,
        "bw_samples" : 98,
        "iops_min" : 1,
        "iops_max" : 7,
        "iops_mean" : 3.510204,
        "iops_stddev" : 1.278247,
        "iops_samples" : 98
      },
      "trim" : {
        "io_bytes" : 0,
        "io_kbytes" : 0,
        "bw" : 0,
        "iops" : 0.000000,
        "runtime" : 0,
        "total_ios" : 0,
        "short_ios" : 0,
        "drop_ios" : 0,
        "slat_ns" : {
          "min" : 0,
          "max" : 0,
          "mean" : 0.000000,
          "stddev" : 0.000000
        },
        "clat_ns" : {
          "min" : 0,
          "max" : 0,
          "mean" : 0.000000,
          "stddev" : 0.000000,
          "percentile" : {
            "1.000000" : 0,
            "5.000000" : 0,
            "10.000000" : 0,
            "20.000000" : 0,
            "30.000000" : 0,
            "40.000000" : 0,
            "50.000000" : 0,
            "60.000000" : 0,
            "70.000000" : 0,
            "80.000000" : 0,
            "90.000000" : 0,
            "95.000000" : 0,
            "99.000000" : 0,
            "99.500000" : 0,
            "99.900000" : 0,
            "99.950000" : 0,
            "99.990000" : 0,
            "0.00" : 0,
            "0.00" : 0,
            "0.00" : 0
          }
        },
        "lat_ns" : {
          "min" : 0,
          "max" : 0,
          "mean" : 0.000000,
          "stddev" : 0.000000
        },
        "bw_min" : 0,
        "bw_max" : 0,
        "bw_agg" : 0.000000,
        "bw_mean" : 0.000000,
        "bw_dev" : 0.000000,
        "bw_samples" : 0,
        "iops_min" : 0,
        "iops_max" : 0,
        "iops_mean" : 0.000000,
        "iops_stddev" : 0.000000,
        "iops_samples" : 0
      },
      "usr_cpu" : 0.011449,
      "sys_cpu" : 0.021943,
      "ctx" : 288,
      "majf" : 0,
      "minf" : 16,
      "iodepth_level" : {
        "1" : 0.277778,
        "2" : 0.555556,
        "4" : 1.111111,
        "8" : 2.222222,
        "16" : 95.833333,
        "32" : 0.000000,
        ">=64" : 0.000000
      },
      "latency_ns" : {
        "2" : 0.000000,
        "4" : 0.000000,
        "10" : 0.000000,
        "20" : 0.000000,
        "50" : 0.000000,
        "100" : 0.000000,
        "250" : 0.000000,
        "500" : 0.000000,
        "750" : 0.000000,
        "1000" : 0.000000
      },
      "latency_us" : {
        "2" : 0.000000,
        "4" : 0.000000,
        "10" : 0.000000,
        "20" : 0.000000,
        "50" : 0.000000,
        "100" : 0.000000,
        "250" : 0.000000,
        "500" : 0.000000,
        "750" : 0.000000,
        "1000" : 0.000000
      },
      "latency_ms" : {
        "2" : 0.000000,
        "4" : 0.000000,
        "10" : 0.000000,
        "20" : 0.000000,
        "50" : 0.000000,
        "100" : 0.000000,
        "250" : 0.000000,
        "500" : 0.000000,
        "750" : 0.833333,
        "1000" : 1.944444,
        "2000" : 12.222222,
        ">=2000" : 85.000000
      },
      "latency_depth" : 16,
      "latency_target" : 0,
      "latency_percentile" : 100.000000,
      "latency_window" : 0
    }
  ],
  "disk_util" : [
    {
      "name" : "sde",
      "read_ios" : 1,
      "write_ios" : 284,
      "read_merges" : 0,
      "write_merges" : 73,
      "read_ticks" : 1980,
      "write_ticks" : 1345996,
      "in_queue" : 1355332,
      "util" : 99.972273
    }
  ]
}
