{
  "fio version" : "fio-3.1",
  "timestamp" : 1574445508,
  "timestamp_ms" : 1574445508124,
  "time" : "Fri Nov 22 18:58:28 2019",
  "jobs" : [
    {
      "jobname" : "iotest",
      "groupid" : 0,
      "error" : 0,
      "eta" : 0,
      "elapsed" : 301,
      "job options" : {
        "rw" : "randread",
        "bs" : "4k",
        "ioengine" : "libaio",
        "iodepth" : "64",
        "direct" : "1",
        "invalidate" : "1",
        "refill_buffers" : "1",
        "runtime" : "300",
        "numjobs" : "32",
        "group_reporting" : "1",
        "write_bw_log" : "randread-iodepth-64-numjobs-32",
        "write_lat_log" : "randread-iodepth-64-numjobs-32",
        "write_iops_log" : "randread-iodepth-64-numjobs-32",
        "log_avg_msec" : "1000",
        "filename" : "/dev/sde"
      },
      "read" : {
        "io_bytes" : 77012672512,
        "io_kbytes" : 75207688,
        "bw" : 250686,
        "iops" : 62671.610996,
        "runtime" : 300007,
        "total_ios" : 18801922,
        "short_ios" : 0,
        "drop_ios" : 0,
        "slat_ns" : {
          "min" : 1895,
          "max" : 15740020,
          "mean" : 508507.040451,
          "stddev" : 1820062.225720
        },
        "clat_ns" : {
          "min" : 390286,
          "max" : 83450557,
          "mean" : 32166016.221842,
          "stddev" : 6939899.985330,
          "percentile" : {
            "1.000000" : 15138816,
            "5.000000" : 20578304,
            "10.000000" : 22413312,
            "20.000000" : 26607616,
            "30.000000" : 28442624,
            "40.000000" : 30015488,
            "50.000000" : 32636928,
            "60.000000" : 34340864,
            "70.000000" : 35913728,
            "80.000000" : 38010880,
            "90.000000" : 41156608,
            "95.000000" : 43253760,
            "99.000000" : 47448064,
            "99.500000" : 49020928,
            "99.900000" : 52690944,
            "99.950000" : 54263808,
            "99.990000" : 58982400,
            "0.00" : 0,
            "0.00" : 0,
            "0.00" : 0
          }
        },
        "lat_ns" : {
          "min" : 395698,
          "max" : 83459768,
          "mean" : 32674722.130024,
          "stddev" : 6948858.002324
        },
        "bw_min" : 5673,
        "bw_max" : 9510,
        "bw_agg" : 3.138575,
        "bw_mean" : 7867.966979,
        "bw_dev" : 312.641718,
        "bw_samples" : 9600,
        "iops_min" : 1418,
        "iops_max" : 2377,
        "iops_mean" : 1966.577500,
        "iops_stddev" : 78.223394,
        "iops_samples" : 9600
      },
      "write" : {
        "io_bytes" : 0,
        "io_kbytes" : 0,
        "bw" : 0,
        "iops" : 0.000000,
        "runtime" : 0,
        "total_ios" : 0,
        "short_ios" : 0,
        "drop_ios" : 0,
        "slat_ns" : {
          "min" : 0,
          "max" : 0,
          "mean" : 0.000000,
          "stddev" : 0.000000
        },
        "clat_ns" : {
          "min" : 0,
          "max" : 0,
          "mean" : 0.000000,
          "stddev" : 0.000000,
          "percentile" : {
            "1.000000" : 0,
            "5.000000" : 0,
            "10.000000" : 0,
            "20.000000" : 0,
            "30.000000" : 0,
            "40.000000" : 0,
            "50.000000" : 0,
            "60.000000" : 0,
            "70.000000" : 0,
            "80.000000" : 0,
            "90.000000" : 0,
            "95.000000" : 0,
            "99.000000" : 0,
            "99.500000" : 0,
            "99.900000" : 0,
            "99.950000" : 0,
            "99.990000" : 0,
            "0.00" : 0,
            "0.00" : 0,
            "0.00" : 0
          }
        },
        "lat_ns" : {
          "min" : 0,
          "max" : 0,
          "mean" : 0.000000,
          "stddev" : 0.000000
        },
        "bw_min" : 0,
        "bw_max" : 0,
        "bw_agg" : 0.000000,
        "bw_mean" : 0.000000,
        "bw_dev" : 0.000000,
        "bw_samples" : 0,
        "iops_min" : 0,
        "iops_max" : 0,
        "iops_mean" : 0.000000,
        "iops_stddev" : 0.000000,
        "iops_samples" : 0
      },
      "trim" : {
        "io_bytes" : 0,
        "io_kbytes" : 0,
        "bw" : 0,
        "iops" : 0.000000,
        "runtime" : 0,
        "total_ios" : 0,
        "short_ios" : 0,
        "drop_ios" : 0,
        "slat_ns" : {
          "min" : 0,
          "max" : 0,
          "mean" : 0.000000,
          "stddev" : 0.000000
        },
        "clat_ns" : {
          "min" : 0,
          "max" : 0,
          "mean" : 0.000000,
          "stddev" : 0.000000,
          "percentile" : {
            "1.000000" : 0,
            "5.000000" : 0,
            "10.000000" : 0,
            "20.000000" : 0,
            "30.000000" : 0,
            "40.000000" : 0,
            "50.000000" : 0,
            "60.000000" : 0,
            "70.000000" : 0,
            "80.000000" : 0,
            "90.000000" : 0,
            "95.000000" : 0,
            "99.000000" : 0,
            "99.500000" : 0,
            "99.900000" : 0,
            "99.950000" : 0,
            "99.990000" : 0,
            "0.00" : 0,
            "0.00" : 0,
            "0.00" : 0
          }
        },
        "lat_ns" : {
          "min" : 0,
          "max" : 0,
          "mean" : 0.000000,
          "stddev" : 0.000000
        },
        "bw_min" : 0,
        "bw_max" : 0,
        "bw_agg" : 0.000000,
        "bw_mean" : 0.000000,
        "bw_dev" : 0.000000,
        "bw_samples" : 0,
        "iops_min" : 0,
        "iops_max" : 0,
        "iops_mean" : 0.000000,
        "iops_stddev" : 0.000000,
        "iops_samples" : 0
      },
      "usr_cpu" : 0.444807,
      "sys_cpu" : 0.856656,
      "ctx" : 1372715,
      "majf" : 0,
      "minf" : 66099,
      "iodepth_level" : {
        "1" : 0.100000,
        "2" : 0.100000,
        "4" : 0.100000,
        "8" : 0.100000,
        "16" : 0.100000,
        "32" : 0.100000,
        ">=64" : 99.989278
      },
      "latency_ns" : {
        "2" : 0.000000,
        "4" : 0.000000,
        "10" : 0.000000,
        "20" : 0.000000,
        "50" : 0.000000,
        "100" : 0.000000,
        "250" : 0.000000,
        "500" : 0.000000,
        "750" : 0.000000,
        "1000" : 0.000000
      },
      "latency_us" : {
        "2" : 0.000000,
        "4" : 0.000000,
        "10" : 0.000000,
        "20" : 0.000000,
        "50" : 0.000000,
        "100" : 0.000000,
        "250" : 0.000000,
        "500" : 0.010000,
        "750" : 0.010000,
        "1000" : 0.010000
      },
      "latency_ms" : {
        "2" : 0.010000,
        "4" : 0.010000,
        "10" : 0.040687,
        "20" : 3.483032,
        "50" : 96.118987,
        "100" : 0.355160,
        "250" : 0.000000,
        "500" : 0.000000,
        "750" : 0.000000,
        "1000" : 0.000000,
        "2000" : 0.000000,
        ">=2000" : 0.000000
      },
      "latency_depth" : 64,
      "latency_target" : 0,
      "latency_percentile" : 100.000000,
      "latency_window" : 0
    }
  ],
  "disk_util" : [
    {
      "name" : "sde",
      "read_ios" : 18788489,
      "write_ios" : 0,
      "read_merges" : 23,
      "write_merges" : 0,
      "read_ticks" : 46644496,
      "write_ticks" : 0,
      "in_queue" : 46676396,
      "util" : 100.000000
    }
  ]
}
