{
  "fio version" : "fio-3.1",
  "timestamp" : 1574440696,
  "timestamp_ms" : 1574440696804,
  "time" : "Fri Nov 22 17:38:16 2019",
  "jobs" : [
    {
      "jobname" : "iotest",
      "groupid" : 0,
      "error" : 0,
      "eta" : 0,
      "elapsed" : 301,
      "job options" : {
        "rw" : "randread",
        "bs" : "4k",
        "ioengine" : "libaio",
        "iodepth" : "16",
        "direct" : "1",
        "invalidate" : "1",
        "refill_buffers" : "1",
        "runtime" : "300",
        "numjobs" : "8",
        "group_reporting" : "1",
        "write_bw_log" : "randread-iodepth-16-numjobs-8",
        "write_lat_log" : "randread-iodepth-16-numjobs-8",
        "write_iops_log" : "randread-iodepth-16-numjobs-8",
        "log_avg_msec" : "1000",
        "filename" : "/dev/sde"
      },
      "read" : {
        "io_bytes" : 74938478592,
        "io_kbytes" : 73182108,
        "bw" : 243937,
        "iops" : 60984.480155,
        "runtime" : 300003,
        "total_ios" : 18295527,
        "short_ios" : 0,
        "drop_ios" : 0,
        "slat_ns" : {
          "min" : 2065,
          "max" : 1058732,
          "mean" : 11002.769117,
          "stddev" : 8791.467875
        },
        "clat_ns" : {
          "min" : 173335,
          "max" : 9775658,
          "mean" : 2084741.088726,
          "stddev" : 115589.272002,
          "percentile" : {
            "1.000000" : 1908736,
            "5.000000" : 1957888,
            "10.000000" : 1974272,
            "20.000000" : 2007040,
            "30.000000" : 2039808,
            "40.000000" : 2056192,
            "50.000000" : 2072576,
            "60.000000" : 2088960,
            "70.000000" : 2113536,
            "80.000000" : 2146304,
            "90.000000" : 2179072,
            "95.000000" : 2244608,
            "99.000000" : 2441216,
            "99.500000" : 2605056,
            "99.900000" : 3227648,
            "99.950000" : 3489792,
            "99.990000" : 4423680,
            "0.00" : 0,
            "0.00" : 0,
            "0.00" : 0
          }
        },
        "lat_ns" : {
          "min" : 187673,
          "max" : 9795152,
          "mean" : 2096071.439240,
          "stddev" : 115171.874624
        },
        "bw_min" : 24048,
        "bw_max" : 31112,
        "bw_agg" : 12.523725,
        "bw_mean" : 30549.999167,
        "bw_dev" : 680.119837,
        "bw_samples" : 2400,
        "iops_min" : 6012,
        "iops_max" : 7778,
        "iops_mean" : 7637.235417,
        "iops_stddev" : 170.006696,
        "iops_samples" : 2400
      },
      "write" : {
        "io_bytes" : 0,
        "io_kbytes" : 0,
        "bw" : 0,
        "iops" : 0.000000,
        "runtime" : 0,
        "total_ios" : 0,
        "short_ios" : 0,
        "drop_ios" : 0,
        "slat_ns" : {
          "min" : 0,
          "max" : 0,
          "mean" : 0.000000,
          "stddev" : 0.000000
        },
        "clat_ns" : {
          "min" : 0,
          "max" : 0,
          "mean" : 0.000000,
          "stddev" : 0.000000,
          "percentile" : {
            "1.000000" : 0,
            "5.000000" : 0,
            "10.000000" : 0,
            "20.000000" : 0,
            "30.000000" : 0,
            "40.000000" : 0,
            "50.000000" : 0,
            "60.000000" : 0,
            "70.000000" : 0,
            "80.000000" : 0,
            "90.000000" : 0,
            "95.000000" : 0,
            "99.000000" : 0,
            "99.500000" : 0,
            "99.900000" : 0,
            "99.950000" : 0,
            "99.990000" : 0,
            "0.00" : 0,
            "0.00" : 0,
            "0.00" : 0
          }
        },
        "lat_ns" : {
          "min" : 0,
          "max" : 0,
          "mean" : 0.000000,
          "stddev" : 0.000000
        },
        "bw_min" : 0,
        "bw_max" : 0,
        "bw_agg" : 0.000000,
        "bw_mean" : 0.000000,
        "bw_dev" : 0.000000,
        "bw_samples" : 0,
        "iops_min" : 0,
        "iops_max" : 0,
        "iops_mean" : 0.000000,
        "iops_stddev" : 0.000000,
        "iops_samples" : 0
      },
      "trim" : {
        "io_bytes" : 0,
        "io_kbytes" : 0,
        "bw" : 0,
        "iops" : 0.000000,
        "runtime" : 0,
        "total_ios" : 0,
        "short_ios" : 0,
        "drop_ios" : 0,
        "slat_ns" : {
          "min" : 0,
          "max" : 0,
          "mean" : 0.000000,
          "stddev" : 0.000000
        },
        "clat_ns" : {
          "min" : 0,
          "max" : 0,
          "mean" : 0.000000,
          "stddev" : 0.000000,
          "percentile" : {
            "1.000000" : 0,
            "5.000000" : 0,
            "10.000000" : 0,
            "20.000000" : 0,
            "30.000000" : 0,
            "40.000000" : 0,
            "50.000000" : 0,
            "60.000000" : 0,
            "70.000000" : 0,
            "80.000000" : 0,
            "90.000000" : 0,
            "95.000000" : 0,
            "99.000000" : 0,
            "99.500000" : 0,
            "99.900000" : 0,
            "99.950000" : 0,
            "99.990000" : 0,
            "0.00" : 0,
            "0.00" : 0,
            "0.00" : 0
          }
        },
        "lat_ns" : {
          "min" : 0,
          "max" : 0,
          "mean" : 0.000000,
          "stddev" : 0.000000
        },
        "bw_min" : 0,
        "bw_max" : 0,
        "bw_agg" : 0.000000,
        "bw_mean" : 0.000000,
        "bw_dev" : 0.000000,
        "bw_samples" : 0,
        "iops_min" : 0,
        "iops_max" : 0,
        "iops_mean" : 0.000000,
        "iops_stddev" : 0.000000,
        "iops_samples" : 0
      },
      "usr_cpu" : 7.361556,
      "sys_cpu" : 18.318431,
      "ctx" : 12575774,
      "majf" : 0,
      "minf" : 70910,
      "iodepth_level" : {
        "1" : 0.100000,
        "2" : 0.100000,
        "4" : 0.100000,
        "8" : 0.100000,
        "16" : 99.999344,
        "32" : 0.000000,
        ">=64" : 0.000000
      },
      "latency_ns" : {
        "2" : 0.000000,
        "4" : 0.000000,
        "10" : 0.000000,
        "20" : 0.000000,
        "50" : 0.000000,
        "100" : 0.000000,
        "250" : 0.000000,
        "500" : 0.000000,
        "750" : 0.000000,
        "1000" : 0.000000
      },
      "latency_us" : {
        "2" : 0.000000,
        "4" : 0.000000,
        "10" : 0.000000,
        "20" : 0.000000,
        "50" : 0.000000,
        "100" : 0.000000,
        "250" : 0.010000,
        "500" : 0.010000,
        "750" : 0.010000,
        "1000" : 0.010000
      },
      "latency_ms" : {
        "2" : 18.364237,
        "4" : 81.614807,
        "10" : 0.019917,
        "20" : 0.000000,
        "50" : 0.000000,
        "100" : 0.000000,
        "250" : 0.000000,
        "500" : 0.000000,
        "750" : 0.000000,
        "1000" : 0.000000,
        "2000" : 0.000000,
        ">=2000" : 0.000000
      },
      "latency_depth" : 16,
      "latency_target" : 0,
      "latency_percentile" : 100.000000,
      "latency_window" : 0
    }
  ],
  "disk_util" : [
    {
      "name" : "sde",
      "read_ios" : 18286181,
      "write_ios" : 0,
      "read_merges" : 20,
      "write_merges" : 0,
      "read_ticks" : 37624700,
      "write_ticks" : 0,
      "in_queue" : 37713564,
      "util" : 100.000000
    }
  ]
}
