{
  "fio version" : "fio-3.1",
  "timestamp" : 1574436186,
  "timestamp_ms" : 1574436186356,
  "time" : "Fri Nov 22 16:23:06 2019",
  "jobs" : [
    {
      "jobname" : "iotest",
      "groupid" : 0,
      "error" : 0,
      "eta" : 0,
      "elapsed" : 301,
      "job options" : {
        "rw" : "randread",
        "bs" : "4k",
        "ioengine" : "libaio",
        "iodepth" : "4",
        "direct" : "1",
        "invalidate" : "1",
        "refill_buffers" : "1",
        "runtime" : "300",
        "numjobs" : "4",
        "group_reporting" : "1",
        "write_bw_log" : "randread-iodepth-4-numjobs-4",
        "write_lat_log" : "randread-iodepth-4-numjobs-4",
        "write_iops_log" : "randread-iodepth-4-numjobs-4",
        "log_avg_msec" : "1000",
        "filename" : "/dev/sde"
      },
      "read" : {
        "io_bytes" : 74757136384,
        "io_kbytes" : 73005016,
        "bw" : 243349,
        "iops" : 60837.310542,
        "runtime" : 300001,
        "total_ios" : 18251254,
        "short_ios" : 0,
        "drop_ios" : 0,
        "slat_ns" : {
          "min" : 1886,
          "max" : 552539,
          "mean" : 9642.556999,
          "stddev" : 5525.166171
        },
        "clat_ns" : {
          "min" : 1807,
          "max" : 2063614,
          "mean" : 251075.955255,
          "stddev" : 72453.124749,
          "percentile" : {
            "1.000000" : 94720,
            "5.000000" : 129536,
            "10.000000" : 189440,
            "20.000000" : 199680,
            "30.000000" : 207872,
            "40.000000" : 214016,
            "50.000000" : 224256,
            "60.000000" : 252928,
            "70.000000" : 305152,
            "80.000000" : 317440,
            "90.000000" : 333824,
            "95.000000" : 358400,
            "99.000000" : 440320,
            "99.500000" : 460800,
            "99.900000" : 569344,
            "99.950000" : 618496,
            "99.990000" : 708608,
            "0.00" : 0,
            "0.00" : 0,
            "0.00" : 0
          }
        },
        "lat_ns" : {
          "min" : 66759,
          "max" : 2069295,
          "mean" : 260998.988853,
          "stddev" : 71348.327126
        },
        "bw_min" : 58525,
        "bw_max" : 62725,
        "bw_agg" : 25.028239,
        "bw_mean" : 60905.969115,
        "bw_dev" : 957.148173,
        "bw_samples" : 1198,
        "iops_min" : 14631,
        "iops_max" : 15681,
        "iops_mean" : 15226.240401,
        "iops_stddev" : 239.372482,
        "iops_samples" : 1198
      },
      "write" : {
        "io_bytes" : 0,
        "io_kbytes" : 0,
        "bw" : 0,
        "iops" : 0.000000,
        "runtime" : 0,
        "total_ios" : 0,
        "short_ios" : 0,
        "drop_ios" : 0,
        "slat_ns" : {
          "min" : 0,
          "max" : 0,
          "mean" : 0.000000,
          "stddev" : 0.000000
        },
        "clat_ns" : {
          "min" : 0,
          "max" : 0,
          "mean" : 0.000000,
          "stddev" : 0.000000,
          "percentile" : {
            "1.000000" : 0,
            "5.000000" : 0,
            "10.000000" : 0,
            "20.000000" : 0,
            "30.000000" : 0,
            "40.000000" : 0,
            "50.000000" : 0,
            "60.000000" : 0,
            "70.000000" : 0,
            "80.000000" : 0,
            "90.000000" : 0,
            "95.000000" : 0,
            "99.000000" : 0,
            "99.500000" : 0,
            "99.900000" : 0,
            "99.950000" : 0,
            "99.990000" : 0,
            "0.00" : 0,
            "0.00" : 0,
            "0.00" : 0
          }
        },
        "lat_ns" : {
          "min" : 0,
          "max" : 0,
          "mean" : 0.000000,
          "stddev" : 0.000000
        },
        "bw_min" : 0,
        "bw_max" : 0,
        "bw_agg" : 0.000000,
        "bw_mean" : 0.000000,
        "bw_dev" : 0.000000,
        "bw_samples" : 0,
        "iops_min" : 0,
        "iops_max" : 0,
        "iops_mean" : 0.000000,
        "iops_stddev" : 0.000000,
        "iops_samples" : 0
      },
      "trim" : {
        "io_bytes" : 0,
        "io_kbytes" : 0,
        "bw" : 0,
        "iops" : 0.000000,
        "runtime" : 0,
        "total_ios" : 0,
        "short_ios" : 0,
        "drop_ios" : 0,
        "slat_ns" : {
          "min" : 0,
          "max" : 0,
          "mean" : 0.000000,
          "stddev" : 0.000000
        },
        "clat_ns" : {
          "min" : 0,
          "max" : 0,
          "mean" : 0.000000,
          "stddev" : 0.000000,
          "percentile" : {
            "1.000000" : 0,
            "5.000000" : 0,
            "10.000000" : 0,
            "20.000000" : 0,
            "30.000000" : 0,
            "40.000000" : 0,
            "50.000000" : 0,
            "60.000000" : 0,
            "70.000000" : 0,
            "80.000000" : 0,
            "90.000000" : 0,
            "95.000000" : 0,
            "99.000000" : 0,
            "99.500000" : 0,
            "99.900000" : 0,
            "99.950000" : 0,
            "99.990000" : 0,
            "0.00" : 0,
            "0.00" : 0,
            "0.00" : 0
          }
        },
        "lat_ns" : {
          "min" : 0,
          "max" : 0,
          "mean" : 0.000000,
          "stddev" : 0.000000
        },
        "bw_min" : 0,
        "bw_max" : 0,
        "bw_agg" : 0.000000,
        "bw_mean" : 0.000000,
        "bw_dev" : 0.000000,
        "bw_samples" : 0,
        "iops_min" : 0,
        "iops_max" : 0,
        "iops_mean" : 0.000000,
        "iops_stddev" : 0.000000,
        "iops_samples" : 0
      },
      "usr_cpu" : 9.152083,
      "sys_cpu" : 25.224250,
      "ctx" : 9926722,
      "majf" : 0,
      "minf" : 14876,
      "iodepth_level" : {
        "1" : 0.100000,
        "2" : 0.100000,
        "4" : 99.999934,
        "8" : 0.000000,
        "16" : 0.000000,
        "32" : 0.000000,
        ">=64" : 0.000000
      },
      "latency_ns" : {
        "2" : 0.000000,
        "4" : 0.000000,
        "10" : 0.000000,
        "20" : 0.000000,
        "50" : 0.000000,
        "100" : 0.000000,
        "250" : 0.000000,
        "500" : 0.000000,
        "750" : 0.000000,
        "1000" : 0.000000
      },
      "latency_us" : {
        "2" : 0.010000,
        "4" : 0.010000,
        "10" : 0.000000,
        "20" : 0.010000,
        "50" : 0.010000,
        "100" : 1.479871,
        "250" : 58.217282,
        "500" : 39.984853,
        "750" : 0.311146,
        "1000" : 0.010000
      },
      "latency_ms" : {
        "2" : 0.010000,
        "4" : 0.010000,
        "10" : 0.000000,
        "20" : 0.000000,
        "50" : 0.000000,
        "100" : 0.000000,
        "250" : 0.000000,
        "500" : 0.000000,
        "750" : 0.000000,
        "1000" : 0.000000,
        "2000" : 0.000000,
        ">=2000" : 0.000000
      },
      "latency_depth" : 4,
      "latency_target" : 0,
      "latency_percentile" : 100.000000,
      "latency_window" : 0
    }
  ],
  "disk_util" : [
    {
      "name" : "sde",
      "read_ios" : 18239701,
      "write_ios" : 0,
      "read_merges" : 0,
      "write_merges" : 0,
      "read_ticks" : 4210432,
      "write_ticks" : 0,
      "in_queue" : 4209724,
      "util" : 100.000000
    }
  ]
}
