{
  "fio version" : "fio-3.1",
  "timestamp" : 1574459341,
  "timestamp_ms" : 1574459341051,
  "time" : "Fri Nov 22 22:49:01 2019",
  "jobs" : [
    {
      "jobname" : "iotest",
      "groupid" : 0,
      "error" : 0,
      "eta" : 0,
      "elapsed" : 301,
      "job options" : {
        "rw" : "randwrite",
        "bs" : "4k",
        "ioengine" : "libaio",
        "iodepth" : "64",
        "direct" : "1",
        "invalidate" : "1",
        "refill_buffers" : "1",
        "runtime" : "300",
        "numjobs" : "4",
        "group_reporting" : "1",
        "write_bw_log" : "randwrite-iodepth-64-numjobs-4",
        "write_lat_log" : "randwrite-iodepth-64-numjobs-4",
        "write_iops_log" : "randwrite-iodepth-64-numjobs-4",
        "log_avg_msec" : "1000",
        "filename" : "/dev/sde"
      },
      "read" : {
        "io_bytes" : 0,
        "io_kbytes" : 0,
        "bw" : 0,
        "iops" : 0.000000,
        "runtime" : 0,
        "total_ios" : 0,
        "short_ios" : 0,
        "drop_ios" : 0,
        "slat_ns" : {
          "min" : 0,
          "max" : 0,
          "mean" : 0.000000,
          "stddev" : 0.000000
        },
        "clat_ns" : {
          "min" : 0,
          "max" : 0,
          "mean" : 0.000000,
          "stddev" : 0.000000,
          "percentile" : {
            "1.000000" : 0,
            "5.000000" : 0,
            "10.000000" : 0,
            "20.000000" : 0,
            "30.000000" : 0,
            "40.000000" : 0,
            "50.000000" : 0,
            "60.000000" : 0,
            "70.000000" : 0,
            "80.000000" : 0,
            "90.000000" : 0,
            "95.000000" : 0,
            "99.000000" : 0,
            "99.500000" : 0,
            "99.900000" : 0,
            "99.950000" : 0,
            "99.990000" : 0,
            "0.00" : 0,
            "0.00" : 0,
            "0.00" : 0
          }
        },
        "lat_ns" : {
          "min" : 0,
          "max" : 0,
          "mean" : 0.000000,
          "stddev" : 0.000000
        },
        "bw_min" : 0,
        "bw_max" : 0,
        "bw_agg" : 0.000000,
        "bw_mean" : 0.000000,
        "bw_dev" : 0.000000,
        "bw_samples" : 0,
        "iops_min" : 0,
        "iops_max" : 0,
        "iops_mean" : 0.000000,
        "iops_stddev" : 0.000000,
        "iops_samples" : 0
      },
      "write" : {
        "io_bytes" : 62505402368,
        "io_kbytes" : 61040432,
        "bw" : 203465,
        "iops" : 50866.348449,
        "runtime" : 300004,
        "total_ios" : 15260108,
        "short_ios" : 0,
        "drop_ios" : 0,
        "slat_ns" : {
          "min" : 1905,
          "max" : 3478688,
          "mean" : 69961.740476,
          "stddev" : 315014.520147
        },
        "clat_ns" : {
          "min" : 335410,
          "max" : 11380012,
          "mean" : 4960875.106642,
          "stddev" : 1347947.670738,
          "percentile" : {
            "1.000000" : 2572288,
            "5.000000" : 3031040,
            "10.000000" : 3260416,
            "20.000000" : 3719168,
            "30.000000" : 3948544,
            "40.000000" : 4489216,
            "50.000000" : 4882432,
            "60.000000" : 5210112,
            "70.000000" : 5668864,
            "80.000000" : 6258688,
            "90.000000" : 6848512,
            "95.000000" : 7372800,
            "99.000000" : 7962624,
            "99.500000" : 8224768,
            "99.900000" : 8978432,
            "99.950000" : 9240576,
            "99.990000" : 9895936,
            "0.00" : 0,
            "0.00" : 0,
            "0.00" : 0
          }
        },
        "lat_ns" : {
          "min" : 341215,
          "max" : 11383026,
          "mean" : 5031032.376081,
          "stddev" : 1349905.955765
        },
        "bw_min" : 47204,
        "bw_max" : 55931,
        "bw_agg" : 25.021414,
        "bw_mean" : 50909.820000,
        "bw_dev" : 1342.283805,
        "bw_samples" : 1200,
        "iops_min" : 11801,
        "iops_max" : 13982,
        "iops_mean" : 12727.260833,
        "iops_stddev" : 335.576622,
        "iops_samples" : 1200
      },
      "trim" : {
        "io_bytes" : 0,
        "io_kbytes" : 0,
        "bw" : 0,
        "iops" : 0.000000,
        "runtime" : 0,
        "total_ios" : 0,
        "short_ios" : 0,
        "drop_ios" : 0,
        "slat_ns" : {
          "min" : 0,
          "max" : 0,
          "mean" : 0.000000,
          "stddev" : 0.000000
        },
        "clat_ns" : {
          "min" : 0,
          "max" : 0,
          "mean" : 0.000000,
          "stddev" : 0.000000,
          "percentile" : {
            "1.000000" : 0,
            "5.000000" : 0,
            "10.000000" : 0,
            "20.000000" : 0,
            "30.000000" : 0,
            "40.000000" : 0,
            "50.000000" : 0,
            "60.000000" : 0,
            "70.000000" : 0,
            "80.000000" : 0,
            "90.000000" : 0,
            "95.000000" : 0,
            "99.000000" : 0,
            "99.500000" : 0,
            "99.900000" : 0,
            "99.950000" : 0,
            "99.990000" : 0,
            "0.00" : 0,
            "0.00" : 0,
            "0.00" : 0
          }
        },
        "lat_ns" : {
          "min" : 0,
          "max" : 0,
          "mean" : 0.000000,
          "stddev" : 0.000000
        },
        "bw_min" : 0,
        "bw_max" : 0,
        "bw_agg" : 0.000000,
        "bw_mean" : 0.000000,
        "bw_dev" : 0.000000,
        "bw_samples" : 0,
        "iops_min" : 0,
        "iops_max" : 0,
        "iops_mean" : 0.000000,
        "iops_stddev" : 0.000000,
        "iops_samples" : 0
      },
      "usr_cpu" : 3.899798,
      "sys_cpu" : 5.123036,
      "ctx" : 1309213,
      "majf" : 0,
      "minf" : 7622,
      "iodepth_level" : {
        "1" : 0.100000,
        "2" : 0.100000,
        "4" : 0.100000,
        "8" : 0.100000,
        "16" : 0.100000,
        "32" : 0.100000,
        ">=64" : 99.998349
      },
      "latency_ns" : {
        "2" : 0.000000,
        "4" : 0.000000,
        "10" : 0.000000,
        "20" : 0.000000,
        "50" : 0.000000,
        "100" : 0.000000,
        "250" : 0.000000,
        "500" : 0.000000,
        "750" : 0.000000,
        "1000" : 0.000000
      },
      "latency_us" : {
        "2" : 0.000000,
        "4" : 0.000000,
        "10" : 0.000000,
        "20" : 0.000000,
        "50" : 0.000000,
        "100" : 0.000000,
        "250" : 0.000000,
        "500" : 0.010000,
        "750" : 0.010000,
        "1000" : 0.010000
      },
      "latency_ms" : {
        "2" : 0.010000,
        "4" : 31.103548,
        "10" : 68.887920,
        "20" : 0.010000,
        "50" : 0.000000,
        "100" : 0.000000,
        "250" : 0.000000,
        "500" : 0.000000,
        "750" : 0.000000,
        "1000" : 0.000000,
        "2000" : 0.000000,
        ">=2000" : 0.000000
      },
      "latency_depth" : 64,
      "latency_target" : 0,
      "latency_percentile" : 100.000000,
      "latency_window" : 0
    }
  ],
  "disk_util" : [
    {
      "name" : "sde",
      "read_ios" : 145,
      "write_ios" : 15251371,
      "read_merges" : 0,
      "write_merges" : 17,
      "read_ticks" : 12,
      "write_ticks" : 46625764,
      "in_queue" : 46639304,
      "util" : 100.000000
    }
  ]
}
