{
  "fio version" : "fio-3.1",
  "timestamp" : 1574440095,
  "timestamp_ms" : 1574440095561,
  "time" : "Fri Nov 22 17:28:15 2019",
  "jobs" : [
    {
      "jobname" : "iotest",
      "groupid" : 0,
      "error" : 0,
      "eta" : 0,
      "elapsed" : 301,
      "job options" : {
        "rw" : "randread",
        "bs" : "4k",
        "ioengine" : "libaio",
        "iodepth" : "16",
        "direct" : "1",
        "invalidate" : "1",
        "refill_buffers" : "1",
        "runtime" : "300",
        "numjobs" : "2",
        "group_reporting" : "1",
        "write_bw_log" : "randread-iodepth-16-numjobs-2",
        "write_lat_log" : "randread-iodepth-16-numjobs-2",
        "write_iops_log" : "randread-iodepth-16-numjobs-2",
        "log_avg_msec" : "1000",
        "filename" : "/dev/sde"
      },
      "read" : {
        "io_bytes" : 72935792640,
        "io_kbytes" : 71226360,
        "bw" : 237420,
        "iops" : 59355.102150,
        "runtime" : 300001,
        "total_ios" : 17806590,
        "short_ios" : 0,
        "drop_ios" : 0,
        "slat_ns" : {
          "min" : 1780,
          "max" : 580473,
          "mean" : 4278.976621,
          "stddev" : 2907.360353
        },
        "clat_ns" : {
          "min" : 109441,
          "max" : 4130474,
          "mean" : 533398.921850,
          "stddev" : 99725.491335,
          "percentile" : {
            "1.000000" : 354304,
            "5.000000" : 415744,
            "10.000000" : 428032,
            "20.000000" : 444416,
            "30.000000" : 464896,
            "40.000000" : 505856,
            "50.000000" : 528384,
            "60.000000" : 544768,
            "70.000000" : 561152,
            "80.000000" : 593920,
            "90.000000" : 659456,
            "95.000000" : 708608,
            "99.000000" : 856064,
            "99.500000" : 905216,
            "99.900000" : 1011712,
            "99.950000" : 1073152,
            "99.990000" : 1695744,
            "0.00" : 0,
            "0.00" : 0,
            "0.00" : 0
          }
        },
        "lat_ns" : {
          "min" : 114926,
          "max" : 4139733,
          "mean" : 537863.855701,
          "stddev" : 99512.917016
        },
        "bw_min" : 89901,
        "bw_max" : 123420,
        "bw_agg" : 50.017358,
        "bw_mean" : 118751.211667,
        "bw_dev" : 3620.858899,
        "bw_samples" : 600,
        "iops_min" : 22475,
        "iops_max" : 30855,
        "iops_mean" : 29687.593333,
        "iops_stddev" : 905.403780,
        "iops_samples" : 600
      },
      "write" : {
        "io_bytes" : 0,
        "io_kbytes" : 0,
        "bw" : 0,
        "iops" : 0.000000,
        "runtime" : 0,
        "total_ios" : 0,
        "short_ios" : 0,
        "drop_ios" : 0,
        "slat_ns" : {
          "min" : 0,
          "max" : 0,
          "mean" : 0.000000,
          "stddev" : 0.000000
        },
        "clat_ns" : {
          "min" : 0,
          "max" : 0,
          "mean" : 0.000000,
          "stddev" : 0.000000,
          "percentile" : {
            "1.000000" : 0,
            "5.000000" : 0,
            "10.000000" : 0,
            "20.000000" : 0,
            "30.000000" : 0,
            "40.000000" : 0,
            "50.000000" : 0,
            "60.000000" : 0,
            "70.000000" : 0,
            "80.000000" : 0,
            "90.000000" : 0,
            "95.000000" : 0,
            "99.000000" : 0,
            "99.500000" : 0,
            "99.900000" : 0,
            "99.950000" : 0,
            "99.990000" : 0,
            "0.00" : 0,
            "0.00" : 0,
            "0.00" : 0
          }
        },
        "lat_ns" : {
          "min" : 0,
          "max" : 0,
          "mean" : 0.000000,
          "stddev" : 0.000000
        },
        "bw_min" : 0,
        "bw_max" : 0,
        "bw_agg" : 0.000000,
        "bw_mean" : 0.000000,
        "bw_dev" : 0.000000,
        "bw_samples" : 0,
        "iops_min" : 0,
        "iops_max" : 0,
        "iops_mean" : 0.000000,
        "iops_stddev" : 0.000000,
        "iops_samples" : 0
      },
      "trim" : {
        "io_bytes" : 0,
        "io_kbytes" : 0,
        "bw" : 0,
        "iops" : 0.000000,
        "runtime" : 0,
        "total_ios" : 0,
        "short_ios" : 0,
        "drop_ios" : 0,
        "slat_ns" : {
          "min" : 0,
          "max" : 0,
          "mean" : 0.000000,
          "stddev" : 0.000000
        },
        "clat_ns" : {
          "min" : 0,
          "max" : 0,
          "mean" : 0.000000,
          "stddev" : 0.000000,
          "percentile" : {
            "1.000000" : 0,
            "5.000000" : 0,
            "10.000000" : 0,
            "20.000000" : 0,
            "30.000000" : 0,
            "40.000000" : 0,
            "50.000000" : 0,
            "60.000000" : 0,
            "70.000000" : 0,
            "80.000000" : 0,
            "90.000000" : 0,
            "95.000000" : 0,
            "99.000000" : 0,
            "99.500000" : 0,
            "99.900000" : 0,
            "99.950000" : 0,
            "99.990000" : 0,
            "0.00" : 0,
            "0.00" : 0,
            "0.00" : 0
          }
        },
        "lat_ns" : {
          "min" : 0,
          "max" : 0,
          "mean" : 0.000000,
          "stddev" : 0.000000
        },
        "bw_min" : 0,
        "bw_max" : 0,
        "bw_agg" : 0.000000,
        "bw_mean" : 0.000000,
        "bw_dev" : 0.000000,
        "bw_samples" : 0,
        "iops_min" : 0,
        "iops_max" : 0,
        "iops_mean" : 0.000000,
        "iops_stddev" : 0.000000,
        "iops_samples" : 0
      },
      "usr_cpu" : 15.681667,
      "sys_cpu" : 28.357500,
      "ctx" : 5286965,
      "majf" : 0,
      "minf" : 7556,
      "iodepth_level" : {
        "1" : 0.100000,
        "2" : 0.100000,
        "4" : 0.100000,
        "8" : 0.100000,
        "16" : 99.999832,
        "32" : 0.000000,
        ">=64" : 0.000000
      },
      "latency_ns" : {
        "2" : 0.000000,
        "4" : 0.000000,
        "10" : 0.000000,
        "20" : 0.000000,
        "50" : 0.000000,
        "100" : 0.000000,
        "250" : 0.000000,
        "500" : 0.000000,
        "750" : 0.000000,
        "1000" : 0.000000
      },
      "latency_us" : {
        "2" : 0.000000,
        "4" : 0.000000,
        "10" : 0.000000,
        "20" : 0.000000,
        "50" : 0.000000,
        "100" : 0.000000,
        "250" : 0.010000,
        "500" : 38.633691,
        "750" : 57.925571,
        "1000" : 3.316368
      },
      "latency_ms" : {
        "2" : 0.116131,
        "4" : 0.010000,
        "10" : 0.010000,
        "20" : 0.000000,
        "50" : 0.000000,
        "100" : 0.000000,
        "250" : 0.000000,
        "500" : 0.000000,
        "750" : 0.000000,
        "1000" : 0.000000,
        "2000" : 0.000000,
        ">=2000" : 0.000000
      },
      "latency_depth" : 16,
      "latency_target" : 0,
      "latency_percentile" : 100.000000,
      "latency_window" : 0
    }
  ],
  "disk_util" : [
    {
      "name" : "sde",
      "read_ios" : 17794901,
      "write_ios" : 0,
      "read_merges" : 2,
      "write_merges" : 0,
      "read_ticks" : 8845828,
      "write_ticks" : 0,
      "in_queue" : 8846464,
      "util" : 100.000000
    }
  ]
}
