{
  "fio version" : "fio-3.16",
  "timestamp" : 1573504173,
  "timestamp_ms" : 1573504173244,
  "time" : "Mon Nov 11 21:29:33 2019",
  "jobs" : [
    {
      "jobname" : "iotest",
      "groupid" : 0,
      "error" : 0,
      "eta" : 0,
      "elapsed" : 61,
      "job options" : {
        "rw" : "randread",
        "bs" : "4k",
        "size" : "50000Mi",
        "directory" : "/server/fiotest",
        "ioengine" : "libaio",
        "iodepth" : "8",
        "direct" : "1",
        "invalidate" : "1",
        "refill_buffers" : "1",
        "runtime" : "60",
        "numjobs" : "8",
        "group_reporting" : "1",
        "fsync" : "10000",
        "write_bw_log" : "randread-iodepth-8-numjobs-8",
        "write_lat_log" : "randread-iodepth-8-numjobs-8",
        "write_iops_log" : "randread-iodepth-8-numjobs-8",
        "log_avg_msec" : "250",
        "filename" : "test.bin"
      },
      "read" : {
        "io_bytes" : 375812096,
        "io_kbytes" : 367004,
        "bw_bytes" : 6250928,
        "bw" : 6104,
        "iops" : 1526.105687,
        "runtime" : 60121,
        "total_ios" : 91751,
        "short_ios" : 0,
        "drop_ios" : 0,
        "slat_ns" : {
          "min" : 8452,
          "max" : 142636,
          "mean" : 33962.155802,
          "stddev" : 6581.711520
        },
        "clat_ns" : {
          "min" : 173726,
          "max" : 812085211,
          "mean" : 41861900.779926,
          "stddev" : 48473650.722198,
          "percentile" : {
            "1.000000" : 3817472,
            "5.000000" : 5799936,
            "10.000000" : 7438336,
            "20.000000" : 10551296,
            "30.000000" : 14352384,
            "40.000000" : 19005440,
            "50.000000" : 25296896,
            "60.000000" : 33423360,
            "70.000000" : 44826624,
            "80.000000" : 62128128,
            "90.000000" : 95944704,
            "95.000000" : 133693440,
            "99.000000" : 238026752,
            "99.500000" : 287309824,
            "99.900000" : 421527552,
            "99.950000" : 471859200,
            "99.990000" : 641728512
          }
        },
        "lat_ns" : {
          "min" : 209905,
          "max" : 812123452,
          "mean" : 41896763.382241,
          "stddev" : 48473614.199536
        },
        "bw_min" : 2974,
        "bw_max" : 8784,
        "bw_agg" : 100.000000,
        "bw_mean" : 6110.904167,
        "bw_dev" : 119.398123,
        "bw_samples" : 1920,
        "iops_min" : 743,
        "iops_max" : 2196,
        "iops_mean" : 1527.687500,
        "iops_stddev" : 29.848648,
        "iops_samples" : 1920
      },
      "write" : {
        "io_bytes" : 0,
        "io_kbytes" : 0,
        "bw_bytes" : 0,
        "bw" : 0,
        "iops" : 0.000000,
        "runtime" : 0,
        "total_ios" : 0,
        "short_ios" : 0,
        "drop_ios" : 0,
        "slat_ns" : {
          "min" : 0,
          "max" : 0,
          "mean" : 0.000000,
          "stddev" : 0.000000
        },
        "clat_ns" : {
          "min" : 0,
          "max" : 0,
          "mean" : 0.000000,
          "stddev" : 0.000000,
          "percentile" : {
            "1.000000" : 0,
            "5.000000" : 0,
            "10.000000" : 0,
            "20.000000" : 0,
            "30.000000" : 0,
            "40.000000" : 0,
            "50.000000" : 0,
            "60.000000" : 0,
            "70.000000" : 0,
            "80.000000" : 0,
            "90.000000" : 0,
            "95.000000" : 0,
            "99.000000" : 0,
            "99.500000" : 0,
            "99.900000" : 0,
            "99.950000" : 0,
            "99.990000" : 0
          }
        },
        "lat_ns" : {
          "min" : 0,
          "max" : 0,
          "mean" : 0.000000,
          "stddev" : 0.000000
        },
        "bw_min" : 0,
        "bw_max" : 0,
        "bw_agg" : 0.000000,
        "bw_mean" : 0.000000,
        "bw_dev" : 0.000000,
        "bw_samples" : 0,
        "iops_min" : 0,
        "iops_max" : 0,
        "iops_mean" : 0.000000,
        "iops_stddev" : 0.000000,
        "iops_samples" : 0
      },
      "trim" : {
        "io_bytes" : 0,
        "io_kbytes" : 0,
        "bw_bytes" : 0,
        "bw" : 0,
        "iops" : 0.000000,
        "runtime" : 0,
        "total_ios" : 0,
        "short_ios" : 0,
        "drop_ios" : 0,
        "slat_ns" : {
          "min" : 0,
          "max" : 0,
          "mean" : 0.000000,
          "stddev" : 0.000000
        },
        "clat_ns" : {
          "min" : 0,
          "max" : 0,
          "mean" : 0.000000,
          "stddev" : 0.000000,
          "percentile" : {
            "1.000000" : 0,
            "5.000000" : 0,
            "10.000000" : 0,
            "20.000000" : 0,
            "30.000000" : 0,
            "40.000000" : 0,
            "50.000000" : 0,
            "60.000000" : 0,
            "70.000000" : 0,
            "80.000000" : 0,
            "90.000000" : 0,
            "95.000000" : 0,
            "99.000000" : 0,
            "99.500000" : 0,
            "99.900000" : 0,
            "99.950000" : 0,
            "99.990000" : 0
          }
        },
        "lat_ns" : {
          "min" : 0,
          "max" : 0,
          "mean" : 0.000000,
          "stddev" : 0.000000
        },
        "bw_min" : 0,
        "bw_max" : 0,
        "bw_agg" : 0.000000,
        "bw_mean" : 0.000000,
        "bw_dev" : 0.000000,
        "bw_samples" : 0,
        "iops_min" : 0,
        "iops_max" : 0,
        "iops_mean" : 0.000000,
        "iops_stddev" : 0.000000,
        "iops_samples" : 0
      },
      "sync" : {
        "lat_ns" : {
          "min" : 0,
          "max" : 0,
          "mean" : 0.000000,
          "stddev" : 0.000000,
          "percentile" : {
            "1.000000" : 0,
            "5.000000" : 0,
            "10.000000" : 0,
            "20.000000" : 0,
            "30.000000" : 0,
            "40.000000" : 0,
            "50.000000" : 0,
            "60.000000" : 0,
            "70.000000" : 0,
            "80.000000" : 0,
            "90.000000" : 0,
            "95.000000" : 0,
            "99.000000" : 0,
            "99.500000" : 0,
            "99.900000" : 0,
            "99.950000" : 0,
            "99.990000" : 0
          }
        },
        "total_ios" : 0
      },
      "job_runtime" : 480681,
      "usr_cpu" : 0.266289,
      "sys_cpu" : 0.912039,
      "ctx" : 90310,
      "majf" : 0,
      "minf" : 240,
      "iodepth_level" : {
        "1" : 0.100000,
        "2" : 0.100000,
        "4" : 0.100000,
        "8" : 99.938965,
        "16" : 0.000000,
        "32" : 0.000000,
        ">=64" : 0.000000
      },
      "iodepth_submit" : {
        "0" : 0.000000,
        "4" : 100.000000,
        "8" : 0.000000,
        "16" : 0.000000,
        "32" : 0.000000,
        "64" : 0.000000,
        ">=64" : 0.000000
      },
      "iodepth_complete" : {
        "0" : 0.000000,
        "4" : 99.991276,
        "8" : 0.100000,
        "16" : 0.000000,
        "32" : 0.000000,
        "64" : 0.000000,
        ">=64" : 0.000000
      },
      "latency_ns" : {
        "2" : 0.000000,
        "4" : 0.000000,
        "10" : 0.000000,
        "20" : 0.000000,
        "50" : 0.000000,
        "100" : 0.000000,
        "250" : 0.000000,
        "500" : 0.000000,
        "750" : 0.000000,
        "1000" : 0.000000
      },
      "latency_us" : {
        "2" : 0.000000,
        "4" : 0.000000,
        "10" : 0.000000,
        "20" : 0.000000,
        "50" : 0.000000,
        "100" : 0.000000,
        "250" : 0.020708,
        "500" : 0.038147,
        "750" : 0.016349,
        "1000" : 0.010000
      },
      "latency_ms" : {
        "2" : 0.010000,
        "4" : 1.152031,
        "10" : 17.000360,
        "20" : 23.624811,
        "50" : 31.635623,
        "100" : 17.198723,
        "250" : 8.446774,
        "500" : 0.821789,
        "750" : 0.034877,
        "1000" : 0.010000,
        "2000" : 0.000000,
        ">=2000" : 0.000000
      },
      "latency_depth" : 8,