{
  "fio version" : "fio-3.1",
  "timestamp" : 1573485960,
  "timestamp_ms" : 1573485960390,
  "time" : "Mon Nov 11 16:26:00 2019",
  "jobs" : [
    {
      "jobname" : "iotest",
      "groupid" : 0,
      "error" : 0,
      "eta" : 0,
      "elapsed" : 61,
      "job options" : {
        "rw" : "randread",
        "bs" : "4k",
        "size" : "30G",
        "directory" : "/mnt/ssd",
        "ioengine" : "libaio",
        "iodepth" : "32",
        "direct" : "1",
        "invalidate" : "1",
        "refill_buffers" : "1",
        "runtime" : "60",
        "numjobs" : "4",
        "group_reporting" : "1",
        "write_bw_log" : "randread-iodepth-32-numjobs-4",
        "write_lat_log" : "randread-iodepth-32-numjobs-4",
        "write_iops_log" : "randread-iodepth-32-numjobs-4",
        "log_avg_msec" : "250",
        "filename" : "test.bin"
      },
      "read" : {
        "io_bytes" : 1185579008,
        "io_kbytes" : 1157792,
        "bw" : 19288,
        "iops" : 4822.043781,
        "runtime" : 60026,
        "total_ios" : 289448,
        "short_ios" : 0,
        "drop_ios" : 0,
        "slat_ns" : {
          "min" : 3735,
          "max" : 2663747,
          "mean" : 13465.727682,
          "stddev" : 11670.382325
        },
        "clat_ns" : {
          "min" : 324940,
          "max" : 310975501,
          "mean" : 26519237.271538,
          "stddev" : 64857902.085029,
          "percentile" : {
            "1.000000" : 593920,
            "5.000000" : 1073152,
            "10.000000" : 1712128,
            "20.000000" : 2998272,
            "30.000000" : 4227072,
            "40.000000" : 5537792,
            "50.000000" : 6848512,
            "60.000000" : 8159232,
            "70.000000" : 9502720,
            "80.000000" : 10944512,
            "90.000000" : 13434880,
            "95.000000" : 233832448,
            "99.000000" : 240123904,
            "99.500000" : 242221056,
            "99.900000" : 248512512,
            "99.950000" : 250609664,
            "99.990000" : 304087040,
            "0.00" : 0,
            "0.00" : 0,
            "0.00" : 0
          }
        },
        "lat_ns" : {
          "min" : 384882,
          "max" : 310987314,
          "mean" : 26534271.256257,
          "stddev" : 64857915.810060
        },
        "bw_min" : 1322,
        "bw_max" : 7872,
        "bw_agg" : 25.147558,
        "bw_mean" : 4850.460897,
        "bw_dev" : 1463.407313,
        "bw_samples" : 959,
        "iops_min" : 330,
        "iops_max" : 1968,
        "iops_mean" : 1212.378519,
        "iops_stddev" : 365.828758,
        "iops_samples" : 959
      },
      "write" : {
        "io_bytes" : 0,
        "io_kbytes" : 0,
        "bw" : 0,
        "iops" : 0.000000,
        "runtime" : 0,
        "total_ios" : 0,
        "short_ios" : 0,
        "drop_ios" : 0,
        "slat_ns" : {
          "min" : 0,
          "max" : 0,
          "mean" : 0.000000,
          "stddev" : 0.000000
        },
        "clat_ns" : {
          "min" : 0,
          "max" : 0,
          "mean" : 0.000000,
          "stddev" : 0.000000,
          "percentile" : {
            "1.000000" : 0,
            "5.000000" : 0,
            "10.000000" : 0,
            "20.000000" : 0,
            "30.000000" : 0,
            "40.000000" : 0,
            "50.000000" : 0,
            "60.000000" : 0,
            "70.000000" : 0,
            "80.000000" : 0,
            "90.000000" : 0,
            "95.000000" : 0,
            "99.000000" : 0,
            "99.500000" : 0,
            "99.900000" : 0,
            "99.950000" : 0,
            "99.990000" : 0,
            "0.00" : 0,
            "0.00" : 0,
            "0.00" : 0
          }
        },
        "lat_ns" : {
          "min" : 0,
          "max" : 0,
          "mean" : 0.000000,
          "stddev" : 0.000000
        },
        "bw_min" : 0,
        "bw_max" : 0,
        "bw_agg" : 0.000000,
        "bw_mean" : 0.000000,
        "bw_dev" : 0.000000,
        "bw_samples" : 0,
        "iops_min" : 0,
        "iops_max" : 0,
        "iops_mean" : 0.000000,
        "iops_stddev" : 0.000000,
        "iops_samples" : 0
      },
      "trim" : {
        "io_bytes" : 0,
        "io_kbytes" : 0,
        "bw" : 0,
        "iops" : 0.000000,
        "runtime" : 0,
        "total_ios" : 0,
        "short_ios" : 0,
        "drop_ios" : 0,
        "slat_ns" : {
          "min" : 0,
          "max" : 0,
          "mean" : 0.000000,
          "stddev" : 0.000000
        },
        "clat_ns" : {
          "min" : 0,
          "max" : 0,
          "mean" : 0.000000,
          "stddev" : 0.000000,
          "percentile" : {
            "1.000000" : 0,
            "5.000000" : 0,
            "10.000000" : 0,
            "20.000000" : 0,
            "30.000000" : 0,
            "40.000000" : 0,
            "50.000000" : 0,
            "60.000000" : 0,
            "70.000000" : 0,
            "80.000000" : 0,
            "90.000000" : 0,
            "95.000000" : 0,
            "99.000000" : 0,
            "99.500000" : 0,
            "99.900000" : 0,
            "99.950000" : 0,
            "99.990000" : 0,
            "0.00" : 0,
            "0.00" : 0,
            "0.00" : 0
          }
        },
        "lat_ns" : {
          "min" : 0,
          "max" : 0,
          "mean" : 0.000000,
          "stddev" : 0.000000
        },
        "bw_min" : 0,
        "bw_max" : 0,
        "bw_agg" : 0.000000,
        "bw_mean" : 0.000000,
        "bw_dev" : 0.000000,
        "bw_samples" : 0,
        "iops_min" : 0,
        "iops_max" : 0,
        "iops_mean" : 0.000000,
        "iops_stddev" : 0.000000,
        "iops_samples" : 0
      },
      "usr_cpu" : 1.034295,
      "sys_cpu" : 2.508466,
      "ctx" : 286494,
      "majf" : 0,
      "minf" : 205,
      "iodepth_level" : {
        "1" : 0.100000,
        "2" : 0.100000,
        "4" : 0.100000,
        "8" : 0.100000,
        "16" : 0.100000,
        "32" : 99.957160,
        ">=64" : 0.000000
      },
      "latency_ns" : {
        "2" : 0.000000,
        "4" : 0.000000,
        "10" : 0.000000,
        "20" : 0.000000,
        "50" : 0.000000,
        "100" : 0.000000,
        "250" : 0.000000,
        "500" : 0.000000,
        "750" : 0.000000,
        "1000" : 0.000000
      },
      "latency_us" : {
        "2" : 0.000000,
        "4" : 0.000000,
        "10" : 0.000000,
        "20" : 0.000000,
        "50" : 0.000000,
        "100" : 0.000000,
        "250" : 0.000000,
        "500" : 0.010000,
        "750" : 1.763702,
        "1000" : 2.445690
      },
      "latency_ms" : {
        "2" : 7.900210,
        "4" : 15.923413,
        "10" : 45.187737,
        "20" : 17.908225,
        "50" : 0.053550,
        "100" : 0.010000,
        "250" : 8.761850,
        "500" : 0.049404,
        "750" : 0.000000,
        "1000" : 0.000000,
        "2000" : 0.000000,
        ">=2000" : 0.000000
      },
      "latency_depth" : 32,
      "latency_target" : 0,
      "latency_percentile" : 100.000000,
      "latency_window" : 0
    }
  ],
  "disk_util" : [
    {
      "name" : "sdh",
      "read_ios" : 288661,
      "write_ios" : 0,
      "read_merges" : 2,
      "write_merges" : 0,
      "read_ticks" : 7639604,
      "write_ticks" : 0,
      "in_queue" : 7650236,
      "util" : 99.848219
    }
  ]
}
