{
  "fio version" : "fio-3.1",
  "timestamp" : 1573485576,
  "timestamp_ms" : 1573485576053,
  "time" : "Mon Nov 11 16:19:36 2019",
  "jobs" : [
    {
      "jobname" : "iotest",
      "groupid" : 0,
      "error" : 0,
      "eta" : 0,
      "elapsed" : 61,
      "job options" : {
        "rw" : "randread",
        "bs" : "4k",
        "size" : "30G",
        "directory" : "/mnt/ssd",
        "ioengine" : "libaio",
        "iodepth" : "16",
        "direct" : "1",
        "invalidate" : "1",
        "refill_buffers" : "1",
        "runtime" : "60",
        "numjobs" : "4",
        "group_reporting" : "1",
        "write_bw_log" : "randread-iodepth-16-numjobs-4",
        "write_lat_log" : "randread-iodepth-16-numjobs-4",
        "write_iops_log" : "randread-iodepth-16-numjobs-4",
        "log_avg_msec" : "250",
        "filename" : "test.bin"
      },
      "read" : {
        "io_bytes" : 1191673856,
        "io_kbytes" : 1163744,
        "bw" : 19391,
        "iops" : 4847.802179,
        "runtime" : 60014,
        "total_ios" : 290936,
        "short_ios" : 0,
        "drop_ios" : 0,
        "slat_ns" : {
          "min" : 3750,
          "max" : 1968989,
          "mean" : 12855.600163,
          "stddev" : 7588.944955
        },
        "clat_ns" : {
          "min" : 206657,
          "max" : 306793957,
          "mean" : 13180639.845495,
          "stddev" : 46346995.510805,
          "percentile" : {
            "1.000000" : 585728,
            "5.000000" : 790528,
            "10.000000" : 1011712,
            "20.000000" : 1613824,
            "30.000000" : 2211840,
            "40.000000" : 2768896,
            "50.000000" : 3293184,
            "60.000000" : 3850240,
            "70.000000" : 4423680,
            "80.000000" : 5079040,
            "90.000000" : 5865472,
            "95.000000" : 7045120,
            "99.000000" : 231735296,
            "99.500000" : 233832448,
            "99.900000" : 235929600,
            "99.950000" : 258998272,
            "99.990000" : 304087040,
            "0.00" : 0,
            "0.00" : 0,
            "0.00" : 0
          }
        },
        "lat_ns" : {
          "min" : 296473,
          "max" : 306807086,
          "mean" : 13194961.043312,
          "stddev" : 46347066.087899
        },
        "bw_min" : 592,
        "bw_max" : 7856,
        "bw_agg" : 25.244020,
        "bw_mean" : 4895.067992,
        "bw_dev" : 1501.494638,
        "bw_samples" : 956,
        "iops_min" : 148,
        "iops_max" : 1964,
        "iops_mean" : 1223.532427,
        "iops_stddev" : 375.376374,
        "iops_samples" : 956
      },
      "write" : {
        "io_bytes" : 0,
        "io_kbytes" : 0,
        "bw" : 0,
        "iops" : 0.000000,
        "runtime" : 0,
        "total_ios" : 0,
        "short_ios" : 0,
        "drop_ios" : 0,
        "slat_ns" : {
          "min" : 0,
          "max" : 0,
          "mean" : 0.000000,
          "stddev" : 0.000000
        },
        "clat_ns" : {
          "min" : 0,
          "max" : 0,
          "mean" : 0.000000,
          "stddev" : 0.000000,
          "percentile" : {
            "1.000000" : 0,
            "5.000000" : 0,
            "10.000000" : 0,
            "20.000000" : 0,
            "30.000000" : 0,
            "40.000000" : 0,
            "50.000000" : 0,
            "60.000000" : 0,
            "70.000000" : 0,
            "80.000000" : 0,
            "90.000000" : 0,
            "95.000000" : 0,
            "99.000000" : 0,
            "99.500000" : 0,
            "99.900000" : 0,
            "99.950000" : 0,
            "99.990000" : 0,
            "0.00" : 0,
            "0.00" : 0,
            "0.00" : 0
          }
        },
        "lat_ns" : {
          "min" : 0,
          "max" : 0,
          "mean" : 0.000000,
          "stddev" : 0.000000
        },
        "bw_min" : 0,
        "bw_max" : 0,
        "bw_agg" : 0.000000,
        "bw_mean" : 0.000000,
        "bw_dev" : 0.000000,
        "bw_samples" : 0,
        "iops_min" : 0,
        "iops_max" : 0,
        "iops_mean" : 0.000000,
        "iops_stddev" : 0.000000,
        "iops_samples" : 0
      },
      "trim" : {
        "io_bytes" : 0,
        "io_kbytes" : 0,
        "bw" : 0,
        "iops" : 0.000000,
        "runtime" : 0,
        "total_ios" : 0,
        "short_ios" : 0,
        "drop_ios" : 0,
        "slat_ns" : {
          "min" : 0,
          "max" : 0,
          "mean" : 0.000000,
          "stddev" : 0.000000
        },
        "clat_ns" : {
          "min" : 0,
          "max" : 0,
          "mean" : 0.000000,
          "stddev" : 0.000000,
          "percentile" : {
            "1.000000" : 0,
            "5.000000" : 0,
            "10.000000" : 0,
            "20.000000" : 0,
            "30.000000" : 0,
            "40.000000" : 0,
            "50.000000" : 0,
            "60.000000" : 0,
            "70.000000" : 0,
            "80.000000" : 0,
            "90.000000" : 0,
            "95.000000" : 0,
            "99.000000" : 0,
            "99.500000" : 0,
            "99.900000" : 0,
            "99.950000" : 0,
            "99.990000" : 0,
            "0.00" : 0,
            "0.00" : 0,
            "0.00" : 0
          }
        },
        "lat_ns" : {
          "min" : 0,
          "max" : 0,
          "mean" : 0.000000,
          "stddev" : 0.000000
        },
        "bw_min" : 0,
        "bw_max" : 0,
        "bw_agg" : 0.000000,
        "bw_mean" : 0.000000,
        "bw_dev" : 0.000000,
        "bw_samples" : 0,
        "iops_min" : 0,
        "iops_max" : 0,
        "iops_mean" : 0.000000,
        "iops_stddev" : 0.000000,
        "iops_samples" : 0
      },
      "usr_cpu" : 1.009844,
      "sys_cpu" : 2.470452,
      "ctx" : 288705,
      "majf" : 0,
      "minf" : 149,
      "iodepth_level" : {
        "1" : 0.100000,
        "2" : 0.100000,
        "4" : 0.100000,
        "8" : 0.100000,
        "16" : 99.979377,
        "32" : 0.000000,
        ">=64" : 0.000000
      },
      "latency_ns" : {
        "2" : 0.000000,
        "4" : 0.000000,
        "10" : 0.000000,
        "20" : 0.000000,
        "50" : 0.000000,
        "100" : 0.000000,
        "250" : 0.000000,
        "500" : 0.000000,
        "750" : 0.000000,
        "1000" : 0.000000
      },
      "latency_us" : {
        "2" : 0.000000,
        "4" : 0.000000,
        "10" : 0.000000,
        "20" : 0.000000,
        "50" : 0.000000,
        "100" : 0.000000,
        "250" : 0.010000,
        "500" : 0.023029,
        "750" : 3.786056,
        "1000" : 5.364410
      },
      "latency_ms" : {
        "2" : 17.194503,
        "4" : 35.308109,
        "10" : 33.831496,
        "20" : 0.059120,
        "50" : 0.010000,
        "100" : 0.010000,
        "250" : 4.366252,
        "500" : 0.060494,
        "750" : 0.000000,
        "1000" : 0.000000,
        "2000" : 0.000000,
        ">=2000" : 0.000000
      },
      "latency_depth" : 16,
      "latency_target" : 0,
      "latency_percentile" : 100.000000,
      "latency_window" : 0
    }
  ],
  "disk_util" : [
    {
      "name" : "sdh",
      "read_ios" : 290936,
      "write_ios" : 0,
      "read_merges" : 0,
      "write_merges" : 0,
      "read_ticks" : 3830600,
      "write_ticks" : 0,
      "in_queue" : 3830380,
      "util" : 99.265582
    }
  ]
}
