{
  "fio version" : "fio-3.1",
  "timestamp" : 1573484684,
  "timestamp_ms" : 1573484684992,
  "time" : "Mon Nov 11 16:04:44 2019",
  "jobs" : [
    {
      "jobname" : "iotest",
      "groupid" : 0,
      "error" : 0,
      "eta" : 0,
      "elapsed" : 61,
      "job options" : {
        "rw" : "randread",
        "bs" : "4k",
        "size" : "30G",
        "directory" : "/mnt/ssd",
        "ioengine" : "libaio",
        "iodepth" : "4",
        "direct" : "1",
        "invalidate" : "1",
        "refill_buffers" : "1",
        "runtime" : "60",
        "numjobs" : "1",
        "group_reporting" : "1",
        "write_bw_log" : "randread-iodepth-4-numjobs-1",
        "write_lat_log" : "randread-iodepth-4-numjobs-1",
        "write_iops_log" : "randread-iodepth-4-numjobs-1",
        "log_avg_msec" : "250",
        "filename" : "test.bin"
      },
      "read" : {
        "io_bytes" : 1184915456,
        "io_kbytes" : 1157144,
        "bw" : 19285,
        "iops" : 4821.352977,
        "runtime" : 60001,
        "total_ios" : 289286,
        "short_ios" : 0,
        "drop_ios" : 0,
        "slat_ns" : {
          "min" : 3936,
          "max" : 1978139,
          "mean" : 11966.540434,
          "stddev" : 10869.364195
        },
        "clat_ns" : {
          "min" : 74997,
          "max" : 13623327,
          "mean" : 811102.217657,
          "stddev" : 269326.643879,
          "percentile" : {
            "1.000000" : 561152,
            "5.000000" : 577536,
            "10.000000" : 585728,
            "20.000000" : 593920,
            "30.000000" : 610304,
            "40.000000" : 782336,
            "50.000000" : 790528,
            "60.000000" : 798720,
            "70.000000" : 823296,
            "80.000000" : 995328,
            "90.000000" : 1028096,
            "95.000000" : 1204224,
            "99.000000" : 1433600,
            "99.500000" : 1630208,
            "99.900000" : 2605056,
            "99.950000" : 5210112,
            "99.990000" : 8847360,
            "0.00" : 0,
            "0.00" : 0,
            "0.00" : 0
          }
        },
        "lat_ns" : {
          "min" : 217523,
          "max" : 13633586,
          "mean" : 824599.199692,
          "stddev" : 269392.289870
        },
        "bw_min" : 17808,
        "bw_max" : 19792,
        "bw_agg" : 100.000000,
        "bw_mean" : 19290.012500,
        "bw_dev" : 338.868490,
        "bw_samples" : 240,
        "iops_min" : 4452,
        "iops_max" : 4948,
        "iops_mean" : 4822.483333,
        "iops_stddev" : 84.711569,
        "iops_samples" : 240
      },
      "write" : {
        "io_bytes" : 0,
        "io_kbytes" : 0,
        "bw" : 0,
        "iops" : 0.000000,
        "runtime" : 0,
        "total_ios" : 0,
        "short_ios" : 0,
        "drop_ios" : 0,
        "slat_ns" : {
          "min" : 0,
          "max" : 0,
          "mean" : 0.000000,
          "stddev" : 0.000000
        },
        "clat_ns" : {
          "min" : 0,
          "max" : 0,
          "mean" : 0.000000,
          "stddev" : 0.000000,
          "percentile" : {
            "1.000000" : 0,
            "5.000000" : 0,
            "10.000000" : 0,
            "20.000000" : 0,
            "30.000000" : 0,
            "40.000000" : 0,
            "50.000000" : 0,
            "60.000000" : 0,
            "70.000000" : 0,
            "80.000000" : 0,
            "90.000000" : 0,
            "95.000000" : 0,
            "99.000000" : 0,
            "99.500000" : 0,
            "99.900000" : 0,
            "99.950000" : 0,
            "99.990000" : 0,
            "0.00" : 0,
            "0.00" : 0,
            "0.00" : 0
          }
        },
        "lat_ns" : {
          "min" : 0,
          "max" : 0,
          "mean" : 0.000000,
          "stddev" : 0.000000
        },
        "bw_min" : 0,
        "bw_max" : 0,
        "bw_agg" : 0.000000,
        "bw_mean" : 0.000000,
        "bw_dev" : 0.000000,
        "bw_samples" : 0,
        "iops_min" : 0,
        "iops_max" : 0,
        "iops_mean" : 0.000000,
        "iops_stddev" : 0.000000,
        "iops_samples" : 0
      },
      "trim" : {
        "io_bytes" : 0,
        "io_kbytes" : 0,
        "bw" : 0,
        "iops" : 0.000000,
        "runtime" : 0,
        "total_ios" : 0,
        "short_ios" : 0,
        "drop_ios" : 0,
        "slat_ns" : {
          "min" : 0,
          "max" : 0,
          "mean" : 0.000000,
          "stddev" : 0.000000
        },
        "clat_ns" : {
          "min" : 0,
          "max" : 0,
          "mean" : 0.000000,
          "stddev" : 0.000000,
          "percentile" : {
            "1.000000" : 0,
            "5.000000" : 0,
            "10.000000" : 0,
            "20.000000" : 0,
            "30.000000" : 0,
            "40.000000" : 0,
            "50.000000" : 0,
            "60.000000" : 0,
            "70.000000" : 0,
            "80.000000" : 0,
            "90.000000" : 0,
            "95.000000" : 0,
            "99.000000" : 0,
            "99.500000" : 0,
            "99.900000" : 0,
            "99.950000" : 0,
            "99.990000" : 0,
            "0.00" : 0,
            "0.00" : 0,
            "0.00" : 0
          }
        },
        "lat_ns" : {
          "min" : 0,
          "max" : 0,
          "mean" : 0.000000,
          "stddev" : 0.000000
        },
        "bw_min" : 0,
        "bw_max" : 0,
        "bw_agg" : 0.000000,
        "bw_mean" : 0.000000,
        "bw_dev" : 0.000000,
        "bw_samples" : 0,
        "iops_min" : 0,
        "iops_max" : 0,
        "iops_mean" : 0.000000,
        "iops_stddev" : 0.000000,
        "iops_samples" : 0
      },
      "usr_cpu" : 3.798333,
      "sys_cpu" : 9.370000,
      "ctx" : 287826,
      "majf" : 0,
      "minf" : 24,
      "iodepth_level" : {
        "1" : 0.100000,
        "2" : 0.100000,
        "4" : 99.998963,
        "8" : 0.000000,
        "16" : 0.000000,
        "32" : 0.000000,
        ">=64" : 0.000000
      },
      "latency_ns" : {
        "2" : 0.000000,
        "4" : 0.000000,
        "10" : 0.000000,
        "20" : 0.000000,
        "50" : 0.000000,
        "100" : 0.000000,
        "250" : 0.000000,
        "500" : 0.000000,
        "750" : 0.000000,
        "1000" : 0.000000
      },
      "latency_us" : {
        "2" : 0.000000,
        "4" : 0.000000,
        "10" : 0.000000,
        "20" : 0.000000,
        "50" : 0.000000,
        "100" : 0.010000,
        "250" : 0.077778,
        "500" : 0.338074,
        "750" : 33.333103,
        "1000" : 49.578618
      },
      "latency_ms" : {
        "2" : 16.478502,
        "4" : 0.128247,
        "10" : 0.059111,
        "20" : 0.010000,
        "50" : 0.000000,
        "100" : 0.000000,
        "250" : 0.000000,
        "500" : 0.000000,
        "750" : 0.000000,
        "1000" : 0.000000,
        "2000" : 0.000000,
        ">=2000" : 0.000000
      },
      "latency_depth" : 4,
      "latency_target" : 0,
      "latency_percentile" : 100.000000,
      "latency_window" : 0
    }
  ],
  "disk_util" : [
    {
      "name" : "sdh",
      "read_ios" : 288641,
      "write_ios" : 0,
      "read_merges" : 0,
      "write_merges" : 0,
      "read_ticks" : 231624,
      "write_ticks" : 0,
      "in_queue" : 231440,
      "util" : 99.334501
    }
  ]
}
