{
  "fio version" : "fio-3.1",
  "timestamp" : 1573488379,
  "timestamp_ms" : 1573488379229,
  "time" : "Mon Nov 11 17:06:19 2019",
  "jobs" : [
    {
      "jobname" : "iotest",
      "groupid" : 0,
      "error" : 0,
      "eta" : 0,
      "elapsed" : 61,
      "job options" : {
        "rw" : "randwrite",
        "bs" : "4k",
        "size" : "30G",
        "directory" : "/mnt/ssd",
        "ioengine" : "libaio",
        "iodepth" : "32",
        "direct" : "1",
        "invalidate" : "1",
        "refill_buffers" : "1",
        "runtime" : "60",
        "numjobs" : "8",
        "group_reporting" : "1",
        "write_bw_log" : "randwrite-iodepth-32-numjobs-8",
        "write_lat_log" : "randwrite-iodepth-32-numjobs-8",
        "write_iops_log" : "randwrite-iodepth-32-numjobs-8",
        "log_avg_msec" : "250",
        "filename" : "test.bin"
      },
      "read" : {
        "io_bytes" : 0,
        "io_kbytes" : 0,
        "bw" : 0,
        "iops" : 0.000000,
        "runtime" : 0,
        "total_ios" : 0,
        "short_ios" : 0,
        "drop_ios" : 0,
        "slat_ns" : {
          "min" : 0,
          "max" : 0,
          "mean" : 0.000000,
          "stddev" : 0.000000
        },
        "clat_ns" : {
          "min" : 0,
          "max" : 0,
          "mean" : 0.000000,
          "stddev" : 0.000000,
          "percentile" : {
            "1.000000" : 0,
            "5.000000" : 0,
            "10.000000" : 0,
            "20.000000" : 0,
            "30.000000" : 0,
            "40.000000" : 0,
            "50.000000" : 0,
            "60.000000" : 0,
            "70.000000" : 0,
            "80.000000" : 0,
            "90.000000" : 0,
            "95.000000" : 0,
            "99.000000" : 0,
            "99.500000" : 0,
            "99.900000" : 0,
            "99.950000" : 0,
            "99.990000" : 0,
            "0.00" : 0,
            "0.00" : 0,
            "0.00" : 0
          }
        },
        "lat_ns" : {
          "min" : 0,
          "max" : 0,
          "mean" : 0.000000,
          "stddev" : 0.000000
        },
        "bw_min" : 0,
        "bw_max" : 0,
        "bw_agg" : 0.000000,
        "bw_mean" : 0.000000,
        "bw_dev" : 0.000000,
        "bw_samples" : 0,
        "iops_min" : 0,
        "iops_max" : 0,
        "iops_mean" : 0.000000,
        "iops_stddev" : 0.000000,
        "iops_samples" : 0
      },
      "write" : {
        "io_bytes" : 1807347712,
        "io_kbytes" : 1764988,
        "bw" : 29405,
        "iops" : 7351.421146,
        "runtime" : 60022,
        "total_ios" : 441247,
        "short_ios" : 0,
        "drop_ios" : 0,
        "slat_ns" : {
          "min" : 4932,
          "max" : 36976052,
          "mean" : 534370.479913,
          "stddev" : 2913061.602491
        },
        "clat_ns" : {
          "min" : 273496,
          "max" : 272958684,
          "mean" : 34268280.924033,
          "stddev" : 19160562.832978,
          "percentile" : {
            "1.000000" : 11075584,
            "5.000000" : 19529728,
            "10.000000" : 21364736,
            "20.000000" : 25296896,
            "30.000000" : 28704768,
            "40.000000" : 31588352,
            "50.000000" : 32112640,
            "60.000000" : 32636928,
            "70.000000" : 33161216,
            "80.000000" : 34865152,
            "90.000000" : 38535168,
            "95.000000" : 72876032,
            "99.000000" : 112721920,
            "99.500000" : 116916224,
            "99.900000" : 191889408,
            "99.950000" : 219152384,
            "99.990000" : 263192576,
            "0.00" : 0,
            "0.00" : 0,
            "0.00" : 0
          }
        },
        "lat_ns" : {
          "min" : 292400,
          "max" : 273658280,
          "mean" : 34804328.783915,
          "stddev" : 19402964.443853
        },
        "bw_min" : 728,
        "bw_max" : 6128,
        "bw_agg" : 12.702929,
        "bw_mean" : 3735.296354,
        "bw_dev" : 760.655801,
        "bw_samples" : 1920,
        "iops_min" : 182,
        "iops_max" : 1532,
        "iops_mean" : 933.526563,
        "iops_stddev" : 190.148935,
        "iops_samples" : 1920
      },
      "trim" : {
        "io_bytes" : 0,
        "io_kbytes" : 0,
        "bw" : 0,
        "iops" : 0.000000,
        "runtime" : 0,
        "total_ios" : 0,
        "short_ios" : 0,
        "drop_ios" : 0,
        "slat_ns" : {
          "min" : 0,
          "max" : 0,
          "mean" : 0.000000,
          "stddev" : 0.000000
        },
        "clat_ns" : {
          "min" : 0,
          "max" : 0,
          "mean" : 0.000000,
          "stddev" : 0.000000,
          "percentile" : {
            "1.000000" : 0,
            "5.000000" : 0,
            "10.000000" : 0,
            "20.000000" : 0,
            "30.000000" : 0,
            "40.000000" : 0,
            "50.000000" : 0,
            "60.000000" : 0,
            "70.000000" : 0,
            "80.000000" : 0,
            "90.000000" : 0,
            "95.000000" : 0,
            "99.000000" : 0,
            "99.500000" : 0,
            "99.900000" : 0,
            "99.950000" : 0,
            "99.990000" : 0,
            "0.00" : 0,
            "0.00" : 0,
            "0.00" : 0
          }
        },
        "lat_ns" : {
          "min" : 0,
          "max" : 0,
          "mean" : 0.000000,
          "stddev" : 0.000000
        },
        "bw_min" : 0,
        "bw_max" : 0,
        "bw_agg" : 0.000000,
        "bw_mean" : 0.000000,
        "bw_dev" : 0.000000,
        "bw_samples" : 0,
        "iops_min" : 0,
        "iops_max" : 0,
        "iops_mean" : 0.000000,
        "iops_stddev" : 0.000000,
        "iops_samples" : 0
      },
      "usr_cpu" : 0.874578,
      "sys_cpu" : 1.800394,
      "ctx" : 32225,
      "majf" : 0,
      "minf" : 158,
      "iodepth_level" : {
        "1" : 0.100000,
        "2" : 0.100000,
        "4" : 0.100000,
        "8" : 0.100000,
        "16" : 0.100000,
        "32" : 99.943796,
        ">=64" : 0.000000
      },
      "latency_ns" : {
        "2" : 0.000000,
        "4" : 0.000000,
        "10" : 0.000000,
        "20" : 0.000000,
        "50" : 0.000000,
        "100" : 0.000000,
        "250" : 0.000000,
        "500" : 0.000000,
        "750" : 0.000000,
        "1000" : 0.000000
      },
      "latency_us" : {
        "2" : 0.000000,
        "4" : 0.000000,
        "10" : 0.000000,
        "20" : 0.000000,
        "50" : 0.000000,
        "100" : 0.000000,
        "250" : 0.000000,
        "500" : 0.027196,
        "750" : 0.020397,
        "1000" : 0.020397
      },
      "latency_ms" : {
        "2" : 0.076374,
        "4" : 0.187877,
        "10" : 0.618021,
        "20" : 5.208194,
        "50" : 87.757424,
        "100" : 2.431518,
        "250" : 3.611356,
        "500" : 0.041247,
        "750" : 0.000000,
        "1000" : 0.000000,
        "2000" : 0.000000,
        ">=2000" : 0.000000
      },
      "latency_depth" : 32,
      "latency_target" : 0,
      "latency_percentile" : 100.000000,
      "latency_window" : 0
    }
  ],
  "disk_util" : [
    {
      "name" : "sdh",
      "read_ios" : 0,
      "write_ios" : 441250,
      "read_merges" : 0,
      "write_merges" : 1,
      "read_ticks" : 0,
      "write_ticks" : 8521712,
      "in_queue" : 8521492,
      "util" : 99.285289
    }
  ]
}
