{
  "fio version" : "fio-3.1",
  "timestamp" : 1573488506,
  "timestamp_ms" : 1573488506807,
  "time" : "Mon Nov 11 17:08:26 2019",
  "jobs" : [
    {
      "jobname" : "iotest",
      "groupid" : 0,
      "error" : 0,
      "eta" : 0,
      "elapsed" : 61,
      "job options" : {
        "rw" : "randwrite",
        "bs" : "4k",
        "size" : "30G",
        "directory" : "/mnt/ssd",
        "ioengine" : "libaio",
        "iodepth" : "32",
        "direct" : "1",
        "invalidate" : "1",
        "refill_buffers" : "1",
        "runtime" : "60",
        "numjobs" : "32",
        "group_reporting" : "1",
        "write_bw_log" : "randwrite-iodepth-32-numjobs-32",
        "write_lat_log" : "randwrite-iodepth-32-numjobs-32",
        "write_iops_log" : "randwrite-iodepth-32-numjobs-32",
        "log_avg_msec" : "250",
        "filename" : "test.bin"
      },
      "read" : {
        "io_bytes" : 0,
        "io_kbytes" : 0,
        "bw" : 0,
        "iops" : 0.000000,
        "runtime" : 0,
        "total_ios" : 0,
        "short_ios" : 0,
        "drop_ios" : 0,
        "slat_ns" : {
          "min" : 0,
          "max" : 0,
          "mean" : 0.000000,
          "stddev" : 0.000000
        },
        "clat_ns" : {
          "min" : 0,
          "max" : 0,
          "mean" : 0.000000,
          "stddev" : 0.000000,
          "percentile" : {
            "1.000000" : 0,
            "5.000000" : 0,
            "10.000000" : 0,
            "20.000000" : 0,
            "30.000000" : 0,
            "40.000000" : 0,
            "50.000000" : 0,
            "60.000000" : 0,
            "70.000000" : 0,
            "80.000000" : 0,
            "90.000000" : 0,
            "95.000000" : 0,
            "99.000000" : 0,
            "99.500000" : 0,
            "99.900000" : 0,
            "99.950000" : 0,
            "99.990000" : 0,
            "0.00" : 0,
            "0.00" : 0,
            "0.00" : 0
          }
        },
        "lat_ns" : {
          "min" : 0,
          "max" : 0,
          "mean" : 0.000000,
          "stddev" : 0.000000
        },
        "bw_min" : 0,
        "bw_max" : 0,
        "bw_agg" : 0.000000,
        "bw_mean" : 0.000000,
        "bw_dev" : 0.000000,
        "bw_samples" : 0,
        "iops_min" : 0,
        "iops_max" : 0,
        "iops_mean" : 0.000000,
        "iops_stddev" : 0.000000,
        "iops_samples" : 0
      },
      "write" : {
        "io_bytes" : 1833017344,
        "io_kbytes" : 1790056,
        "bw" : 29810,
        "iops" : 7452.604583,
        "runtime" : 60048,
        "total_ios" : 447514,
        "short_ios" : 0,
        "drop_ios" : 0,
        "slat_ns" : {
          "min" : 5050,
          "max" : 273031357,
          "mean" : 3748598.810089,
          "stddev" : 20855984.022311
        },
        "clat_ns" : {
          "min" : 269265,
          "max" : 672964820,
          "mean" : 133403346.811977,
          "stddev" : 31997429.136740,
          "percentile" : {
            "1.000000" : 12386304,
            "5.000000" : 115867648,
            "10.000000" : 122159104,
            "20.000000" : 128450560,
            "30.000000" : 129499136,
            "40.000000" : 130547712,
            "50.000000" : 131596288,
            "60.000000" : 133693440,
            "70.000000" : 137363456,
            "80.000000" : 141557760,
            "90.000000" : 147849216,
            "95.000000" : 158334976,
            "99.000000" : 225443840,
            "99.500000" : 250609664,
            "99.900000" : 362807296,
            "99.950000" : 375390208,
            "99.990000" : 591396864,
            "0.00" : 0,
            "0.00" : 0,
            "0.00" : 0
          }
        },
        "lat_ns" : {
          "min" : 290054,
          "max" : 672980912,
          "mean" : 137153597.232726,
          "stddev" : 38538957.687050
        },
        "bw_min" : 16,
        "bw_max" : 1879,
        "bw_agg" : 3.167063,
        "bw_mean" : 944.101342,
        "bw_dev" : 211.669082,
        "bw_samples" : 7677,
        "iops_min" : 4,
        "iops_max" : 469,
        "iops_mean" : 235.868829,
        "iops_stddev" : 52.970796,
        "iops_samples" : 7677
      },
      "trim" : {
        "io_bytes" : 0,
        "io_kbytes" : 0,
        "bw" : 0,
        "iops" : 0.000000,
        "runtime" : 0,
        "total_ios" : 0,
        "short_ios" : 0,
        "drop_ios" : 0,
        "slat_ns" : {
          "min" : 0,
          "max" : 0,
          "mean" : 0.000000,
          "stddev" : 0.000000
        },
        "clat_ns" : {
          "min" : 0,
          "max" : 0,
          "mean" : 0.000000,
          "stddev" : 0.000000,
          "percentile" : {
            "1.000000" : 0,
            "5.000000" : 0,
            "10.000000" : 0,
            "20.000000" : 0,
            "30.000000" : 0,
            "40.000000" : 0,
            "50.000000" : 0,
            "60.000000" : 0,
            "70.000000" : 0,
            "80.000000" : 0,
            "90.000000" : 0,
            "95.000000" : 0,
            "99.000000" : 0,
            "99.500000" : 0,
            "99.900000" : 0,
            "99.950000" : 0,
            "99.990000" : 0,
            "0.00" : 0,
            "0.00" : 0,
            "0.00" : 0
          }
        },
        "lat_ns" : {
          "min" : 0,
          "max" : 0,
          "mean" : 0.000000,
          "stddev" : 0.000000
        },
        "bw_min" : 0,
        "bw_max" : 0,
        "bw_agg" : 0.000000,
        "bw_mean" : 0.000000,
        "bw_dev" : 0.000000,
        "bw_samples" : 0,
        "iops_min" : 0,
        "iops_max" : 0,
        "iops_mean" : 0.000000,
        "iops_stddev" : 0.000000,
        "iops_samples" : 0
      },
      "usr_cpu" : 0.216967,
      "sys_cpu" : 0.456480,
      "ctx" : 31918,
      "majf" : 0,
      "minf" : 729,
      "iodepth_level" : {
        "1" : 0.100000,
        "2" : 0.100000,
        "4" : 0.100000,
        "8" : 0.100000,
        "16" : 0.114410,
        "32" : 99.778331,
        ">=64" : 0.000000
      },
      "latency_ns" : {
        "2" : 0.000000,
        "4" : 0.000000,
        "10" : 0.000000,
        "20" : 0.000000,
        "50" : 0.000000,
        "100" : 0.000000,
        "250" : 0.000000,
        "500" : 0.000000,
        "750" : 0.000000,
        "1000" : 0.000000
      },
      "latency_us" : {
        "2" : 0.000000,
        "4" : 0.000000,
        "10" : 0.000000,
        "20" : 0.000000,
        "50" : 0.000000,
        "100" : 0.000000,
        "250" : 0.000000,
        "500" : 0.033295,
        "750" : 0.025698,
        "1000" : 0.026144
      },
      "latency_ms" : {
        "2" : 0.050501,
        "4" : 0.148375,
        "10" : 0.433283,
        "20" : 2.624052,
        "50" : 0.223680,
        "100" : 0.226809,
        "250" : 95.704939,
        "500" : 0.482220,
        "750" : 0.021005,
        "1000" : 0.000000,
        "2000" : 0.000000,
        ">=2000" : 0.000000
      },
      "latency_depth" : 32,
      "latency_target" : 0,
      "latency_percentile" : 100.000000,
      "latency_window" : 0
    }
  ],
  "disk_util" : [
    {
      "name" : "sdh",
      "read_ios" : 0,
      "write_ios" : 447515,
      "read_merges" : 0,
      "write_merges" : 2,
      "read_ticks" : 0,
      "write_ticks" : 8492164,
      "in_queue" : 8491916,
      "util" : 99.443598
    }
  ]
}
