{
  "fio version" : "fio-3.1",
  "timestamp" : 1573487214,
  "timestamp_ms" : 1573487214392,
  "time" : "Mon Nov 11 16:46:54 2019",
  "jobs" : [
    {
      "jobname" : "iotest",
      "groupid" : 0,
      "error" : 0,
      "eta" : 0,
      "elapsed" : 61,
      "job options" : {
        "rw" : "randwrite",
        "bs" : "4k",
        "size" : "30G",
        "directory" : "/mnt/ssd",
        "ioengine" : "libaio",
        "iodepth" : "4",
        "direct" : "1",
        "invalidate" : "1",
        "refill_buffers" : "1",
        "runtime" : "60",
        "numjobs" : "8",
        "group_reporting" : "1",
        "write_bw_log" : "randwrite-iodepth-4-numjobs-8",
        "write_lat_log" : "randwrite-iodepth-4-numjobs-8",
        "write_iops_log" : "randwrite-iodepth-4-numjobs-8",
        "log_avg_msec" : "250",
        "filename" : "test.bin"
      },
      "read" : {
        "io_bytes" : 0,
        "io_kbytes" : 0,
        "bw" : 0,
        "iops" : 0.000000,
        "runtime" : 0,
        "total_ios" : 0,
        "short_ios" : 0,
        "drop_ios" : 0,
        "slat_ns" : {
          "min" : 0,
          "max" : 0,
          "mean" : 0.000000,
          "stddev" : 0.000000
        },
        "clat_ns" : {
          "min" : 0,
          "max" : 0,
          "mean" : 0.000000,
          "stddev" : 0.000000,
          "percentile" : {
            "1.000000" : 0,
            "5.000000" : 0,
            "10.000000" : 0,
            "20.000000" : 0,
            "30.000000" : 0,
            "40.000000" : 0,
            "50.000000" : 0,
            "60.000000" : 0,
            "70.000000" : 0,
            "80.000000" : 0,
            "90.000000" : 0,
            "95.000000" : 0,
            "99.000000" : 0,
            "99.500000" : 0,
            "99.900000" : 0,
            "99.950000" : 0,
            "99.990000" : 0,
            "0.00" : 0,
            "0.00" : 0,
            "0.00" : 0
          }
        },
        "lat_ns" : {
          "min" : 0,
          "max" : 0,
          "mean" : 0.000000,
          "stddev" : 0.000000
        },
        "bw_min" : 0,
        "bw_max" : 0,
        "bw_agg" : 0.000000,
        "bw_mean" : 0.000000,
        "bw_dev" : 0.000000,
        "bw_samples" : 0,
        "iops_min" : 0,
        "iops_max" : 0,
        "iops_mean" : 0.000000,
        "iops_stddev" : 0.000000,
        "iops_samples" : 0
      },
      "write" : {
        "io_bytes" : 1784250368,
        "io_kbytes" : 1742432,
        "bw" : 29037,
        "iops" : 7259.407393,
        "runtime" : 60006,
        "total_ios" : 435608,
        "short_ios" : 0,
        "drop_ios" : 0,
        "slat_ns" : {
          "min" : 5207,
          "max" : 8556977,
          "mean" : 16904.986378,
          "stddev" : 20417.757053
        },
        "clat_ns" : {
          "min" : 96813,
          "max" : 518929313,
          "mean" : 4380656.003044,
          "stddev" : 30254367.125443,
          "percentile" : {
            "1.000000" : 325632,
            "5.000000" : 337920,
            "10.000000" : 342016,
            "20.000000" : 350208,
            "30.000000" : 378880,
            "40.000000" : 464896,
            "50.000000" : 468992,
            "60.000000" : 477184,
            "70.000000" : 528384,
            "80.000000" : 593920,
            "90.000000" : 716800,
            "95.000000" : 937984,
            "99.000000" : 229638144,
            "99.500000" : 265289728,
            "99.900000" : 304087040,
            "99.950000" : 337641472,
            "99.990000" : 404750336,
            "0.00" : 0,
            "0.00" : 0,
            "0.00" : 0
          }
        },
        "lat_ns" : {
          "min" : 147069,
          "max" : 518944425,
          "mean" : 4399018.352489,
          "stddev" : 30254752.262941
        },
        "bw_min" : 16,
        "bw_max" : 19239,
        "bw_agg" : 13.252975,
        "bw_mean" : 3848.266449,
        "bw_dev" : 1932.795737,
        "bw_samples" : 1839,
        "iops_min" : 4,
        "iops_max" : 4809,
        "iops_mean" : 961.771615,
        "iops_stddev" : 483.190472,
        "iops_samples" : 1839
      },
      "trim" : {
        "io_bytes" : 0,
        "io_kbytes" : 0,
        "bw" : 0,
        "iops" : 0.000000,
        "runtime" : 0,
        "total_ios" : 0,
        "short_ios" : 0,
        "drop_ios" : 0,
        "slat_ns" : {
          "min" : 0,
          "max" : 0,
          "mean" : 0.000000,
          "stddev" : 0.000000
        },
        "clat_ns" : {
          "min" : 0,
          "max" : 0,
          "mean" : 0.000000,
          "stddev" : 0.000000,
          "percentile" : {
            "1.000000" : 0,
            "5.000000" : 0,
            "10.000000" : 0,
            "20.000000" : 0,
            "30.000000" : 0,
            "40.000000" : 0,
            "50.000000" : 0,
            "60.000000" : 0,
            "70.000000" : 0,
            "80.000000" : 0,
            "90.000000" : 0,
            "95.000000" : 0,
            "99.000000" : 0,
            "99.500000" : 0,
            "99.900000" : 0,
            "99.950000" : 0,
            "99.990000" : 0,
            "0.00" : 0,
            "0.00" : 0,
            "0.00" : 0
          }
        },
        "lat_ns" : {
          "min" : 0,
          "max" : 0,
          "mean" : 0.000000,
          "stddev" : 0.000000
        },
        "bw_min" : 0,
        "bw_max" : 0,
        "bw_agg" : 0.000000,
        "bw_mean" : 0.000000,
        "bw_dev" : 0.000000,
        "bw_samples" : 0,
        "iops_min" : 0,
        "iops_max" : 0,
        "iops_mean" : 0.000000,
        "iops_stddev" : 0.000000,
        "iops_samples" : 0
      },
      "usr_cpu" : 1.096843,
      "sys_cpu" : 2.128480,
      "ctx" : 431521,
      "majf" : 0,
      "minf" : 177,
      "iodepth_level" : {
        "1" : 0.100000,
        "2" : 0.100000,
        "4" : 99.994490,
        "8" : 0.000000,
        "16" : 0.000000,
        "32" : 0.000000,
        ">=64" : 0.000000
      },
      "latency_ns" : {
        "2" : 0.000000,
        "4" : 0.000000,
        "10" : 0.000000,
        "20" : 0.000000,
        "50" : 0.000000,
        "100" : 0.000000,
        "250" : 0.000000,
        "500" : 0.000000,
        "750" : 0.000000,
        "1000" : 0.000000
      },
      "latency_us" : {
        "2" : 0.000000,
        "4" : 0.000000,
        "10" : 0.000000,
        "20" : 0.000000,
        "50" : 0.000000,
        "100" : 0.010000,
        "250" : 0.074149,
        "500" : 67.607803,
        "750" : 25.297515,
        "1000" : 2.335127
      },
      "latency_ms" : {
        "2" : 1.907678,
        "4" : 0.902187,
        "10" : 0.108584,
        "20" : 0.015610,
        "50" : 0.044076,
        "100" : 0.072083,
        "250" : 0.958890,
        "500" : 0.675148,
        "750" : 0.010000,
        "1000" : 0.000000,
        "2000" : 0.000000,
        ">=2000" : 0.000000
      },
      "latency_depth" : 4,
      "latency_target" : 0,
      "latency_percentile" : 100.000000,
      "latency_window" : 0
    }
  ],
  "disk_util" : [
    {
      "name" : "sdh",
      "read_ios" : 0,
      "write_ios" : 435609,
      "read_merges" : 0,
      "write_merges" : 3,
      "read_ticks" : 0,
      "write_ticks" : 1900340,
      "in_queue" : 1900240,
      "util" : 99.253941
    }
  ]
}
