{
  "fio version" : "fio-3.1",
  "timestamp" : 1573488061,
  "timestamp_ms" : 1573488061028,
  "time" : "Mon Nov 11 17:01:01 2019",
  "jobs" : [
    {
      "jobname" : "iotest",
      "groupid" : 0,
      "error" : 0,
      "eta" : 0,
      "elapsed" : 61,
      "job options" : {
        "rw" : "randwrite",
        "bs" : "4k",
        "size" : "30G",
        "directory" : "/mnt/ssd",
        "ioengine" : "libaio",
        "iodepth" : "16",
        "direct" : "1",
        "invalidate" : "1",
        "refill_buffers" : "1",
        "runtime" : "60",
        "numjobs" : "16",
        "group_reporting" : "1",
        "write_bw_log" : "randwrite-iodepth-16-numjobs-16",
        "write_lat_log" : "randwrite-iodepth-16-numjobs-16",
        "write_iops_log" : "randwrite-iodepth-16-numjobs-16",
        "log_avg_msec" : "250",
        "filename" : "test.bin"
      },
      "read" : {
        "io_bytes" : 0,
        "io_kbytes" : 0,
        "bw" : 0,
        "iops" : 0.000000,
        "runtime" : 0,
        "total_ios" : 0,
        "short_ios" : 0,
        "drop_ios" : 0,
        "slat_ns" : {
          "min" : 0,
          "max" : 0,
          "mean" : 0.000000,
          "stddev" : 0.000000
        },
        "clat_ns" : {
          "min" : 0,
          "max" : 0,
          "mean" : 0.000000,
          "stddev" : 0.000000,
          "percentile" : {
            "1.000000" : 0,
            "5.000000" : 0,
            "10.000000" : 0,
            "20.000000" : 0,
            "30.000000" : 0,
            "40.000000" : 0,
            "50.000000" : 0,
            "60.000000" : 0,
            "70.000000" : 0,
            "80.000000" : 0,
            "90.000000" : 0,
            "95.000000" : 0,
            "99.000000" : 0,
            "99.500000" : 0,
            "99.900000" : 0,
            "99.950000" : 0,
            "99.990000" : 0,
            "0.00" : 0,
            "0.00" : 0,
            "0.00" : 0
          }
        },
        "lat_ns" : {
          "min" : 0,
          "max" : 0,
          "mean" : 0.000000,
          "stddev" : 0.000000
        },
        "bw_min" : 0,
        "bw_max" : 0,
        "bw_agg" : 0.000000,
        "bw_mean" : 0.000000,
        "bw_dev" : 0.000000,
        "bw_samples" : 0,
        "iops_min" : 0,
        "iops_max" : 0,
        "iops_mean" : 0.000000,
        "iops_stddev" : 0.000000,
        "iops_samples" : 0
      },
      "write" : {
        "io_bytes" : 1797955584,
        "io_kbytes" : 1755816,
        "bw" : 29251,
        "iops" : 7312.974810,
        "runtime" : 60024,
        "total_ios" : 438954,
        "short_ios" : 0,
        "drop_ios" : 0,
        "slat_ns" : {
          "min" : 5024,
          "max" : 49126840,
          "mean" : 1065639.766543,
          "stddev" : 4649070.540345
        },
        "clat_ns" : {
          "min" : 250692,
          "max" : 425689440,
          "mean" : 33916668.668917,
          "stddev" : 23422694.703070,
          "percentile" : {
            "1.000000" : 468992,
            "5.000000" : 4423680,
            "10.000000" : 16449536,
            "20.000000" : 18481152,
            "30.000000" : 20578304,
            "40.000000" : 32899072,
            "50.000000" : 38010880,
            "60.000000" : 39059456,
            "70.000000" : 40108032,
            "80.000000" : 41156608,
            "90.000000" : 43778048,
            "95.000000" : 46923776,
            "99.000000" : 123207680,
            "99.500000" : 128450560,
            "99.900000" : 278921216,
            "99.950000" : 333447168,
            "99.990000" : 417333248,
            "0.00" : 0,
            "0.00" : 0,
            "0.00" : 0
          }
        },
        "lat_ns" : {
          "min" : 262430,
          "max" : 444238047,
          "mean" : 34984014.781111,
          "stddev" : 24068480.617283
        },
        "bw_min" : 16,
        "bw_max" : 3598,
        "bw_agg" : 6.366439,
        "bw_mean" : 1862.247129,
        "bw_dev" : 436.307085,
        "bw_samples" : 3832,
        "iops_min" : 4,
        "iops_max" : 899,
        "iops_mean" : 465.246868,
        "iops_stddev" : 109.070134,
        "iops_samples" : 3832
      },
      "trim" : {
        "io_bytes" : 0,
        "io_kbytes" : 0,
        "bw" : 0,
        "iops" : 0.000000,
        "runtime" : 0,
        "total_ios" : 0,
        "short_ios" : 0,
        "drop_ios" : 0,
        "slat_ns" : {
          "min" : 0,
          "max" : 0,
          "mean" : 0.000000,
          "stddev" : 0.000000
        },
        "clat_ns" : {
          "min" : 0,
          "max" : 0,
          "mean" : 0.000000,
          "stddev" : 0.000000,
          "percentile" : {
            "1.000000" : 0,
            "5.000000" : 0,
            "10.000000" : 0,
            "20.000000" : 0,
            "30.000000" : 0,
            "40.000000" : 0,
            "50.000000" : 0,
            "60.000000" : 0,
            "70.000000" : 0,
            "80.000000" : 0,
            "90.000000" : 0,
            "95.000000" : 0,
            "99.000000" : 0,
            "99.500000" : 0,
            "99.900000" : 0,
            "99.950000" : 0,
            "99.990000" : 0,
            "0.00" : 0,
            "0.00" : 0,
            "0.00" : 0
          }
        },
        "lat_ns" : {
          "min" : 0,
          "max" : 0,
          "mean" : 0.000000,
          "stddev" : 0.000000
        },
        "bw_min" : 0,
        "bw_max" : 0,
        "bw_agg" : 0.000000,
        "bw_mean" : 0.000000,
        "bw_dev" : 0.000000,
        "bw_samples" : 0,
        "iops_min" : 0,
        "iops_max" : 0,
        "iops_mean" : 0.000000,
        "iops_stddev" : 0.000000,
        "iops_samples" : 0
      },
      "usr_cpu" : 0.511753,
      "sys_cpu" : 0.936027,
      "ctx" : 116699,
      "majf" : 0,
      "minf" : 369,
      "iodepth_level" : {
        "1" : 0.100000,
        "2" : 0.100000,
        "4" : 0.100000,
        "8" : 0.100000,
        "16" : 99.945325,
        "32" : 0.000000,
        ">=64" : 0.000000
      },
      "latency_ns" : {
        "2" : 0.000000,
        "4" : 0.000000,
        "10" : 0.000000,
        "20" : 0.000000,
        "50" : 0.000000,
        "100" : 0.000000,
        "250" : 0.000000,
        "500" : 0.000000,
        "750" : 0.000000,
        "1000" : 0.000000
      },
      "latency_us" : {
        "2" : 0.000000,
        "4" : 0.000000,
        "10" : 0.000000,
        "20" : 0.000000,
        "50" : 0.000000,
        "100" : 0.000000,
        "250" : 0.000000,
        "500" : 1.262547,
        "750" : 1.084852,
        "1000" : 0.830155
      },
      "latency_ms" : {
        "2" : 1.263230,
        "4" : 0.331925,
        "10" : 1.400602,
        "20" : 22.569107,
        "50" : 67.642395,
        "100" : 0.954314,
        "250" : 2.468368,
        "500" : 0.192503,
        "750" : 0.000000,
        "1000" : 0.000000,
        "2000" : 0.000000,
        ">=2000" : 0.000000
      },
      "latency_depth" : 16,
      "latency_target" : 0,
      "latency_percentile" : 100.000000,
      "latency_window" : 0
    }
  ],
  "disk_util" : [
    {
      "name" : "sdh",
      "read_ios" : 0,
      "write_ios" : 438957,
      "read_merges" : 0,
      "write_merges" : 1,
      "read_ticks" : 0,
      "write_ticks" : 8193372,
      "in_queue" : 8193184,
      "util" : 99.316508
    }
  ]
}
