{
  "fio version" : "fio-3.1",
  "timestamp" : 1565300163,
  "timestamp_ms" : 1565300163977,
  "time" : "Thu Aug  8 23:36:03 2019",
  "jobs" : [
    {
      "jobname" : "random-read",
      "groupid" : 0,
      "error" : 0,
      "eta" : 0,
      "elapsed" : 61,
      "job options" : {
        "rw" : "randwrite",
        "bs" : "4k",
        "ioengine" : "libaio",
        "iodepth" : "1",
        "direct" : "1",
        "invalidate" : "1",
        "refill_buffers" : "1",
        "runtime" : "60",
        "numjobs" : "16",
        "group_reporting" : "1",
        "write_bw_log" : "random-read-depth-1",
        "write_lat_log" : "random-read-depth-1",
        "write_iops_log" : "random-read-depth-1",
        "log_avg_msec" : "500",
        "filename" : "/dev/sda"
      },
      "read" : {
        "io_bytes" : 0,
        "io_kbytes" : 0,
        "bw" : 0,
        "iops" : 0.000000,
        "runtime" : 0,
        "total_ios" : 0,
        "short_ios" : 0,
        "drop_ios" : 0,
        "slat_ns" : {
          "min" : 0,
          "max" : 0,
          "mean" : 0.000000,
          "stddev" : 0.000000
        },
        "clat_ns" : {
          "min" : 0,
          "max" : 0,
          "mean" : 0.000000,
          "stddev" : 0.000000,
          "percentile" : {
            "1.000000" : 0,
            "5.000000" : 0,
            "10.000000" : 0,
            "20.000000" : 0,
            "30.000000" : 0,
            "40.000000" : 0,
            "50.000000" : 0,
            "60.000000" : 0,
            "70.000000" : 0,
            "80.000000" : 0,
            "90.000000" : 0,
            "95.000000" : 0,
            "99.000000" : 0,
            "99.500000" : 0,
            "99.900000" : 0,
            "99.950000" : 0,
            "99.990000" : 0,
            "0.00" : 0,
            "0.00" : 0,
            "0.00" : 0
          }
        },
        "lat_ns" : {
          "min" : 0,
          "max" : 0,
          "mean" : 0.000000,
          "stddev" : 0.000000
        },
        "bw_min" : 0,
        "bw_max" : 0,
        "bw_agg" : 0.000000,
        "bw_mean" : 0.000000,
        "bw_dev" : 0.000000,
        "bw_samples" : 0,
        "iops_min" : 0,
        "iops_max" : 0,
        "iops_mean" : 0.000000,
        "iops_stddev" : 0.000000,
        "iops_samples" : 0
      },
      "write" : {
        "io_bytes" : 11128832,
        "io_kbytes" : 10868,
        "bw" : 179,
        "iops" : 44.952186,
        "runtime" : 60442,
        "total_ios" : 2717,
        "short_ios" : 0,
        "drop_ios" : 0,
        "slat_ns" : {
          "min" : 9664,
          "max" : 148493,
          "mean" : 74816.191020,
          "stddev" : 12777.526600
        },
        "clat_ns" : {
          "min" : 1732845,
          "max" : 2212985932,
          "mean" : 354560930.606919,
          "stddev" : 283647134.805253,
          "percentile" : {
            "1.000000" : 8224768,
            "5.000000" : 53215232,
            "10.000000" : 73924608,
            "20.000000" : 110624768,
            "30.000000" : 160432128,
            "40.000000" : 217055232,
            "50.000000" : 278921216,
            "60.000000" : 358612992,
            "70.000000" : 446693376,
            "80.000000" : 557842432,
            "90.000000" : 725614592,
            "95.000000" : 910163968,
            "99.000000" : 1300234240,
            "99.500000" : 1468006400,
            "99.900000" : 1686110208,
            "99.950000" : 1702887424,
            "99.990000" : 2197815296,
            "0.00" : 0,
            "0.00" : 0,
            "0.00" : 0
          }
        },
        "lat_ns" : {
          "min" : 1763264,
          "max" : 2213064325,
          "mean" : 354639810.829223,
          "stddev" : 283648287.897640
        },
        "bw_min" : 7,
        "bw_max" : 64,
        "bw_agg" : 7.575518,
        "bw_mean" : 13.560176,
        "bw_dev" : 7.150384,
        "bw_samples" : 1587,
        "iops_min" : 1,
        "iops_max" : 16,
        "iops_mean" : 3.348456,
        "iops_stddev" : 1.800642,
        "iops_samples" : 1587
      },
      "trim" : {
        "io_bytes" : 0,
        "io_kbytes" : 0,
        "bw" : 0,
        "iops" : 0.000000,
        "runtime" : 0,
        "total_ios" : 0,
        "short_ios" : 0,
        "drop_ios" : 0,
        "slat_ns" : {
          "min" : 0,
          "max" : 0,
          "mean" : 0.000000,
          "stddev" : 0.000000
        },
        "clat_ns" : {
          "min" : 0,
          "max" : 0,
          "mean" : 0.000000,
          "stddev" : 0.000000,
          "percentile" : {
            "1.000000" : 0,
            "5.000000" : 0,
            "10.000000" : 0,
            "20.000000" : 0,
            "30.000000" : 0,
            "40.000000" : 0,
            "50.000000" : 0,
            "60.000000" : 0,
            "70.000000" : 0,
            "80.000000" : 0,
            "90.000000" : 0,
            "95.000000" : 0,
            "99.000000" : 0,
            "99.500000" : 0,
            "99.900000" : 0,
            "99.950000" : 0,
            "99.990000" : 0,
            "0.00" : 0,
            "0.00" : 0,
            "0.00" : 0
          }
        },
        "lat_ns" : {
          "min" : 0,
          "max" : 0,
          "mean" : 0.000000,
          "stddev" : 0.000000
        },
        "bw_min" : 0,
        "bw_max" : 0,
        "bw_agg" : 0.000000,
        "bw_mean" : 0.000000,
        "bw_dev" : 0.000000,
        "bw_samples" : 0,
        "iops_min" : 0,
        "iops_max" : 0,
        "iops_mean" : 0.000000,
        "iops_stddev" : 0.000000,
        "iops_samples" : 0
      },
      "usr_cpu" : 0.013490,
      "sys_cpu" : 0.037148,
      "ctx" : 2777,
      "majf" : 0,
      "minf" : 671,
      "iodepth_level" : {
        "1" : 100.000000,
        "2" : 0.000000,
        "4" : 0.000000,
        "8" : 0.000000,
        "16" : 0.000000,
        "32" : 0.000000,
        ">=64" : 0.000000
      },
      "latency_ns" : {
        "2" : 0.000000,
        "4" : 0.000000,
        "10" : 0.000000,
        "20" : 0.000000,
        "50" : 0.000000,
        "100" : 0.000000,
        "250" : 0.000000,
        "500" : 0.000000,
        "750" : 0.000000,
        "1000" : 0.000000
      },
      "latency_us" : {
        "2" : 0.000000,
        "4" : 0.000000,
        "10" : 0.000000,
        "20" : 0.000000,
        "50" : 0.000000,
        "100" : 0.000000,
        "250" : 0.000000,
        "500" : 0.000000,
        "750" : 0.000000,
        "1000" : 0.000000
      },
      "latency_ms" : {
        "2" : 0.036805,
        "4" : 0.073611,
        "10" : 1.251380,
        "20" : 0.147221,
        "50" : 3.128450,
        "100" : 12.734634,
        "250" : 27.898417,
        "500" : 29.701877,
        "750" : 15.752668,
        "1000" : 5.594406,
        "2000" : 3.643725,
        ">=2000" : 0.036805
      },
      "latency_depth" : 1,
      "latency_target" : 0,
      "latency_percentile" : 100.000000,
      "latency_window" : 0
    }
  ],
  "disk_util" : [
    {
      "name" : "sda",
      "read_ios" : 51,
      "write_ios" : 2713,
      "read_merges" : 0,
      "write_merges" : 0,
      "read_ticks" : 9608,
      "write_ticks" : 959464,
      "in_queue" : 972764,
      "util" : 100.000000
    }
  ]
}
