{
  "fio version" : "fio-3.1",
  "timestamp" : 1564937519,
  "timestamp_ms" : 1564937519173,
  "time" : "Sun Aug  4 18:51:59 2019",
  "jobs" : [
    {
      "jobname" : "random-read",
      "groupid" : 0,
      "error" : 0,
      "eta" : 0,
      "elapsed" : 61,
      "job options" : {
        "rw" : "randread",
        "bs" : "4k",
        "ioengine" : "libaio",
        "iodepth" : "32",
        "direct" : "1",
        "invalidate" : "1",
        "refill_buffers" : "1",
        "runtime" : "60",
        "numjobs" : "32",
        "group_reporting" : "1",
        "write_bw_log" : "random-read-depth-32",
        "write_lat_log" : "random-read-depth-32",
        "write_iops_log" : "random-read-depth-32",
        "log_avg_msec" : "500",
        "filename" : "/dev/md0"
      },
      "read" : {
        "io_bytes" : 35447164928,
        "io_kbytes" : 34616372,
        "bw" : 576833,
        "iops" : 144208.445118,
        "runtime" : 60011,
        "total_ios" : 8654093,
        "short_ios" : 0,
        "drop_ios" : 0,
        "slat_ns" : {
          "min" : 2565,
          "max" : 20786932,
          "mean" : 189906.585987,
          "stddev" : 1130866.599264
        },
        "clat_ns" : {
          "min" : 136602,
          "max" : 43544180,
          "mean" : 6907081.323479,
          "stddev" : 3037657.773597,
          "percentile" : {
            "1.000000" : 337920,
            "5.000000" : 1011712,
            "10.000000" : 2211840,
            "20.000000" : 3915776,
            "30.000000" : 6586368,
            "40.000000" : 7110656,
            "50.000000" : 7503872,
            "60.000000" : 7766016,
            "70.000000" : 8159232,
            "80.000000" : 8716288,
            "90.000000" : 9895936,
            "95.000000" : 11337728,
            "99.000000" : 14614528,
            "99.500000" : 16056320,
            "99.900000" : 19267584,
            "99.950000" : 20578304,
            "99.990000" : 23724032,
            "0.00" : 0,
            "0.00" : 0,
            "0.00" : 0
          }
        },
        "lat_ns" : {
          "min" : 144536,
          "max" : 43549431,
          "mean" : 7097196.903805,
          "stddev" : 3273921.613035
        },
        "bw_min" : 15472,
        "bw_max" : 24560,
        "bw_agg" : 3.149055,
        "bw_mean" : 18164.786198,
        "bw_dev" : 812.797256,
        "bw_samples" : 3840,
        "iops_min" : 3868,
        "iops_max" : 6140,
        "iops_mean" : 4540.930208,
        "iops_stddev" : 203.183761,
        "iops_samples" : 3840
      },
      "write" : {
        "io_bytes" : 0,
        "io_kbytes" : 0,
        "bw" : 0,
        "iops" : 0.000000,
        "runtime" : 0,
        "total_ios" : 0,
        "short_ios" : 0,
        "drop_ios" : 0,
        "slat_ns" : {
          "min" : 0,
          "max" : 0,
          "mean" : 0.000000,
          "stddev" : 0.000000
        },
        "clat_ns" : {
          "min" : 0,
          "max" : 0,
          "mean" : 0.000000,
          "stddev" : 0.000000,
          "percentile" : {
            "1.000000" : 0,
            "5.000000" : 0,
            "10.000000" : 0,
            "20.000000" : 0,
            "30.000000" : 0,
            "40.000000" : 0,
            "50.000000" : 0,
            "60.000000" : 0,
            "70.000000" : 0,
            "80.000000" : 0,
            "90.000000" : 0,
            "95.000000" : 0,
            "99.000000" : 0,
            "99.500000" : 0,
            "99.900000" : 0,
            "99.950000" : 0,
            "99.990000" : 0,
            "0.00" : 0,
            "0.00" : 0,
            "0.00" : 0
          }
        },
        "lat_ns" : {
          "min" : 0,
          "max" : 0,
          "mean" : 0.000000,
          "stddev" : 0.000000
        },
        "bw_min" : 0,
        "bw_max" : 0,
        "bw_agg" : 0.000000,
        "bw_mean" : 0.000000,
        "bw_dev" : 0.000000,
        "bw_samples" : 0,
        "iops_min" : 0,
        "iops_max" : 0,
        "iops_mean" : 0.000000,
        "iops_stddev" : 0.000000,
        "iops_samples" : 0
      },
      "trim" : {
        "io_bytes" : 0,
        "io_kbytes" : 0,
        "bw" : 0,
        "iops" : 0.000000,
        "runtime" : 0,
        "total_ios" : 0,
        "short_ios" : 0,
        "drop_ios" : 0,
        "slat_ns" : {
          "min" : 0,
          "max" : 0,
          "mean" : 0.000000,
          "stddev" : 0.000000
        },
        "clat_ns" : {
          "min" : 0,
          "max" : 0,
          "mean" : 0.000000,
          "stddev" : 0.000000,
          "percentile" : {
            "1.000000" : 0,
            "5.000000" : 0,
            "10.000000" : 0,
            "20.000000" : 0,
            "30.000000" : 0,
            "40.000000" : 0,
            "50.000000" : 0,
            "60.000000" : 0,
            "70.000000" : 0,
            "80.000000" : 0,
            "90.000000" : 0,
            "95.000000" : 0,
            "99.000000" : 0,
            "99.500000" : 0,
            "99.900000" : 0,
            "99.950000" : 0,
            "99.990000" : 0,
            "0.00" : 0,
            "0.00" : 0,
            "0.00" : 0
          }
        },
        "lat_ns" : {
          "min" : 0,
          "max" : 0,
          "mean" : 0.000000,
          "stddev" : 0.000000
        },
        "bw_min" : 0,
        "bw_max" : 0,
        "bw_agg" : 0.000000,
        "bw_mean" : 0.000000,
        "bw_dev" : 0.000000,
        "bw_samples" : 0,
        "iops_min" : 0,
        "iops_max" : 0,
        "iops_mean" : 0.000000,
        "iops_stddev" : 0.000000,
        "iops_samples" : 0
      },
      "usr_cpu" : 1.305475,
      "sys_cpu" : 2.503250,
      "ctx" : 1066902,
      "majf" : 0,
      "minf" : 99346,
      "iodepth_level" : {
        "1" : 0.100000,
        "2" : 0.100000,
        "4" : 0.100000,
        "8" : 0.100000,
        "16" : 0.100000,
        "32" : 99.988537,
        ">=64" : 0.000000
      },
      "latency_ns" : {
        "2" : 0.000000,
        "4" : 0.000000,
        "10" : 0.000000,
        "20" : 0.000000,
        "50" : 0.000000,
        "100" : 0.000000,
        "250" : 0.000000,
        "500" : 0.000000,
        "750" : 0.000000,
        "1000" : 0.000000
      },
      "latency_us" : {
        "2" : 0.000000,
        "4" : 0.000000,
        "10" : 0.000000,
        "20" : 0.000000,
        "50" : 0.000000,
        "100" : 0.000000,
        "250" : 0.353220,
        "500" : 1.648469,
        "750" : 1.519697,
        "1000" : 1.425996
      },
      "latency_ms" : {
        "2" : 4.358134,
        "4" : 10.913749,
        "10" : 70.276007,
        "20" : 9.433478,
        "50" : 0.071250,
        "100" : 0.000000,
        "250" : 0.000000,
        "500" : 0.000000,
        "750" : 0.000000,
        "1000" : 0.000000,
        "2000" : 0.000000,
        ">=2000" : 0.000000
      },
      "latency_depth" : 32,
      "latency_target" : 0,
      "latency_percentile" : 100.000000,
      "latency_window" : 0
    }
  ],
  "disk_util" : [
    {
      "name" : "md0",
      "read_ios" : 8629411,
      "write_ios" : 0,
      "read_merges" : 0,
      "write_merges" : 0,
      "read_ticks" : 0,
      "write_ticks" : 0,
      "in_queue" : 0,
      "util" : 0.000000,
      "aggr_read_ios" : 2884692,
      "aggr_write_ios" : 0,
      "aggr_read_merges" : 5,
      "aggr_write_merge" : 0,
      "aggr_read_ticks" : 6148646,
      "aggr_write_ticks" : 0,
      "aggr_in_queue" : 6156097,
      "aggr_util" : 99.724280
    },
    {
      "name" : "sdd",
      "read_ios" : 2882233,
      "write_ios" : 0,
      "read_merges" : 3,
      "write_merges" : 0,
      "read_ticks" : 6273832,
      "write_ticks" : 0,
      "in_queue" : 6278964,
      "util" : 99.626277
    },
    {
      "name" : "sdb",
      "read_ios" : 2885588,
      "write_ios" : 0,
      "read_merges" : 7,
      "write_merges" : 0,
      "read_ticks" : 6878008,
      "write_ticks" : 0,
      "in_queue" : 6887956,
      "util" : 99.724280
    },
    {
      "name" : "sdc",