{
  "fio version" : "fio-3.1",
  "timestamp" : 1573495758,
  "timestamp_ms" : 1573495758881,
  "time" : "Mon Nov 11 19:09:18 2019",
  "jobs" : [
    {
      "jobname" : "iotest",
      "groupid" : 0,
      "error" : 0,
      "eta" : 0,
      "elapsed" : 61,
      "job options" : {
        "rw" : "randwrite",
        "bs" : "4k",
        "size" : "30G",
        "directory" : "/mnt/ssd",
        "ioengine" : "libaio",
        "iodepth" : "16",
        "direct" : "1",
        "invalidate" : "1",
        "refill_buffers" : "1",
        "runtime" : "60",
        "numjobs" : "1",
        "group_reporting" : "1",
        "write_bw_log" : "randwrite-iodepth-16-numjobs-1",
        "write_lat_log" : "randwrite-iodepth-16-numjobs-1",
        "write_iops_log" : "randwrite-iodepth-16-numjobs-1",
        "log_avg_msec" : "250",
        "filename" : "test.bin"
      },
      "read" : {
        "io_bytes" : 0,
        "io_kbytes" : 0,
        "bw" : 0,
        "iops" : 0.000000,
        "runtime" : 0,
        "total_ios" : 0,
        "short_ios" : 0,
        "drop_ios" : 0,
        "slat_ns" : {
          "min" : 0,
          "max" : 0,
          "mean" : 0.000000,
          "stddev" : 0.000000
        },
        "clat_ns" : {
          "min" : 0,
          "max" : 0,
          "mean" : 0.000000,
          "stddev" : 0.000000,
          "percentile" : {
            "1.000000" : 0,
            "5.000000" : 0,
            "10.000000" : 0,
            "20.000000" : 0,
            "30.000000" : 0,
            "40.000000" : 0,
            "50.000000" : 0,
            "60.000000" : 0,
            "70.000000" : 0,
            "80.000000" : 0,
            "90.000000" : 0,
            "95.000000" : 0,
            "99.000000" : 0,
            "99.500000" : 0,
            "99.900000" : 0,
            "99.950000" : 0,
            "99.990000" : 0,
            "0.00" : 0,
            "0.00" : 0,
            "0.00" : 0
          }
        },
        "lat_ns" : {
          "min" : 0,
          "max" : 0,
          "mean" : 0.000000,
          "stddev" : 0.000000
        },
        "bw_min" : 0,
        "bw_max" : 0,
        "bw_agg" : 0.000000,
        "bw_mean" : 0.000000,
        "bw_dev" : 0.000000,
        "bw_samples" : 0,
        "iops_min" : 0,
        "iops_max" : 0,
        "iops_mean" : 0.000000,
        "iops_stddev" : 0.000000,
        "iops_samples" : 0
      },
      "write" : {
        "io_bytes" : 1793236992,
        "io_kbytes" : 1751208,
        "bw" : 29183,
        "iops" : 7295.970403,
        "runtime" : 60006,
        "total_ios" : 437802,
        "short_ios" : 0,
        "drop_ios" : 0,
        "slat_ns" : {
          "min" : 5145,
          "max" : 467766,
          "mean" : 16114.229825,
          "stddev" : 9418.408077
        },
        "clat_ns" : {
          "min" : 55072,
          "max" : 62054984,
          "mean" : 2171904.581722,
          "stddev" : 3101603.136677,
          "percentile" : {
            "1.000000" : 252928,
            "5.000000" : 284672,
            "10.000000" : 309248,
            "20.000000" : 325632,
            "30.000000" : 358400,
            "40.000000" : 399360,
            "50.000000" : 452608,
            "60.000000" : 509952,
            "70.000000" : 577536,
            "80.000000" : 6651904,
            "90.000000" : 7634944,
            "95.000000" : 8093696,
            "99.000000" : 9371648,
            "99.500000" : 9502720,
            "99.900000" : 12779520,
            "99.950000" : 13172736,
            "99.990000" : 14221312,
            "0.00" : 0,
            "0.00" : 0,
            "0.00" : 0
          }
        },
        "lat_ns" : {
          "min" : 67901,
          "max" : 62065720,
          "mean" : 2188599.181479,
          "stddev" : 3098974.790458
        },
        "bw_min" : 24704,
        "bw_max" : 39552,
        "bw_agg" : 100.000000,
        "bw_mean" : 29187.004167,
        "bw_dev" : 1897.124606,
        "bw_samples" : 240,
        "iops_min" : 6176,
        "iops_max" : 9888,
        "iops_mean" : 7296.779167,
        "iops_stddev" : 474.332587,
        "iops_samples" : 240
      },
      "trim" : {
        "io_bytes" : 0,
        "io_kbytes" : 0,
        "bw" : 0,
        "iops" : 0.000000,
        "runtime" : 0,
        "total_ios" : 0,
        "short_ios" : 0,
        "drop_ios" : 0,
        "slat_ns" : {
          "min" : 0,
          "max" : 0,
          "mean" : 0.000000,
          "stddev" : 0.000000
        },
        "clat_ns" : {
          "min" : 0,
          "max" : 0,
          "mean" : 0.000000,
          "stddev" : 0.000000,
          "percentile" : {
            "1.000000" : 0,
            "5.000000" : 0,
            "10.000000" : 0,
            "20.000000" : 0,
            "30.000000" : 0,
            "40.000000" : 0,
            "50.000000" : 0,
            "60.000000" : 0,
            "70.000000" : 0,
            "80.000000" : 0,
            "90.000000" : 0,
            "95.000000" : 0,
            "99.000000" : 0,
            "99.500000" : 0,
            "99.900000" : 0,
            "99.950000" : 0,
            "99.990000" : 0,
            "0.00" : 0,
            "0.00" : 0,
            "0.00" : 0
          }
        },
        "lat_ns" : {
          "min" : 0,
          "max" : 0,
          "mean" : 0.000000,
          "stddev" : 0.000000
        },
        "bw_min" : 0,
        "bw_max" : 0,
        "bw_agg" : 0.000000,
        "bw_mean" : 0.000000,
        "bw_dev" : 0.000000,
        "bw_samples" : 0,
        "iops_min" : 0,
        "iops_max" : 0,
        "iops_mean" : 0.000000,
        "iops_stddev" : 0.000000,
        "iops_samples" : 0
      },
      "usr_cpu" : 3.798017,
      "sys_cpu" : 10.854095,
      "ctx" : 336210,
      "majf" : 0,
      "minf" : 32,
      "iodepth_level" : {
        "1" : 0.100000,
        "2" : 0.100000,
        "4" : 0.100000,
        "8" : 0.100000,
        "16" : 99.996574,
        "32" : 0.000000,
        ">=64" : 0.000000
      },
      "latency_ns" : {
        "2" : 0.000000,
        "4" : 0.000000,
        "10" : 0.000000,
        "20" : 0.000000,
        "50" : 0.000000,
        "100" : 0.000000,
        "250" : 0.000000,
        "500" : 0.000000,
        "750" : 0.000000,
        "1000" : 0.000000
      },
      "latency_us" : {
        "2" : 0.000000,
        "4" : 0.000000,
        "10" : 0.000000,
        "20" : 0.000000,
        "50" : 0.000000,
        "100" : 0.010000,
        "250" : 0.904518,
        "500" : 57.458166,
        "750" : 16.335924,
        "1000" : 0.142987
      },
      "latency_ms" : {
        "2" : 0.039059,
        "4" : 0.012563,
        "10" : 24.841138,
        "20" : 0.259250,
        "50" : 0.010000,
        "100" : 0.010000,
        "250" : 0.000000,
        "500" : 0.000000,
        "750" : 0.000000,
        "1000" : 0.000000,
        "2000" : 0.000000,
        ">=2000" : 0.000000
      },
      "latency_depth" : 16,
      "latency_target" : 0,
      "latency_percentile" : 100.000000,
      "latency_window" : 0
    }
  ],
  "disk_util" : [
    {
      "name" : "sde",
      "read_ios" : 0,
      "write_ios" : 436855,
      "read_merges" : 0,
      "write_merges" : 0,
      "read_ticks" : 0,
      "write_ticks" : 866916,
      "in_queue" : 866876,
      "util" : 99.849885
    }
  ]
}
