{
  "fio version" : "fio-3.1",
  "timestamp" : 1574010668,
  "timestamp_ms" : 1574010668200,
  "time" : "Sun Nov 17 18:11:08 2019",
  "jobs" : [
    {
      "jobname" : "iotest",
      "groupid" : 0,
      "error" : 0,
      "eta" : 0,
      "elapsed" : 61,
      "job options" : {
        "rw" : "randrw",
        "bs" : "4k",
        "ioengine" : "libaio",
        "iodepth" : "16",
        "direct" : "1",
        "invalidate" : "1",
        "refill_buffers" : "1",
        "runtime" : "60",
        "numjobs" : "4",
        "group_reporting" : "1",
        "write_bw_log" : "randrw-iodepth-16-numjobs-4",
        "write_lat_log" : "randrw-iodepth-16-numjobs-4",
        "write_iops_log" : "randrw-iodepth-16-numjobs-4",
        "log_avg_msec" : "250",
        "filename" : "/dev/sdb"
      },
      "read" : {
        "io_bytes" : 7054413824,
        "io_kbytes" : 6889076,
        "bw" : 114814,
        "iops" : 28703.526549,
        "runtime" : 60002,
        "total_ios" : 1722269,
        "short_ios" : 0,
        "drop_ios" : 0,
        "slat_ns" : {
          "min" : 2789,
          "max" : 451046,
          "mean" : 10321.907423,
          "stddev" : 5305.424828
        },
        "clat_ns" : {
          "min" : 180342,
          "max" : 10608033,
          "mean" : 1155265.494796,
          "stddev" : 174942.138546,
          "percentile" : {
            "1.000000" : 978944,
            "5.000000" : 1019904,
            "10.000000" : 1056768,
            "20.000000" : 1089536,
            "30.000000" : 1089536,
            "40.000000" : 1105920,
            "50.000000" : 1122304,
            "60.000000" : 1138688,
            "70.000000" : 1171456,
            "80.000000" : 1204224,
            "90.000000" : 1269760,
            "95.000000" : 1384448,
            "99.000000" : 1630208,
            "99.500000" : 1712128,
            "99.900000" : 3620864,
            "99.950000" : 4685824,
            "99.990000" : 5472256,
            "0.00" : 0,
            "0.00" : 0,
            "0.00" : 0
          }
        },
        "lat_ns" : {
          "min" : 184064,
          "max" : 10621307,
          "mean" : 1165925.936862,
          "stddev" : 174634.357197
        },
        "bw_min" : 25403,
        "bw_max" : 31032,
        "bw_agg" : 25.129188,
        "bw_mean" : 28851.826042,
        "bw_dev" : 594.814146,
        "bw_samples" : 960,
        "iops_min" : 6350,
        "iops_max" : 7758,
        "iops_mean" : 7212.671875,
        "iops_stddev" : 148.706076,
        "iops_samples" : 960
      },
      "write" : {
        "io_bytes" : 7056621568,
        "io_kbytes" : 6891232,
        "bw" : 114850,
        "iops" : 28712.509583,
        "runtime" : 60002,
        "total_ios" : 1722808,
        "short_ios" : 0,
        "drop_ios" : 0,
        "slat_ns" : {
          "min" : 2863,
          "max" : 619434,
          "mean" : 10575.005300,
          "stddev" : 5515.851538
        },
        "clat_ns" : {
          "min" : 122131,
          "max" : 6100825,
          "mean" : 1047017.274008,
          "stddev" : 112260.270658,
          "percentile" : {
            "1.000000" : 897024,
            "5.000000" : 954368,
            "10.000000" : 970752,
            "20.000000" : 995328,
            "30.000000" : 1003520,
            "40.000000" : 1019904,
            "50.000000" : 1044480,
            "60.000000" : 1073152,
            "70.000000" : 1073152,
            "80.000000" : 1089536,
            "90.000000" : 1105920,
            "95.000000" : 1138688,
            "99.000000" : 1220608,
            "99.500000" : 1286144,
            "99.900000" : 2637824,
            "99.950000" : 3751936,
            "99.990000" : 4620288,
            "0.00" : 0,
            "0.00" : 0,
            "0.00" : 0
          }
        },
        "lat_ns" : {
          "min" : 125616,
          "max" : 6104444,
          "mean" : 1057939.880047,
          "stddev" : 111760.532764
        },
        "bw_min" : 25536,
        "bw_max" : 30720,
        "bw_agg" : 25.129237,
        "bw_mean" : 28860.928125,
        "bw_dev" : 601.747353,
        "bw_samples" : 960,
        "iops_min" : 6384,
        "iops_max" : 7680,
        "iops_mean" : 7214.950000,
        "iops_stddev" : 150.419911,
        "iops_samples" : 960
      },
      "trim" : {
        "io_bytes" : 0,
        "io_kbytes" : 0,
        "bw" : 0,
        "iops" : 0.000000,
        "runtime" : 0,
        "total_ios" : 0,
        "short_ios" : 0,
        "drop_ios" : 0,
        "slat_ns" : {
          "min" : 0,
          "max" : 0,
          "mean" : 0.000000,
          "stddev" : 0.000000
        },
        "clat_ns" : {
          "min" : 0,
          "max" : 0,
          "mean" : 0.000000,
          "stddev" : 0.000000,
          "percentile" : {
            "1.000000" : 0,
            "5.000000" : 0,
            "10.000000" : 0,
            "20.000000" : 0,
            "30.000000" : 0,
            "40.000000" : 0,
            "50.000000" : 0,
            "60.000000" : 0,
            "70.000000" : 0,
            "80.000000" : 0,
            "90.000000" : 0,
            "95.000000" : 0,
            "99.000000" : 0,
            "99.500000" : 0,
            "99.900000" : 0,
            "99.950000" : 0,
            "99.990000" : 0,
            "0.00" : 0,
            "0.00" : 0,
            "0.00" : 0
          }
        },
        "lat_ns" : {
          "min" : 0,
          "max" : 0,
          "mean" : 0.000000,
          "stddev" : 0.000000
        },
        "bw_min" : 0,
        "bw_max" : 0,
        "bw_agg" : 0.000000,
        "bw_mean" : 0.000000,
        "bw_dev" : 0.000000,
        "bw_samples" : 0,
        "iops_min" : 0,
        "iops_max" : 0,
        "iops_mean" : 0.000000,
        "iops_stddev" : 0.000000,
        "iops_samples" : 0
      },
      "usr_cpu" : 8.961629,
      "sys_cpu" : 21.494077,
      "ctx" : 1776012,
      "majf" : 0,
      "minf" : 11979,
      "iodepth_level" : {
        "1" : 0.100000,
        "2" : 0.100000,
        "4" : 0.100000,
        "8" : 0.100000,
        "16" : 99.998258,
        "32" : 0.000000,
        ">=64" : 0.000000
      },
      "latency_ns" : {
        "2" : 0.000000,
        "4" : 0.000000,
        "10" : 0.000000,
        "20" : 0.000000,
        "50" : 0.000000,
        "100" : 0.000000,
        "250" : 0.000000,
        "500" : 0.000000,
        "750" : 0.000000,
        "1000" : 0.000000
      },
      "latency_us" : {
        "2" : 0.000000,
        "4" : 0.000000,
        "10" : 0.000000,
        "20" : 0.000000,
        "50" : 0.000000,
        "100" : 0.000000,
        "250" : 0.010000,
        "500" : 0.010000,
        "750" : 0.084526,
        "1000" : 13.998816
      },
      "latency_ms" : {
        "2" : 85.745398,
        "4" : 0.099475,
        "10" : 0.064208,
        "20" : 0.010000,
        "50" : 0.000000,
        "100" : 0.000000,
        "250" : 0.000000,
        "500" : 0.000000,
        "750" : 0.000000,
        "1000" : 0.000000,
        "2000" : 0.000000,
        ">=2000" : 0.000000
      },
      "latency_depth" : 16,
      "latency_target" : 0,
      "latency_percentile" : 100.000000,
      "latency_window" : 0
    }
  ],
  "disk_util" : [
    {
      "name" : "sdb",
      "read_ios" : 1718755,
      "write_ios" : 1719231,
      "read_merges" : 0,
      "write_merges" : 0,
      "read_ticks" : 1952944,
      "write_ticks" : 1772560,
      "in_queue" : 3742412,
      "util" : 100.000000
    }
  ]
}
