{
  "fio version" : "fio-3.1",
  "timestamp" : 1574010364,
  "timestamp_ms" : 1574010364951,
  "time" : "Sun Nov 17 18:06:04 2019",
  "jobs" : [
    {
      "jobname" : "iotest",
      "groupid" : 0,
      "error" : 0,
      "eta" : 0,
      "elapsed" : 61,
      "job options" : {
        "rw" : "randrw",
        "bs" : "4k",
        "ioengine" : "libaio",
        "iodepth" : "8",
        "direct" : "1",
        "invalidate" : "1",
        "refill_buffers" : "1",
        "runtime" : "60",
        "numjobs" : "16",
        "group_reporting" : "1",
        "write_bw_log" : "randrw-iodepth-8-numjobs-16",
        "write_lat_log" : "randrw-iodepth-8-numjobs-16",
        "write_iops_log" : "randrw-iodepth-8-numjobs-16",
        "log_avg_msec" : "250",
        "filename" : "/dev/sdb"
      },
      "read" : {
        "io_bytes" : 7045173248,
        "io_kbytes" : 6880052,
        "bw" : 114659,
        "iops" : 28664.972335,
        "runtime" : 60004,
        "total_ios" : 1720013,
        "short_ios" : 0,
        "drop_ios" : 0,
        "slat_ns" : {
          "min" : 3134,
          "max" : 1671164,
          "mean" : 25301.143089,
          "stddev" : 15806.928723
        },
        "clat_ns" : {
          "min" : 609530,
          "max" : 10795304,
          "mean" : 2249714.551862,
          "stddev" : 220629.307117,
          "percentile" : {
            "1.000000" : 2039808,
            "5.000000" : 2088960,
            "10.000000" : 2113536,
            "20.000000" : 2146304,
            "30.000000" : 2179072,
            "40.000000" : 2211840,
            "50.000000" : 2211840,
            "60.000000" : 2244608,
            "70.000000" : 2277376,
            "80.000000" : 2310144,
            "90.000000" : 2408448,
            "95.000000" : 2506752,
            "99.000000" : 2736128,
            "99.500000" : 2899968,
            "99.900000" : 5537792,
            "99.950000" : 6062080,
            "99.990000" : 9240576,
            "0.00" : 0,
            "0.00" : 0,
            "0.00" : 0
          }
        },
        "lat_ns" : {
          "min" : 741095,
          "max" : 10817381,
          "mean" : 2275707.014266,
          "stddev" : 220129.244557
        },
        "bw_min" : 6032,
        "bw_max" : 7984,
        "bw_agg" : 6.254839,
        "bw_mean" : 7171.735937,
        "bw_dev" : 251.549410,
        "bw_samples" : 3840,
        "iops_min" : 1508,
        "iops_max" : 1996,
        "iops_mean" : 1792.875521,
        "iops_stddev" : 62.893337,
        "iops_samples" : 3840
      },
      "write" : {
        "io_bytes" : 7053697024,
        "io_kbytes" : 6888376,
        "bw" : 114798,
        "iops" : 28699.653356,
        "runtime" : 60004,
        "total_ios" : 1722094,
        "short_ios" : 0,
        "drop_ios" : 0,
        "slat_ns" : {
          "min" : 3260,
          "max" : 798184,
          "mean" : 25888.481014,
          "stddev" : 15998.722837
        },
        "clat_ns" : {
          "min" : 607513,
          "max" : 9242632,
          "mean" : 2147518.644429,
          "stddev" : 169448.572532,
          "percentile" : {
            "1.000000" : 1957888,
            "5.000000" : 2023424,
            "10.000000" : 2039808,
            "20.000000" : 2072576,
            "30.000000" : 2113536,
            "40.000000" : 2113536,
            "50.000000" : 2146304,
            "60.000000" : 2146304,
            "70.000000" : 2179072,
            "80.000000" : 2211840,
            "90.000000" : 2244608,
            "95.000000" : 2277376,
            "99.000000" : 2408448,
            "99.500000" : 2539520,
            "99.900000" : 5079040,
            "99.950000" : 5668864,
            "99.990000" : 6520832,
            "0.00" : 0,
            "0.00" : 0,
            "0.00" : 0
          }
        },
        "lat_ns" : {
          "min" : 708075,
          "max" : 9268475,
          "mean" : 2174099.184266,
          "stddev" : 168442.185896
        },
        "bw_min" : 6072,
        "bw_max" : 7984,
        "bw_agg" : 6.254882,
        "bw_mean" : 7180.479427,
        "bw_dev" : 257.990662,
        "bw_samples" : 3840,
        "iops_min" : 1518,
        "iops_max" : 1996,
        "iops_mean" : 1795.062500,
        "iops_stddev" : 64.516393,
        "iops_samples" : 3840
      },
      "trim" : {
        "io_bytes" : 0,
        "io_kbytes" : 0,
        "bw" : 0,
        "iops" : 0.000000,
        "runtime" : 0,
        "total_ios" : 0,
        "short_ios" : 0,
        "drop_ios" : 0,
        "slat_ns" : {
          "min" : 0,
          "max" : 0,
          "mean" : 0.000000,
          "stddev" : 0.000000
        },
        "clat_ns" : {
          "min" : 0,
          "max" : 0,
          "mean" : 0.000000,
          "stddev" : 0.000000,
          "percentile" : {
            "1.000000" : 0,
            "5.000000" : 0,
            "10.000000" : 0,
            "20.000000" : 0,
            "30.000000" : 0,
            "40.000000" : 0,
            "50.000000" : 0,
            "60.000000" : 0,
            "70.000000" : 0,
            "80.000000" : 0,
            "90.000000" : 0,
            "95.000000" : 0,
            "99.000000" : 0,
            "99.500000" : 0,
            "99.900000" : 0,
            "99.950000" : 0,
            "99.990000" : 0,
            "0.00" : 0,
            "0.00" : 0,
            "0.00" : 0
          }
        },
        "lat_ns" : {
          "min" : 0,
          "max" : 0,
          "mean" : 0.000000,
          "stddev" : 0.000000
        },
        "bw_min" : 0,
        "bw_max" : 0,
        "bw_agg" : 0.000000,
        "bw_mean" : 0.000000,
        "bw_dev" : 0.000000,
        "bw_samples" : 0,
        "iops_min" : 0,
        "iops_max" : 0,
        "iops_mean" : 0.000000,
        "iops_stddev" : 0.000000,
        "iops_samples" : 0
      },
      "usr_cpu" : 4.612361,
      "sys_cpu" : 13.069189,
      "ctx" : 2031495,
      "majf" : 0,
      "minf" : 20346,
      "iodepth_level" : {
        "1" : 0.100000,
        "2" : 0.100000,
        "4" : 0.100000,
        "8" : 99.996746,
        "16" : 0.000000,
        "32" : 0.000000,
        ">=64" : 0.000000
      },
      "latency_ns" : {
        "2" : 0.000000,
        "4" : 0.000000,
        "10" : 0.000000,
        "20" : 0.000000,
        "50" : 0.000000,
        "100" : 0.000000,
        "250" : 0.000000,
        "500" : 0.000000,
        "750" : 0.000000,
        "1000" : 0.000000
      },
      "latency_us" : {
        "2" : 0.000000,
        "4" : 0.000000,
        "10" : 0.000000,
        "20" : 0.000000,
        "50" : 0.000000,
        "100" : 0.000000,
        "250" : 0.000000,
        "500" : 0.000000,
        "750" : 0.010000,
        "1000" : 0.011621
      },
      "latency_ms" : {
        "2" : 1.711684,
        "4" : 98.063686,
        "10" : 0.210772,
        "20" : 0.010000,
        "50" : 0.000000,
        "100" : 0.000000,
        "250" : 0.000000,
        "500" : 0.000000,
        "750" : 0.000000,
        "1000" : 0.000000,
        "2000" : 0.000000,
        ">=2000" : 0.000000
      },
      "latency_depth" : 8,
      "latency_target" : 0,
      "latency_percentile" : 100.000000,
      "latency_window" : 0
    }
  ],
  "disk_util" : [
    {
      "name" : "sdb",
      "read_ios" : 1716016,
      "write_ios" : 1718049,
      "read_merges" : 0,
      "write_merges" : 0,
      "read_ticks" : 3819236,
      "write_ticks" : 3650524,
      "in_queue" : 7553488,
      "util" : 100.000000
    }
  ]
}
