{
  "fio version" : "fio-3.1",
  "timestamp" : 1574010122,
  "timestamp_ms" : 1574010122518,
  "time" : "Sun Nov 17 18:02:02 2019",
  "jobs" : [
    {
      "jobname" : "iotest",
      "groupid" : 0,
      "error" : 0,
      "eta" : 0,
      "elapsed" : 61,
      "job options" : {
        "rw" : "randrw",
        "bs" : "4k",
        "ioengine" : "libaio",
        "iodepth" : "8",
        "direct" : "1",
        "invalidate" : "1",
        "refill_buffers" : "1",
        "runtime" : "60",
        "numjobs" : "1",
        "group_reporting" : "1",
        "write_bw_log" : "randrw-iodepth-8-numjobs-1",
        "write_lat_log" : "randrw-iodepth-8-numjobs-1",
        "write_iops_log" : "randrw-iodepth-8-numjobs-1",
        "log_avg_msec" : "250",
        "filename" : "/dev/sdb"
      },
      "read" : {
        "io_bytes" : 4887097344,
        "io_kbytes" : 4772556,
        "bw" : 79541,
        "iops" : 19885.318578,
        "runtime" : 60001,
        "total_ios" : 1193139,
        "short_ios" : 0,
        "drop_ios" : 0,
        "slat_ns" : {
          "min" : 2761,
          "max" : 407289,
          "mean" : 5249.681864,
          "stddev" : 2896.099051
        },
        "clat_ns" : {
          "min" : 40853,
          "max" : 4588810,
          "mean" : 241996.409034,
          "stddev" : 94152.027400,
          "percentile" : {
            "1.000000" : 154624,
            "5.000000" : 193536,
            "10.000000" : 201728,
            "20.000000" : 207872,
            "30.000000" : 214016,
            "40.000000" : 218112,
            "50.000000" : 222208,
            "60.000000" : 228352,
            "70.000000" : 234496,
            "80.000000" : 248832,
            "90.000000" : 296960,
            "95.000000" : 346112,
            "99.000000" : 610304,
            "99.500000" : 675840,
            "99.900000" : 790528,
            "99.950000" : 1105920,
            "99.990000" : 4079616,
            "0.00" : 0,
            "0.00" : 0,
            "0.00" : 0
          }
        },
        "lat_ns" : {
          "min" : 89204,
          "max" : 4594354,
          "mean" : 247495.888454,
          "stddev" : 94169.227553
        },
        "bw_min" : 75328,
        "bw_max" : 83568,
        "bw_agg" : 100.000000,
        "bw_mean" : 79548.259414,
        "bw_dev" : 1154.817403,
        "bw_samples" : 239,
        "iops_min" : 18832,
        "iops_max" : 20892,
        "iops_mean" : 19887.209205,
        "iops_stddev" : 288.620826,
        "iops_samples" : 239
      },
      "write" : {
        "io_bytes" : 4883795968,
        "io_kbytes" : 4769332,
        "bw" : 79487,
        "iops" : 19871.885469,
        "runtime" : 60001,
        "total_ios" : 1192333,
        "short_ios" : 0,
        "drop_ios" : 0,
        "slat_ns" : {
          "min" : 2822,
          "max" : 415930,
          "mean" : 5457.139838,
          "stddev" : 2849.935831
        },
        "clat_ns" : {
          "min" : 28001,
          "max" : 2383776,
          "mean" : 145316.361932,
          "stddev" : 37776.432412,
          "percentile" : {
            "1.000000" : 88576,
            "5.000000" : 98816,
            "10.000000" : 105984,
            "20.000000" : 114176,
            "30.000000" : 121344,
            "40.000000" : 127488,
            "50.000000" : 136192,
            "60.000000" : 148480,
            "70.000000" : 171008,
            "80.000000" : 183296,
            "90.000000" : 191488,
            "95.000000" : 197632,
            "99.000000" : 209920,
            "99.500000" : 216064,
            "99.900000" : 456704,
            "99.950000" : 509952,
            "99.990000" : 692224,
            "0.00" : 0,
            "0.00" : 0,
            "0.00" : 0
          }
        },
        "lat_ns" : {
          "min" : 71264,
          "max" : 2388890,
          "mean" : 151032.393862,
          "stddev" : 37683.090104
        },
        "bw_min" : 74336,
        "bw_max" : 83664,
        "bw_agg" : 100.000000,
        "bw_mean" : 79505.732218,
        "bw_dev" : 1291.182984,
        "bw_samples" : 239,
        "iops_min" : 18584,
        "iops_max" : 20916,
        "iops_mean" : 19876.460251,
        "iops_stddev" : 322.770435,
        "iops_samples" : 239
      },
      "trim" : {
        "io_bytes" : 0,
        "io_kbytes" : 0,
        "bw" : 0,
        "iops" : 0.000000,
        "runtime" : 0,
        "total_ios" : 0,
        "short_ios" : 0,
        "drop_ios" : 0,
        "slat_ns" : {
          "min" : 0,
          "max" : 0,
          "mean" : 0.000000,
          "stddev" : 0.000000
        },
        "clat_ns" : {
          "min" : 0,
          "max" : 0,
          "mean" : 0.000000,
          "stddev" : 0.000000,
          "percentile" : {
            "1.000000" : 0,
            "5.000000" : 0,
            "10.000000" : 0,
            "20.000000" : 0,
            "30.000000" : 0,
            "40.000000" : 0,
            "50.000000" : 0,
            "60.000000" : 0,
            "70.000000" : 0,
            "80.000000" : 0,
            "90.000000" : 0,
            "95.000000" : 0,
            "99.000000" : 0,
            "99.500000" : 0,
            "99.900000" : 0,
            "99.950000" : 0,
            "99.990000" : 0,
            "0.00" : 0,
            "0.00" : 0,
            "0.00" : 0
          }
        },
        "lat_ns" : {
          "min" : 0,
          "max" : 0,
          "mean" : 0.000000,
          "stddev" : 0.000000
        },
        "bw_min" : 0,
        "bw_max" : 0,
        "bw_agg" : 0.000000,
        "bw_mean" : 0.000000,
        "bw_dev" : 0.000000,
        "bw_samples" : 0,
        "iops_min" : 0,
        "iops_max" : 0,
        "iops_mean" : 0.000000,
        "iops_stddev" : 0.000000,
        "iops_samples" : 0
      },
      "usr_cpu" : 15.961667,
      "sys_cpu" : 25.153333,
      "ctx" : 505100,
      "majf" : 0,
      "minf" : 34,
      "iodepth_level" : {
        "1" : 0.100000,
        "2" : 0.100000,
        "4" : 0.100000,
        "8" : 99.999707,
        "16" : 0.000000,
        "32" : 0.000000,
        ">=64" : 0.000000
      },
      "latency_ns" : {
        "2" : 0.000000,
        "4" : 0.000000,
        "10" : 0.000000,
        "20" : 0.000000,
        "50" : 0.000000,
        "100" : 0.000000,
        "250" : 0.000000,
        "500" : 0.000000,
        "750" : 0.000000,
        "1000" : 0.000000
      },
      "latency_us" : {
        "2" : 0.000000,
        "4" : 0.000000,
        "10" : 0.000000,
        "20" : 0.000000,
        "50" : 0.010000,
        "100" : 2.905085,
        "250" : 87.084988,
        "500" : 8.966905,
        "750" : 0.953522,
        "1000" : 0.057179
      },
      "latency_ms" : {
        "2" : 0.013331,
        "4" : 0.012953,
        "10" : 0.010000,
        "20" : 0.000000,
        "50" : 0.000000,
        "100" : 0.000000,
        "250" : 0.000000,
        "500" : 0.000000,
        "750" : 0.000000,
        "1000" : 0.000000,
        "2000" : 0.000000,
        ">=2000" : 0.000000
      },
      "latency_depth" : 8,
      "latency_target" : 0,
      "latency_percentile" : 100.000000,
      "latency_window" : 0
    }
  ],
  "disk_util" : [
    {
      "name" : "sdb",
      "read_ios" : 1190835,
      "write_ios" : 1190011,
      "read_merges" : 0,
      "write_merges" : 0,
      "read_ticks" : 258088,
      "write_ticks" : 138872,
      "in_queue" : 396564,
      "util" : 99.839883
    }
  ]
}
