{
  "fio version" : "fio-3.1",
  "timestamp" : 1574017058,
  "timestamp_ms" : 1574017058600,
  "time" : "Sun Nov 17 19:57:38 2019",
  "jobs" : [
    {
      "jobname" : "iotest",
      "groupid" : 0,
      "error" : 0,
      "eta" : 0,
      "elapsed" : 61,
      "job options" : {
        "rw" : "randrw",
        "bs" : "4k",
        "ioengine" : "libaio",
        "iodepth" : "64",
        "direct" : "1",
        "invalidate" : "1",
        "refill_buffers" : "1",
        "runtime" : "60",
        "numjobs" : "32",
        "group_reporting" : "1",
        "write_bw_log" : "randrw-iodepth-64-numjobs-32",
        "write_lat_log" : "randrw-iodepth-64-numjobs-32",
        "write_iops_log" : "randrw-iodepth-64-numjobs-32",
        "log_avg_msec" : "250",
        "filename" : "/dev/sdc"
      },
      "read" : {
        "io_bytes" : 6106669056,
        "io_kbytes" : 5963544,
        "bw" : 99377,
        "iops" : 24844.373344,
        "runtime" : 60009,
        "total_ios" : 1490886,
        "short_ios" : 0,
        "drop_ios" : 0,
        "slat_ns" : {
          "min" : 2887,
          "max" : 26435114,
          "mean" : 627046.187352,
          "stddev" : 2436059.574720
        },
        "clat_ns" : {
          "min" : 424437,
          "max" : 89330403,
          "mean" : 41189625.737778,
          "stddev" : 9062618.179623,
          "percentile" : {
            "1.000000" : 20054016,
            "5.000000" : 26869760,
            "10.000000" : 29753344,
            "20.000000" : 32899072,
            "30.000000" : 36438016,
            "40.000000" : 39583744,
            "50.000000" : 41156608,
            "60.000000" : 43253760,
            "70.000000" : 45875200,
            "80.000000" : 49020928,
            "90.000000" : 52690944,
            "95.000000" : 55836672,
            "99.000000" : 61603840,
            "99.500000" : 63700992,
            "99.900000" : 67633152,
            "99.950000" : 69730304,
            "99.990000" : 73924608,
            "0.00" : 0,
            "0.00" : 0,
            "0.00" : 0
          }
        },
        "lat_ns" : {
          "min" : 429014,
          "max" : 89336768,
          "mean" : 41816879.033190,
          "stddev" : 9157755.681698
        },
        "bw_min" : 1900,
        "bw_max" : 4611,
        "bw_agg" : 3.187571,
        "bw_mean" : 3167.712500,
        "bw_dev" : 320.848013,
        "bw_samples" : 7680,
        "iops_min" : 475,
        "iops_max" : 1152,
        "iops_mean" : 791.608724,
        "iops_stddev" : 80.200663,
        "iops_samples" : 7680
      },
      "write" : {
        "io_bytes" : 6097887232,
        "io_kbytes" : 5954968,
        "bw" : 99234,
        "iops" : 24808.645370,
        "runtime" : 60009,
        "total_ios" : 1488742,
        "short_ios" : 0,
        "drop_ios" : 0,
        "slat_ns" : {
          "min" : 2918,
          "max" : 24665330,
          "mean" : 656696.129232,
          "stddev" : 2492029.631584
        },
        "clat_ns" : {
          "min" : 367694,
          "max" : 89329956,
          "mean" : 39979588.503995,
          "stddev" : 9015444.535534,
          "percentile" : {
            "1.000000" : 19267584,
            "5.000000" : 24772608,
            "10.000000" : 28704768,
            "20.000000" : 31850496,
            "30.000000" : 34865152,
            "40.000000" : 38010880,
            "50.000000" : 40632320,
            "60.000000" : 42205184,
            "70.000000" : 44826624,
            "80.000000" : 47448064,
            "90.000000" : 51642368,
            "95.000000" : 54788096,
            "99.000000" : 60030976,
            "99.500000" : 62128128,
            "99.900000" : 66846720,
            "99.950000" : 68681728,
            "99.990000" : 71827456,
            "0.00" : 0,
            "0.00" : 0,
            "0.00" : 0
          }
        },
        "lat_ns" : {
          "min" : 372047,
          "max" : 89335282,
          "mean" : 40636495.247971,
          "stddev" : 9065737.185524
        },
        "bw_min" : 1752,
        "bw_max" : 4347,
        "bw_agg" : 3.187514,
        "bw_mean" : 3163.097656,
        "bw_dev" : 314.566635,
        "bw_samples" : 7680,
        "iops_min" : 438,
        "iops_max" : 1086,
        "iops_mean" : 790.455859,
        "iops_stddev" : 78.635756,
        "iops_samples" : 7680
      },
      "trim" : {
        "io_bytes" : 0,
        "io_kbytes" : 0,
        "bw" : 0,
        "iops" : 0.000000,
        "runtime" : 0,
        "total_ios" : 0,
        "short_ios" : 0,
        "drop_ios" : 0,
        "slat_ns" : {
          "min" : 0,
          "max" : 0,
          "mean" : 0.000000,
          "stddev" : 0.000000
        },
        "clat_ns" : {
          "min" : 0,
          "max" : 0,
          "mean" : 0.000000,
          "stddev" : 0.000000,
          "percentile" : {
            "1.000000" : 0,
            "5.000000" : 0,
            "10.000000" : 0,
            "20.000000" : 0,
            "30.000000" : 0,
            "40.000000" : 0,
            "50.000000" : 0,
            "60.000000" : 0,
            "70.000000" : 0,
            "80.000000" : 0,
            "90.000000" : 0,
            "95.000000" : 0,
            "99.000000" : 0,
            "99.500000" : 0,
            "99.900000" : 0,
            "99.950000" : 0,
            "99.990000" : 0,
            "0.00" : 0,
            "0.00" : 0,
            "0.00" : 0
          }
        },
        "lat_ns" : {
          "min" : 0,
          "max" : 0,
          "mean" : 0.000000,
          "stddev" : 0.000000
        },
        "bw_min" : 0,
        "bw_max" : 0,
        "bw_agg" : 0.000000,
        "bw_mean" : 0.000000,
        "bw_dev" : 0.000000,
        "bw_samples" : 0,
        "iops_min" : 0,
        "iops_max" : 0,
        "iops_mean" : 0.000000,
        "iops_stddev" : 0.000000,
        "iops_samples" : 0
      },
      "usr_cpu" : 0.408568,
      "sys_cpu" : 0.977750,
      "ctx" : 191764,
      "majf" : 0,
      "minf" : 944,
      "iodepth_level" : {
        "1" : 0.100000,
        "2" : 0.100000,
        "4" : 0.100000,
        "8" : 0.100000,
        "16" : 0.100000,
        "32" : 0.100000,
        ">=64" : 99.932341
      },
      "latency_ns" : {
        "2" : 0.000000,
        "4" : 0.000000,
        "10" : 0.000000,
        "20" : 0.000000,
        "50" : 0.000000,
        "100" : 0.000000,
        "250" : 0.000000,
        "500" : 0.000000,
        "750" : 0.000000,
        "1000" : 0.000000
      },
      "latency_us" : {
        "2" : 0.000000,
        "4" : 0.000000,
        "10" : 0.000000,
        "20" : 0.000000,
        "50" : 0.000000,
        "100" : 0.000000,
        "250" : 0.000000,
        "500" : 0.010000,
        "750" : 0.010000,
        "1000" : 0.010000
      },
      "latency_ms" : {
        "2" : 0.010000,
        "4" : 0.010000,
        "10" : 0.040341,
        "20" : 1.156017,
        "50" : 83.306842,
        "100" : 15.490457,
        "250" : 0.000000,
        "500" : 0.000000,
        "750" : 0.000000,
        "1000" : 0.000000,
        "2000" : 0.000000,
        ">=2000" : 0.000000
      },
      "latency_depth" : 64,
      "latency_target" : 0,
      "latency_percentile" : 100.000000,
      "latency_window" : 0
    }
  ],
  "disk_util" : [
    {
      "name" : "sdc",
      "read_ios" : 1486641,
      "write_ios" : 1484523,
      "read_merges" : 0,
      "write_merges" : 0,
      "read_ticks" : 4749016,
      "write_ticks" : 4450500,
      "in_queue" : 9212332,
      "util" : 99.918275
    }
  ]
}
