{
  "fio version" : "fio-3.1",
  "timestamp" : 1574016330,
  "timestamp_ms" : 1574016330619,
  "time" : "Sun Nov 17 19:45:30 2019",
  "jobs" : [
    {
      "jobname" : "iotest",
      "groupid" : 0,
      "error" : 0,
      "eta" : 0,
      "elapsed" : 61,
      "job options" : {
        "rw" : "randrw",
        "bs" : "4k",
        "ioengine" : "libaio",
        "iodepth" : "32",
        "direct" : "1",
        "invalidate" : "1",
        "refill_buffers" : "1",
        "runtime" : "60",
        "numjobs" : "1",
        "group_reporting" : "1",
        "write_bw_log" : "randrw-iodepth-32-numjobs-1",
        "write_lat_log" : "randrw-iodepth-32-numjobs-1",
        "write_iops_log" : "randrw-iodepth-32-numjobs-1",
        "log_avg_msec" : "250",
        "filename" : "/dev/sdc"
      },
      "read" : {
        "io_bytes" : 6083911680,
        "io_kbytes" : 5941320,
        "bw" : 99020,
        "iops" : 24755.087415,
        "runtime" : 60001,
        "total_ios" : 1485330,
        "short_ios" : 0,
        "drop_ios" : 0,
        "slat_ns" : {
          "min" : 2713,
          "max" : 413427,
          "mean" : 4719.144433,
          "stddev" : 2636.707306
        },
        "clat_ns" : {
          "min" : 160057,
          "max" : 4032131,
          "mean" : 742201.017537,
          "stddev" : 362862.841851,
          "percentile" : {
            "1.000000" : 464896,
            "5.000000" : 518144,
            "10.000000" : 544768,
            "20.000000" : 569344,
            "30.000000" : 593920,
            "40.000000" : 626688,
            "50.000000" : 651264,
            "60.000000" : 675840,
            "70.000000" : 700416,
            "80.000000" : 749568,
            "90.000000" : 913408,
            "95.000000" : 1548288,
            "99.000000" : 2506752,
            "99.500000" : 2670592,
            "99.900000" : 3063808,
            "99.950000" : 3227648,
            "99.990000" : 3522560,
            "0.00" : 0,
            "0.00" : 0,
            "0.00" : 0
          }
        },
        "lat_ns" : {
          "min" : 164508,
          "max" : 4036197,
          "mean" : 747133.902050,
          "stddev" : 362834.387253
        },
        "bw_min" : 92672,
        "bw_max" : 107296,
        "bw_agg" : 99.977934,
        "bw_mean" : 98998.150628,
        "bw_dev" : 2760.889823,
        "bw_samples" : 239,
        "iops_min" : 23168,
        "iops_max" : 26824,
        "iops_mean" : 24749.635983,
        "iops_stddev" : 690.201801,
        "iops_samples" : 239
      },
      "write" : {
        "io_bytes" : 6076923904,
        "io_kbytes" : 5934496,
        "bw" : 98906,
        "iops" : 24726.654556,
        "runtime" : 60001,
        "total_ios" : 1483624,
        "short_ios" : 0,
        "drop_ios" : 0,
        "slat_ns" : {
          "min" : 2784,
          "max" : 415675,
          "mean" : 4873.990227,
          "stddev" : 2777.089954
        },
        "clat_ns" : {
          "min" : 124876,
          "max" : 3368382,
          "mean" : 537613.232000,
          "stddev" : 80060.733853,
          "percentile" : {
            "1.000000" : 391168,
            "5.000000" : 436224,
            "10.000000" : 452608,
            "20.000000" : 477184,
            "30.000000" : 501760,
            "40.000000" : 522240,
            "50.000000" : 536576,
            "60.000000" : 544768,
            "70.000000" : 561152,
            "80.000000" : 577536,
            "90.000000" : 618496,
            "95.000000" : 651264,
            "99.000000" : 782336,
            "99.500000" : 864256,
            "99.900000" : 1171456,
            "99.950000" : 1400832,
            "99.990000" : 1941504,
            "0.00" : 0,
            "0.00" : 0,
            "0.00" : 0
          }
        },
        "lat_ns" : {
          "min" : 128805,
          "max" : 3374940,
          "mean" : 542706.417056,
          "stddev" : 79895.989063
        },
        "bw_min" : 90464,
        "bw_max" : 106784,
        "bw_agg" : 99.971297,
        "bw_mean" : 98877.610879,
        "bw_dev" : 2678.370661,
        "bw_samples" : 239,
        "iops_min" : 22616,
        "iops_max" : 26696,
        "iops_mean" : 24719.435146,
        "iops_stddev" : 669.578535,
        "iops_samples" : 239
      },
      "trim" : {
        "io_bytes" : 0,
        "io_kbytes" : 0,
        "bw" : 0,
        "iops" : 0.000000,
        "runtime" : 0,
        "total_ios" : 0,
        "short_ios" : 0,
        "drop_ios" : 0,
        "slat_ns" : {
          "min" : 0,
          "max" : 0,
          "mean" : 0.000000,
          "stddev" : 0.000000
        },
        "clat_ns" : {
          "min" : 0,
          "max" : 0,
          "mean" : 0.000000,
          "stddev" : 0.000000,
          "percentile" : {
            "1.000000" : 0,
            "5.000000" : 0,
            "10.000000" : 0,
            "20.000000" : 0,
            "30.000000" : 0,
            "40.000000" : 0,
            "50.000000" : 0,
            "60.000000" : 0,
            "70.000000" : 0,
            "80.000000" : 0,
            "90.000000" : 0,
            "95.000000" : 0,
            "99.000000" : 0,
            "99.500000" : 0,
            "99.900000" : 0,
            "99.950000" : 0,
            "99.990000" : 0,
            "0.00" : 0,
            "0.00" : 0,
            "0.00" : 0
          }
        },
        "lat_ns" : {
          "min" : 0,
          "max" : 0,
          "mean" : 0.000000,
          "stddev" : 0.000000
        },
        "bw_min" : 0,
        "bw_max" : 0,
        "bw_agg" : 0.000000,
        "bw_mean" : 0.000000,
        "bw_dev" : 0.000000,
        "bw_samples" : 0,
        "iops_min" : 0,
        "iops_max" : 0,
        "iops_mean" : 0.000000,
        "iops_stddev" : 0.000000,
        "iops_samples" : 0
      },
      "usr_cpu" : 17.136667,
      "sys_cpu" : 26.748333,
      "ctx" : 506627,
      "majf" : 0,
      "minf" : 41,
      "iodepth_level" : {
        "1" : 0.100000,
        "2" : 0.100000,
        "4" : 0.100000,
        "8" : 0.100000,
        "16" : 0.100000,
        "32" : 99.998956,
        ">=64" : 0.000000
      },
      "latency_ns" : {
        "2" : 0.000000,
        "4" : 0.000000,
        "10" : 0.000000,
        "20" : 0.000000,
        "50" : 0.000000,
        "100" : 0.000000,
        "250" : 0.000000,
        "500" : 0.000000,
        "750" : 0.000000,
        "1000" : 0.000000
      },
      "latency_us" : {
        "2" : 0.000000,
        "4" : 0.000000,
        "10" : 0.000000,
        "20" : 0.000000,
        "50" : 0.000000,
        "100" : 0.000000,
        "250" : 0.063053,
        "500" : 16.196613,
        "750" : 72.887421,
        "1000" : 6.450689
      },
      "latency_ms" : {
        "2" : 2.971080,
        "4" : 1.431110,
        "10" : 0.010000,
        "20" : 0.000000,
        "50" : 0.000000,
        "100" : 0.000000,
        "250" : 0.000000,
        "500" : 0.000000,
        "750" : 0.000000,
        "1000" : 0.000000,
        "2000" : 0.000000,
        ">=2000" : 0.000000
      },
      "latency_depth" : 32,
      "latency_target" : 0,
      "latency_percentile" : 100.000000,
      "latency_window" : 0
    }
  ],
  "disk_util" : [
    {
      "name" : "sdc",
      "read_ios" : 1481650,
      "write_ios" : 1479910,
      "read_merges" : 0,
      "write_merges" : 0,
      "read_ticks" : 1047960,
      "write_ticks" : 753744,
      "in_queue" : 1801252,
      "util" : 99.866569
    }
  ]
}
