{
  "fio version" : "fio-3.1",
  "timestamp" : 1574015845,
  "timestamp_ms" : 1574015845337,
  "time" : "Sun Nov 17 19:37:25 2019",
  "jobs" : [
    {
      "jobname" : "iotest",
      "groupid" : 0,
      "error" : 0,
      "eta" : 0,
      "elapsed" : 61,
      "job options" : {
        "rw" : "randrw",
        "bs" : "4k",
        "ioengine" : "libaio",
        "iodepth" : "8",
        "direct" : "1",
        "invalidate" : "1",
        "refill_buffers" : "1",
        "runtime" : "60",
        "numjobs" : "64",
        "group_reporting" : "1",
        "write_bw_log" : "randrw-iodepth-8-numjobs-64",
        "write_lat_log" : "randrw-iodepth-8-numjobs-64",
        "write_iops_log" : "randrw-iodepth-8-numjobs-64",
        "log_avg_msec" : "250",
        "filename" : "/dev/sdc"
      },
      "read" : {
        "io_bytes" : 6101450752,
        "io_kbytes" : 5958448,
        "bw" : 99284,
        "iops" : 24821.075082,
        "runtime" : 60014,
        "total_ios" : 1489612,
        "short_ios" : 0,
        "drop_ios" : 0,
        "slat_ns" : {
          "min" : 2938,
          "max" : 56274065,
          "mean" : 945024.926316,
          "stddev" : 5286510.796972
        },
        "clat_ns" : {
          "min" : 100992,
          "max" : 97735421,
          "mean" : 9788100.936238,
          "stddev" : 12645094.134921,
          "percentile" : {
            "1.000000" : 2408448,
            "5.000000" : 2539520,
            "10.000000" : 2605056,
            "20.000000" : 2736128,
            "30.000000" : 2834432,
            "40.000000" : 2932736,
            "50.000000" : 3031040,
            "60.000000" : 3227648,
            "70.000000" : 3588096,
            "80.000000" : 27918336,
            "90.000000" : 33816576,
            "95.000000" : 35913728,
            "99.000000" : 38535168,
            "99.500000" : 39059456,
            "99.900000" : 41680896,
            "99.950000" : 57409536,
            "99.990000" : 65273856,
            "0.00" : 0,
            "0.00" : 0,
            "0.00" : 0
          }
        },
        "lat_ns" : {
          "min" : 104880,
          "max" : 97740995,
          "mean" : 10733392.134417,
          "stddev" : 13235304.081862
        },
        "bw_min" : 979,
        "bw_max" : 2308,
        "bw_agg" : 1.582915,
        "bw_mean" : 1571.581597,
        "bw_dev" : 159.549179,
        "bw_samples" : 15356,
        "iops_min" : 244,
        "iops_max" : 577,
        "iops_mean" : 392.548255,
        "iops_stddev" : 39.857562,
        "iops_samples" : 15356
      },
      "write" : {
        "io_bytes" : 6098460672,
        "io_kbytes" : 5955528,
        "bw" : 99235,
        "iops" : 24808.911254,
        "runtime" : 60014,
        "total_ios" : 1488882,
        "short_ios" : 0,
        "drop_ios" : 0,
        "slat_ns" : {
          "min" : 2987,
          "max" : 62986046,
          "mean" : 946718.336451,
          "stddev" : 5295671.944809
        },
        "clat_ns" : {
          "min" : 87961,
          "max" : 97751685,
          "mean" : 8934184.474812,
          "stddev" : 12175881.865505,
          "percentile" : {
            "1.000000" : 2342912,
            "5.000000" : 2441216,
            "10.000000" : 2506752,
            "20.000000" : 2605056,
            "30.000000" : 2703360,
            "40.000000" : 2768896,
            "50.000000" : 2867200,
            "60.000000" : 2998272,
            "70.000000" : 3194880,
            "80.000000" : 25821184,
            "90.000000" : 33161216,
            "95.000000" : 35913728,
            "99.000000" : 38010880,
            "99.500000" : 39059456,
            "99.900000" : 40632320,
            "99.950000" : 49545216,
            "99.990000" : 63176704,
            "0.00" : 0,
            "0.00" : 0,
            "0.00" : 0
          }
        },
        "lat_ns" : {
          "min" : 92470,
          "max" : 97755493,
          "mean" : 9881156.381927,
          "stddev" : 12840684.133405
        },
        "bw_min" : 992,
        "bw_max" : 2357,
        "bw_agg" : 1.582923,
        "bw_mean" : 1570.813884,
        "bw_dev" : 161.862956,
        "bw_samples" : 15356,
        "iops_min" : 248,
        "iops_max" : 589,
        "iops_mean" : 392.360966,
        "iops_stddev" : 40.435899,
        "iops_samples" : 15356
      },
      "trim" : {
        "io_bytes" : 0,
        "io_kbytes" : 0,
        "bw" : 0,
        "iops" : 0.000000,
        "runtime" : 0,
        "total_ios" : 0,
        "short_ios" : 0,
        "drop_ios" : 0,
        "slat_ns" : {
          "min" : 0,
          "max" : 0,
          "mean" : 0.000000,
          "stddev" : 0.000000
        },
        "clat_ns" : {
          "min" : 0,
          "max" : 0,
          "mean" : 0.000000,
          "stddev" : 0.000000,
          "percentile" : {
            "1.000000" : 0,
            "5.000000" : 0,
            "10.000000" : 0,
            "20.000000" : 0,
            "30.000000" : 0,
            "40.000000" : 0,
            "50.000000" : 0,
            "60.000000" : 0,
            "70.000000" : 0,
            "80.000000" : 0,
            "90.000000" : 0,
            "95.000000" : 0,
            "99.000000" : 0,
            "99.500000" : 0,
            "99.900000" : 0,
            "99.950000" : 0,
            "99.990000" : 0,
            "0.00" : 0,
            "0.00" : 0,
            "0.00" : 0
          }
        },
        "lat_ns" : {
          "min" : 0,
          "max" : 0,
          "mean" : 0.000000,
          "stddev" : 0.000000
        },
        "bw_min" : 0,
        "bw_max" : 0,
        "bw_agg" : 0.000000,
        "bw_mean" : 0.000000,
        "bw_dev" : 0.000000,
        "bw_samples" : 0,
        "iops_min" : 0,
        "iops_max" : 0,
        "iops_mean" : 0.000000,
        "iops_stddev" : 0.000000,
        "iops_samples" : 0
      },
      "usr_cpu" : 0.351463,
      "sys_cpu" : 0.762896,
      "ctx" : 1758117,
      "majf" : 0,
      "minf" : 2067,
      "iodepth_level" : {
        "1" : 0.100000,
        "2" : 0.100000,
        "4" : 0.100000,
        "8" : 99.984959,
        "16" : 0.000000,
        "32" : 0.000000,
        ">=64" : 0.000000
      },
      "latency_ns" : {
        "2" : 0.000000,
        "4" : 0.000000,
        "10" : 0.000000,
        "20" : 0.000000,
        "50" : 0.000000,
        "100" : 0.000000,
        "250" : 0.000000,
        "500" : 0.000000,
        "750" : 0.000000,
        "1000" : 0.000000
      },
      "latency_us" : {
        "2" : 0.000000,
        "4" : 0.000000,
        "10" : 0.000000,
        "20" : 0.000000,
        "50" : 0.000000,
        "100" : 0.010000,
        "250" : 0.010000,
        "500" : 0.010000,
        "750" : 0.010000,
        "1000" : 0.010000
      },
      "latency_ms" : {
        "2" : 0.012422,
        "4" : 76.413248,
        "10" : 1.932587,
        "20" : 0.087259,
        "50" : 21.468064,
        "100" : 0.065939,
        "250" : 0.000000,
        "500" : 0.000000,
        "750" : 0.000000,
        "1000" : 0.000000,
        "2000" : 0.000000,
        ">=2000" : 0.000000
      },
      "latency_depth" : 8,
      "latency_target" : 0,
      "latency_percentile" : 100.000000,
      "latency_window" : 0
    }
  ],
  "disk_util" : [
    {
      "name" : "sdc",
      "read_ios" : 1484710,
      "write_ios" : 1484020,
      "read_merges" : 0,
      "write_merges" : 0,
      "read_ticks" : 4484764,
      "write_ticks" : 4194464,
      "in_queue" : 8696008,
      "util" : 99.924911
    }
  ]
}
