{
  "fio version" : "fio-3.1",
  "timestamp" : 1574016815,
  "timestamp_ms" : 1574016815963,
  "time" : "Sun Nov 17 19:53:35 2019",
  "jobs" : [
    {
      "jobname" : "iotest",
      "groupid" : 0,
      "error" : 0,
      "eta" : 0,
      "elapsed" : 61,
      "job options" : {
        "rw" : "randrw",
        "bs" : "4k",
        "ioengine" : "libaio",
        "iodepth" : "64",
        "direct" : "1",
        "invalidate" : "1",
        "refill_buffers" : "1",
        "runtime" : "60",
        "numjobs" : "2",
        "group_reporting" : "1",
        "write_bw_log" : "randrw-iodepth-64-numjobs-2",
        "write_lat_log" : "randrw-iodepth-64-numjobs-2",
        "write_iops_log" : "randrw-iodepth-64-numjobs-2",
        "log_avg_msec" : "250",
        "filename" : "/dev/sdc"
      },
      "read" : {
        "io_bytes" : 6094905344,
        "io_kbytes" : 5952056,
        "bw" : 99194,
        "iops" : 24798.580095,
        "runtime" : 60004,
        "total_ios" : 1488014,
        "short_ios" : 0,
        "drop_ios" : 0,
        "slat_ns" : {
          "min" : 2773,
          "max" : 444809,
          "mean" : 7536.806892,
          "stddev" : 3628.391554
        },
        "clat_ns" : {
          "min" : 337885,
          "max" : 7463925,
          "mean" : 2672501.833720,
          "stddev" : 438169.539396,
          "percentile" : {
            "1.000000" : 2244608,
            "5.000000" : 2310144,
            "10.000000" : 2375680,
            "20.000000" : 2408448,
            "30.000000" : 2441216,
            "40.000000" : 2506752,
            "50.000000" : 2539520,
            "60.000000" : 2605056,
            "70.000000" : 2670592,
            "80.000000" : 2768896,
            "90.000000" : 3129344,
            "95.000000" : 3653632,
            "99.000000" : 4554752,
            "99.500000" : 4751360,
            "99.900000" : 5341184,
            "99.950000" : 5603328,
            "99.990000" : 6062080,
            "0.00" : 0,
            "0.00" : 0,
            "0.00" : 0
          }
        },
        "lat_ns" : {
          "min" : 341649,
          "max" : 7471734,
          "mean" : 2680308.187186,
          "stddev" : 438117.895978
        },
        "bw_min" : 44080,
        "bw_max" : 53048,
        "bw_agg" : 50.205416,
        "bw_mean" : 49800.760417,
        "bw_dev" : 1660.229981,
        "bw_samples" : 480,
        "iops_min" : 11020,
        "iops_max" : 13262,
        "iops_mean" : 12450.012500,
        "iops_stddev" : 415.044158,
        "iops_samples" : 480
      },
      "write" : {
        "io_bytes" : 6095331328,
        "io_kbytes" : 5952472,
        "bw" : 99201,
        "iops" : 24800.313312,
        "runtime" : 60004,
        "total_ios" : 1488118,
        "short_ios" : 0,
        "drop_ios" : 0,
        "slat_ns" : {
          "min" : 2804,
          "max" : 434391,
          "mean" : 7736.279061,
          "stddev" : 4096.733321
        },
        "clat_ns" : {
          "min" : 320386,
          "max" : 6187090,
          "mean" : 2468587.505705,
          "stddev" : 217995.957404,
          "percentile" : {
            "1.000000" : 2179072,
            "5.000000" : 2244608,
            "10.000000" : 2277376,
            "20.000000" : 2310144,
            "30.000000" : 2342912,
            "40.000000" : 2375680,
            "50.000000" : 2408448,
            "60.000000" : 2441216,
            "70.000000" : 2506752,
            "80.000000" : 2572288,
            "90.000000" : 2703360,
            "95.000000" : 2867200,
            "99.000000" : 3293184,
            "99.500000" : 3489792,
            "99.900000" : 3981312,
            "99.950000" : 4145152,
            "99.990000" : 4620288,
            "0.00" : 0,
            "0.00" : 0,
            "0.00" : 0
          }
        },
        "lat_ns" : {
          "min" : 324503,
          "max" : 6192722,
          "mean" : 2476588.708491,
          "stddev" : 217858.156903
        },
        "bw_min" : 43968,
        "bw_max" : 53596,
        "bw_agg" : 50.205045,
        "bw_mean" : 49803.906250,
        "bw_dev" : 1708.718897,
        "bw_samples" : 480,
        "iops_min" : 10992,
        "iops_max" : 13399,
        "iops_mean" : 12450.795833,
        "iops_stddev" : 427.180385,
        "iops_samples" : 480
      },
      "trim" : {
        "io_bytes" : 0,
        "io_kbytes" : 0,
        "bw" : 0,
        "iops" : 0.000000,
        "runtime" : 0,
        "total_ios" : 0,
        "short_ios" : 0,
        "drop_ios" : 0,
        "slat_ns" : {
          "min" : 0,
          "max" : 0,
          "mean" : 0.000000,
          "stddev" : 0.000000
        },
        "clat_ns" : {
          "min" : 0,
          "max" : 0,
          "mean" : 0.000000,
          "stddev" : 0.000000,
          "percentile" : {
            "1.000000" : 0,
            "5.000000" : 0,
            "10.000000" : 0,
            "20.000000" : 0,
            "30.000000" : 0,
            "40.000000" : 0,
            "50.000000" : 0,
            "60.000000" : 0,
            "70.000000" : 0,
            "80.000000" : 0,
            "90.000000" : 0,
            "95.000000" : 0,
            "99.000000" : 0,
            "99.500000" : 0,
            "99.900000" : 0,
            "99.950000" : 0,
            "99.990000" : 0,
            "0.00" : 0,
            "0.00" : 0,
            "0.00" : 0
          }
        },
        "lat_ns" : {
          "min" : 0,
          "max" : 0,
          "mean" : 0.000000,
          "stddev" : 0.000000
        },
        "bw_min" : 0,
        "bw_max" : 0,
        "bw_agg" : 0.000000,
        "bw_mean" : 0.000000,
        "bw_dev" : 0.000000,
        "bw_samples" : 0,
        "iops_min" : 0,
        "iops_max" : 0,
        "iops_mean" : 0.000000,
        "iops_stddev" : 0.000000,
        "iops_samples" : 0
      },
      "usr_cpu" : 11.605446,
      "sys_cpu" : 23.950035,
      "ctx" : 979762,
      "majf" : 0,
      "minf" : 144,
      "iodepth_level" : {
        "1" : 0.100000,
        "2" : 0.100000,
        "4" : 0.100000,
        "8" : 0.100000,
        "16" : 0.100000,
        "32" : 0.100000,
        ">=64" : 99.995766
      },
      "latency_ns" : {
        "2" : 0.000000,
        "4" : 0.000000,
        "10" : 0.000000,
        "20" : 0.000000,
        "50" : 0.000000,
        "100" : 0.000000,
        "250" : 0.000000,
        "500" : 0.000000,
        "750" : 0.000000,
        "1000" : 0.000000
      },
      "latency_us" : {
        "2" : 0.000000,
        "4" : 0.000000,
        "10" : 0.000000,
        "20" : 0.000000,
        "50" : 0.000000,
        "100" : 0.000000,
        "250" : 0.000000,
        "500" : 0.010000,
        "750" : 0.010000,
        "1000" : 0.010000
      },
      "latency_ms" : {
        "2" : 0.044017,
        "4" : 98.372082,
        "10" : 1.573721,
        "20" : 0.000000,
        "50" : 0.000000,
        "100" : 0.000000,
        "250" : 0.000000,
        "500" : 0.000000,
        "750" : 0.000000,
        "1000" : 0.000000,
        "2000" : 0.000000,
        ">=2000" : 0.000000
      },
      "latency_depth" : 64,
      "latency_target" : 0,
      "latency_percentile" : 100.000000,
      "latency_window" : 0
    }
  ],
  "disk_util" : [
    {
      "name" : "sdc",
      "read_ios" : 1484652,
      "write_ios" : 1484652,
      "read_merges" : 0,
      "write_merges" : 0,
      "read_ticks" : 3927312,
      "write_ticks" : 3633636,
      "in_queue" : 7562488,
      "util" : 99.891589
    }
  ]
}
