{
  "fio version" : "fio-3.1",
  "timestamp" : 1565000402,
  "timestamp_ms" : 1565000402227,
  "time" : "Mon Aug  5 12:20:02 2019",
  "jobs" : [
    {
      "jobname" : "random-read",
      "groupid" : 0,
      "error" : 0,
      "eta" : 0,
      "elapsed" : 61,
      "job options" : {
        "rw" : "randwrite",
        "bs" : "4k",
        "ioengine" : "libaio",
        "iodepth" : "2",
        "direct" : "1",
        "invalidate" : "1",
        "refill_buffers" : "1",
        "runtime" : "60",
        "numjobs" : "8",
        "group_reporting" : "1",
        "write_bw_log" : "random-read-depth-2",
        "write_lat_log" : "random-read-depth-2",
        "write_iops_log" : "random-read-depth-2",
        "log_avg_msec" : "500",
        "filename" : "/dev/md127"
      },
      "read" : {
        "io_bytes" : 0,
        "io_kbytes" : 0,
        "bw" : 0,
        "iops" : 0.000000,
        "runtime" : 0,
        "total_ios" : 0,
        "short_ios" : 0,
        "drop_ios" : 0,
        "slat_ns" : {
          "min" : 0,
          "max" : 0,
          "mean" : 0.000000,
          "stddev" : 0.000000
        },
        "clat_ns" : {
          "min" : 0,
          "max" : 0,
          "mean" : 0.000000,
          "stddev" : 0.000000,
          "percentile" : {
            "1.000000" : 0,
            "5.000000" : 0,
            "10.000000" : 0,
            "20.000000" : 0,
            "30.000000" : 0,
            "40.000000" : 0,
            "50.000000" : 0,
            "60.000000" : 0,
            "70.000000" : 0,
            "80.000000" : 0,
            "90.000000" : 0,
            "95.000000" : 0,
            "99.000000" : 0,
            "99.500000" : 0,
            "99.900000" : 0,
            "99.950000" : 0,
            "99.990000" : 0,
            "0.00" : 0,
            "0.00" : 0,
            "0.00" : 0
          }
        },
        "lat_ns" : {
          "min" : 0,
          "max" : 0,
          "mean" : 0.000000,
          "stddev" : 0.000000
        },
        "bw_min" : 0,
        "bw_max" : 0,
        "bw_agg" : 0.000000,
        "bw_mean" : 0.000000,
        "bw_dev" : 0.000000,
        "bw_samples" : 0,
        "iops_min" : 0,
        "iops_max" : 0,
        "iops_mean" : 0.000000,
        "iops_stddev" : 0.000000,
        "iops_samples" : 0
      },
      "write" : {
        "io_bytes" : 4840611840,
        "io_kbytes" : 4727160,
        "bw" : 78783,
        "iops" : 19695.843472,
        "runtime" : 60002,
        "total_ios" : 1181790,
        "short_ios" : 0,
        "drop_ios" : 0,
        "slat_ns" : {
          "min" : 2902,
          "max" : 1197502,
          "mean" : 18616.141969,
          "stddev" : 9000.775265
        },
        "clat_ns" : {
          "min" : 3264,
          "max" : 57655138,
          "mean" : 787144.062378,
          "stddev" : 2087228.956348,
          "percentile" : {
            "1.000000" : 62720,
            "5.000000" : 73216,
            "10.000000" : 80384,
            "20.000000" : 100864,
            "30.000000" : 120320,
            "40.000000" : 152576,
            "50.000000" : 164864,
            "60.000000" : 175104,
            "70.000000" : 183296,
            "80.000000" : 191488,
            "90.000000" : 259072,
            "95.000000" : 7438336,
            "99.000000" : 8585216,
            "99.500000" : 8978432,
            "99.900000" : 10027008,
            "99.950000" : 11599872,
            "99.990000" : 14090240,
            "0.00" : 0,
            "0.00" : 0,
            "0.00" : 0
          }
        },
        "lat_ns" : {
          "min" : 54897,
          "max" : 57668947,
          "mean" : 806372.060724,
          "stddev" : 2086725.014923
        },
        "bw_min" : 8120,
        "bw_max" : 11096,
        "bw_agg" : 12.532502,
        "bw_mean" : 9873.481250,
        "bw_dev" : 415.131922,
        "bw_samples" : 960,
        "iops_min" : 2030,
        "iops_max" : 2774,
        "iops_mean" : 2468.094792,
        "iops_stddev" : 103.824993,
        "iops_samples" : 960
      },
      "trim" : {
        "io_bytes" : 0,
        "io_kbytes" : 0,
        "bw" : 0,
        "iops" : 0.000000,
        "runtime" : 0,
        "total_ios" : 0,
        "short_ios" : 0,
        "drop_ios" : 0,
        "slat_ns" : {
          "min" : 0,
          "max" : 0,
          "mean" : 0.000000,
          "stddev" : 0.000000
        },
        "clat_ns" : {
          "min" : 0,
          "max" : 0,
          "mean" : 0.000000,
          "stddev" : 0.000000,
          "percentile" : {
            "1.000000" : 0,
            "5.000000" : 0,
            "10.000000" : 0,
            "20.000000" : 0,
            "30.000000" : 0,
            "40.000000" : 0,
            "50.000000" : 0,
            "60.000000" : 0,
            "70.000000" : 0,
            "80.000000" : 0,
            "90.000000" : 0,
            "95.000000" : 0,
            "99.000000" : 0,
            "99.500000" : 0,
            "99.900000" : 0,
            "99.950000" : 0,
            "99.990000" : 0,
            "0.00" : 0,
            "0.00" : 0,
            "0.00" : 0
          }
        },
        "lat_ns" : {
          "min" : 0,
          "max" : 0,
          "mean" : 0.000000,
          "stddev" : 0.000000
        },
        "bw_min" : 0,
        "bw_max" : 0,
        "bw_agg" : 0.000000,
        "bw_mean" : 0.000000,
        "bw_dev" : 0.000000,
        "bw_samples" : 0,
        "iops_min" : 0,
        "iops_max" : 0,
        "iops_mean" : 0.000000,
        "iops_stddev" : 0.000000,
        "iops_samples" : 0
      },
      "usr_cpu" : 2.613317,
      "sys_cpu" : 6.702666,
      "ctx" : 789805,
      "majf" : 0,
      "minf" : 34108,
      "iodepth_level" : {
        "1" : 0.100000,
        "2" : 99.999323,
        "4" : 0.000000,
        "8" : 0.000000,
        "16" : 0.000000,
        "32" : 0.000000,
        ">=64" : 0.000000
      },
      "latency_ns" : {
        "2" : 0.000000,
        "4" : 0.000000,
        "10" : 0.000000,
        "20" : 0.000000,
        "50" : 0.000000,
        "100" : 0.000000,
        "250" : 0.000000,
        "500" : 0.000000,
        "750" : 0.000000,
        "1000" : 0.000000
      },
      "latency_us" : {
        "2" : 0.000000,
        "4" : 0.010000,
        "10" : 0.000000,
        "20" : 0.000000,
        "50" : 0.214167,
        "100" : 19.629545,
        "250" : 69.992808,
        "500" : 0.552805,
        "750" : 0.191151,
        "1000" : 0.091979
      },
      "latency_ms" : {
        "2" : 0.347693,
        "4" : 0.633954,
        "10" : 8.237335,
        "20" : 0.106703,
        "50" : 0.010000,
        "100" : 0.010000,
        "250" : 0.000000,
        "500" : 0.000000,
        "750" : 0.000000,
        "1000" : 0.000000,
        "2000" : 0.000000,
        ">=2000" : 0.000000
      },
      "latency_depth" : 2,
      "latency_target" : 0,
      "latency_percentile" : 100.000000,
      "latency_window" : 0
    }
  ],
  "disk_util" : [
    {
      "name" : "md127",
      "read_ios" : 19,
      "write_ios" : 1178921,
      "read_merges" : 0,
      "write_merges" : 0,
      "read_ticks" : 0,
      "write_ticks" : 0,
      "in_queue" : 0,
      "util" : 0.000000,
      "aggr_read_ios" : 22,
      "aggr_write_ios" : 393930,
      "aggr_read_merges" : 0,
      "aggr_write_merge" : 0,
      "aggr_read_ticks" : 17,
      "aggr_write_ticks" : 304082,
      "aggr_in_queue" : 304056,
      "aggr_util" : 65.470986
    },
    {
      "name" : "sdd",
      "read_ios" : 30,
      "write_ios" : 393642,
      "read_merges" : 0,
      "write_merges" : 0,
      "read_ticks" : 20,
      "write_ticks" : 212472,
      "in_queue" : 212420,
      "util" : 43.113335
    },
    {
      "name" : "sdb",
      "read_ios" : 22,
      "write_ios" : 393475,
      "read_merges" : 0,
      "write_merges" : 0,
      "read_ticks" : 24,
      "write_ticks" : 434956,
      "in_queue" : 434996,
      "util" : 65.470986
    },
    {
      "name" : "sdc",
      "read_ios" : 15,
      "write_ios" : 394673,