{
  "fio version" : "fio-3.1",
  "timestamp" : 1564999976,
  "timestamp_ms" : 1564999976546,
  "time" : "Mon Aug  5 12:12:56 2019",
  "jobs" : [
    {
      "jobname" : "random-read",
      "groupid" : 0,
      "error" : 0,
      "eta" : 0,
      "elapsed" : 61,
      "job options" : {
        "rw" : "randwrite",
        "bs" : "4k",
        "ioengine" : "libaio",
        "iodepth" : "1",
        "direct" : "1",
        "invalidate" : "1",
        "refill_buffers" : "1",
        "runtime" : "60",
        "numjobs" : "8",
        "group_reporting" : "1",
        "write_bw_log" : "random-read-depth-1",
        "write_lat_log" : "random-read-depth-1",
        "write_iops_log" : "random-read-depth-1",
        "log_avg_msec" : "500",
        "filename" : "/dev/md127"
      },
      "read" : {
        "io_bytes" : 0,
        "io_kbytes" : 0,
        "bw" : 0,
        "iops" : 0.000000,
        "runtime" : 0,
        "total_ios" : 0,
        "short_ios" : 0,
        "drop_ios" : 0,
        "slat_ns" : {
          "min" : 0,
          "max" : 0,
          "mean" : 0.000000,
          "stddev" : 0.000000
        },
        "clat_ns" : {
          "min" : 0,
          "max" : 0,
          "mean" : 0.000000,
          "stddev" : 0.000000,
          "percentile" : {
            "1.000000" : 0,
            "5.000000" : 0,
            "10.000000" : 0,
            "20.000000" : 0,
            "30.000000" : 0,
            "40.000000" : 0,
            "50.000000" : 0,
            "60.000000" : 0,
            "70.000000" : 0,
            "80.000000" : 0,
            "90.000000" : 0,
            "95.000000" : 0,
            "99.000000" : 0,
            "99.500000" : 0,
            "99.900000" : 0,
            "99.950000" : 0,
            "99.990000" : 0,
            "0.00" : 0,
            "0.00" : 0,
            "0.00" : 0
          }
        },
        "lat_ns" : {
          "min" : 0,
          "max" : 0,
          "mean" : 0.000000,
          "stddev" : 0.000000
        },
        "bw_min" : 0,
        "bw_max" : 0,
        "bw_agg" : 0.000000,
        "bw_mean" : 0.000000,
        "bw_dev" : 0.000000,
        "bw_samples" : 0,
        "iops_min" : 0,
        "iops_max" : 0,
        "iops_mean" : 0.000000,
        "iops_stddev" : 0.000000,
        "iops_samples" : 0
      },
      "write" : {
        "io_bytes" : 4818255872,
        "io_kbytes" : 4705328,
        "bw" : 78419,
        "iops" : 19604.879837,
        "runtime" : 60002,
        "total_ios" : 1176332,
        "short_ios" : 0,
        "drop_ios" : 0,
        "slat_ns" : {
          "min" : 5411,
          "max" : 709431,
          "mean" : 22278.663777,
          "stddev" : 9049.362151
        },
        "clat_ns" : {
          "min" : 1456,
          "max" : 43334442,
          "mean" : 378833.930510,
          "stddev" : 1146094.255213,
          "percentile" : {
            "1.000000" : 57600,
            "5.000000" : 76288,
            "10.000000" : 84480,
            "20.000000" : 136192,
            "30.000000" : 142336,
            "40.000000" : 146432,
            "50.000000" : 148480,
            "60.000000" : 150528,
            "70.000000" : 152576,
            "80.000000" : 156672,
            "90.000000" : 164864,
            "95.000000" : 240640,
            "99.000000" : 6389760,
            "99.500000" : 6848512,
            "99.900000" : 7897088,
            "99.950000" : 8224768,
            "99.990000" : 10682368,
            "0.00" : 0,
            "0.00" : 0,
            "0.00" : 0
          }
        },
        "lat_ns" : {
          "min" : 41601,
          "max" : 43358216,
          "mean" : 401745.054139,
          "stddev" : 1145706.801376
        },
        "bw_min" : 7736,
        "bw_max" : 11024,
        "bw_agg" : 12.542489,
        "bw_mean" : 9835.694561,
        "bw_dev" : 453.582439,
        "bw_samples" : 956,
        "iops_min" : 1934,
        "iops_max" : 2756,
        "iops_mean" : 2458.696653,
        "iops_stddev" : 113.371262,
        "iops_samples" : 956
      },
      "trim" : {
        "io_bytes" : 0,
        "io_kbytes" : 0,
        "bw" : 0,
        "iops" : 0.000000,
        "runtime" : 0,
        "total_ios" : 0,
        "short_ios" : 0,
        "drop_ios" : 0,
        "slat_ns" : {
          "min" : 0,
          "max" : 0,
          "mean" : 0.000000,
          "stddev" : 0.000000
        },
        "clat_ns" : {
          "min" : 0,
          "max" : 0,
          "mean" : 0.000000,
          "stddev" : 0.000000,
          "percentile" : {
            "1.000000" : 0,
            "5.000000" : 0,
            "10.000000" : 0,
            "20.000000" : 0,
            "30.000000" : 0,
            "40.000000" : 0,
            "50.000000" : 0,
            "60.000000" : 0,
            "70.000000" : 0,
            "80.000000" : 0,
            "90.000000" : 0,
            "95.000000" : 0,
            "99.000000" : 0,
            "99.500000" : 0,
            "99.900000" : 0,
            "99.950000" : 0,
            "99.990000" : 0,
            "0.00" : 0,
            "0.00" : 0,
            "0.00" : 0
          }
        },
        "lat_ns" : {
          "min" : 0,
          "max" : 0,
          "mean" : 0.000000,
          "stddev" : 0.000000
        },
        "bw_min" : 0,
        "bw_max" : 0,
        "bw_agg" : 0.000000,
        "bw_mean" : 0.000000,
        "bw_dev" : 0.000000,
        "bw_samples" : 0,
        "iops_min" : 0,
        "iops_max" : 0,
        "iops_mean" : 0.000000,
        "iops_stddev" : 0.000000,
        "iops_samples" : 0
      },
      "usr_cpu" : 3.253118,
      "sys_cpu" : 7.922275,
      "ctx" : 1176365,
      "majf" : 0,
      "minf" : 5980,
      "iodepth_level" : {
        "1" : 100.000000,
        "2" : 0.000000,
        "4" : 0.000000,
        "8" : 0.000000,
        "16" : 0.000000,
        "32" : 0.000000,
        ">=64" : 0.000000
      },
      "latency_ns" : {
        "2" : 0.000000,
        "4" : 0.000000,
        "10" : 0.000000,
        "20" : 0.000000,
        "50" : 0.000000,
        "100" : 0.000000,
        "250" : 0.000000,
        "500" : 0.000000,
        "750" : 0.000000,
        "1000" : 0.000000
      },
      "latency_us" : {
        "2" : 0.010000,
        "4" : 0.010000,
        "10" : 0.010000,
        "20" : 0.010000,
        "50" : 0.576028,
        "100" : 15.064200,
        "250" : 79.390257,
        "500" : 0.249759,
        "750" : 0.106688,
        "1000" : 0.045565
      },
      "latency_ms" : {
        "2" : 0.190337,
        "4" : 0.492123,
        "10" : 3.867871,
        "20" : 0.011816,
        "50" : 0.010000,
        "100" : 0.000000,
        "250" : 0.000000,
        "500" : 0.000000,
        "750" : 0.000000,
        "1000" : 0.000000,
        "2000" : 0.000000,
        ">=2000" : 0.000000
      },
      "latency_depth" : 1,
      "latency_target" : 0,
      "latency_percentile" : 100.000000,
      "latency_window" : 0
    }
  ],
  "disk_util" : [
    {
      "name" : "md127",
      "read_ios" : 43,
      "write_ios" : 1173351,
      "read_merges" : 0,
      "write_merges" : 0,
      "read_ticks" : 0,
      "write_ticks" : 0,
      "in_queue" : 0,
      "util" : 0.000000,
      "aggr_read_ios" : 30,
      "aggr_write_ios" : 392110,
      "aggr_read_merges" : 0,
      "aggr_write_merge" : 0,
      "aggr_read_ticks" : 22,
      "aggr_write_ticks" : 147294,
      "aggr_in_queue" : 147398,
      "aggr_util" : 61.392815
    },
    {
      "name" : "sdd",
      "read_ios" : 40,
      "write_ios" : 391808,
      "read_merges" : 0,
      "write_merges" : 0,
      "read_ticks" : 24,
      "write_ticks" : 103416,
      "in_queue" : 103528,
      "util" : 47.697341
    },
    {
      "name" : "sdb",
      "read_ios" : 32,
      "write_ios" : 391636,
      "read_merges" : 0,
      "write_merges" : 0,
      "read_ticks" : 24,
      "write_ticks" : 170648,
      "in_queue" : 170756,
      "util" : 61.392815
    },
    {
      "name" : "sdc",
      "read_ios" : 20,
      "write_ios" : 392888,