{
  "fio version" : "fio-3.1",
  "timestamp" : 1564997971,
  "timestamp_ms" : 1564997971363,
  "time" : "Mon Aug  5 11:39:31 2019",
  "jobs" : [
    {
      "jobname" : "random-read",
      "groupid" : 0,
      "error" : 0,
      "eta" : 0,
      "elapsed" : 61,
      "job options" : {
        "rw" : "randread",
        "bs" : "4k",
        "ioengine" : "libaio",
        "iodepth" : "4",
        "direct" : "1",
        "invalidate" : "1",
        "refill_buffers" : "1",
        "runtime" : "60",
        "numjobs" : "32",
        "group_reporting" : "1",
        "write_bw_log" : "random-read-depth-4",
        "write_lat_log" : "random-read-depth-4",
        "write_iops_log" : "random-read-depth-4",
        "log_avg_msec" : "500",
        "filename" : "/dev/md127"
      },
      "read" : {
        "io_bytes" : 34143203328,
        "io_kbytes" : 33342972,
        "bw" : 555697,
        "iops" : 138924.419186,
        "runtime" : 60002,
        "total_ios" : 8335743,
        "short_ios" : 0,
        "drop_ios" : 0,
        "slat_ns" : {
          "min" : 2802,
          "max" : 2635238,
          "mean" : 16754.934810,
          "stddev" : 13247.919089
        },
        "clat_ns" : {
          "min" : 1613,
          "max" : 83876710,
          "mean" : 899773.848748,
          "stddev" : 717087.786604,
          "percentile" : {
            "1.000000" : 197632,
            "5.000000" : 268288,
            "10.000000" : 309248,
            "20.000000" : 419840,
            "30.000000" : 544768,
            "40.000000" : 667648,
            "50.000000" : 806912,
            "60.000000" : 962560,
            "70.000000" : 1138688,
            "80.000000" : 1351680,
            "90.000000" : 1630208,
            "95.000000" : 1826816,
            "99.000000" : 2088960,
            "99.500000" : 2179072,
            "99.900000" : 2342912,
            "99.950000" : 2408448,
            "99.990000" : 3817472,
            "0.00" : 0,
            "0.00" : 0,
            "0.00" : 0
          }
        },
        "lat_ns" : {
          "min" : 138322,
          "max" : 83928815,
          "mean" : 917054.121460,
          "stddev" : 717017.868292
        },
        "bw_min" : 9624,
        "bw_max" : 18941,
        "bw_agg" : 3.147567,
        "bw_mean" : 17490.932813,
        "bw_dev" : 739.972866,
        "bw_samples" : 3840,
        "iops_min" : 2406,
        "iops_max" : 4735,
        "iops_mean" : 4372.476042,
        "iops_stddev" : 184.970316,
        "iops_samples" : 3840
      },
      "write" : {
        "io_bytes" : 0,
        "io_kbytes" : 0,
        "bw" : 0,
        "iops" : 0.000000,
        "runtime" : 0,
        "total_ios" : 0,
        "short_ios" : 0,
        "drop_ios" : 0,
        "slat_ns" : {
          "min" : 0,
          "max" : 0,
          "mean" : 0.000000,
          "stddev" : 0.000000
        },
        "clat_ns" : {
          "min" : 0,
          "max" : 0,
          "mean" : 0.000000,
          "stddev" : 0.000000,
          "percentile" : {
            "1.000000" : 0,
            "5.000000" : 0,
            "10.000000" : 0,
            "20.000000" : 0,
            "30.000000" : 0,
            "40.000000" : 0,
            "50.000000" : 0,
            "60.000000" : 0,
            "70.000000" : 0,
            "80.000000" : 0,
            "90.000000" : 0,
            "95.000000" : 0,
            "99.000000" : 0,
            "99.500000" : 0,
            "99.900000" : 0,
            "99.950000" : 0,
            "99.990000" : 0,
            "0.00" : 0,
            "0.00" : 0,
            "0.00" : 0
          }
        },
        "lat_ns" : {
          "min" : 0,
          "max" : 0,
          "mean" : 0.000000,
          "stddev" : 0.000000
        },
        "bw_min" : 0,
        "bw_max" : 0,
        "bw_agg" : 0.000000,
        "bw_mean" : 0.000000,
        "bw_dev" : 0.000000,
        "bw_samples" : 0,
        "iops_min" : 0,
        "iops_max" : 0,
        "iops_mean" : 0.000000,
        "iops_stddev" : 0.000000,
        "iops_samples" : 0
      },
      "trim" : {
        "io_bytes" : 0,
        "io_kbytes" : 0,
        "bw" : 0,
        "iops" : 0.000000,
        "runtime" : 0,
        "total_ios" : 0,
        "short_ios" : 0,
        "drop_ios" : 0,
        "slat_ns" : {
          "min" : 0,
          "max" : 0,
          "mean" : 0.000000,
          "stddev" : 0.000000
        },
        "clat_ns" : {
          "min" : 0,
          "max" : 0,
          "mean" : 0.000000,
          "stddev" : 0.000000,
          "percentile" : {
            "1.000000" : 0,
            "5.000000" : 0,
            "10.000000" : 0,
            "20.000000" : 0,
            "30.000000" : 0,
            "40.000000" : 0,
            "50.000000" : 0,
            "60.000000" : 0,
            "70.000000" : 0,
            "80.000000" : 0,
            "90.000000" : 0,
            "95.000000" : 0,
            "99.000000" : 0,
            "99.500000" : 0,
            "99.900000" : 0,
            "99.950000" : 0,
            "99.990000" : 0,
            "0.00" : 0,
            "0.00" : 0,
            "0.00" : 0
          }
        },
        "lat_ns" : {
          "min" : 0,
          "max" : 0,
          "mean" : 0.000000,
          "stddev" : 0.000000
        },
        "bw_min" : 0,
        "bw_max" : 0,
        "bw_agg" : 0.000000,
        "bw_mean" : 0.000000,
        "bw_dev" : 0.000000,
        "bw_samples" : 0,
        "iops_min" : 0,
        "iops_max" : 0,
        "iops_mean" : 0.000000,
        "iops_stddev" : 0.000000,
        "iops_samples" : 0
      },
      "usr_cpu" : 4.829692,
      "sys_cpu" : 13.432732,
      "ctx" : 6993803,
      "majf" : 0,
      "minf" : 429686,
      "iodepth_level" : {
        "1" : 0.100000,
        "2" : 0.100000,
        "4" : 99.998848,
        "8" : 0.000000,
        "16" : 0.000000,
        "32" : 0.000000,
        ">=64" : 0.000000
      },
      "latency_ns" : {
        "2" : 0.000000,
        "4" : 0.000000,
        "10" : 0.000000,
        "20" : 0.000000,
        "50" : 0.000000,
        "100" : 0.000000,
        "250" : 0.000000,
        "500" : 0.000000,
        "750" : 0.000000,
        "1000" : 0.000000
      },
      "latency_us" : {
        "2" : 0.010000,
        "4" : 0.010000,
        "10" : 0.010000,
        "20" : 0.010000,
        "50" : 0.010000,
        "100" : 0.010000,
        "250" : 3.241727,
        "500" : 23.662786,
        "750" : 19.022240,
        "1000" : 16.511582
      },
      "latency_ms" : {
        "2" : 35.642798,
        "4" : 1.908084,
        "10" : 0.010000,
        "20" : 0.010000,
        "50" : 0.010000,
        "100" : 0.010000,
        "250" : 0.000000,
        "500" : 0.000000,
        "750" : 0.000000,
        "1000" : 0.000000,
        "2000" : 0.000000,
        ">=2000" : 0.000000
      },
      "latency_depth" : 4,
      "latency_target" : 0,
      "latency_percentile" : 100.000000,
      "latency_window" : 0
    }
  ],
  "disk_util" : [
    {
      "name" : "md127",
      "read_ios" : 8314137,
      "write_ios" : 0,
      "read_merges" : 0,
      "write_merges" : 0,
      "read_ticks" : 0,
      "write_ticks" : 0,
      "in_queue" : 0,
      "util" : 0.000000,
      "aggr_read_ios" : 2778580,
      "aggr_write_ios" : 0,
      "aggr_read_merges" : 1,
      "aggr_write_merge" : 0,
      "aggr_read_ticks" : 2451002,
      "aggr_write_ticks" : 0,
      "aggr_in_queue" : 2460410,
      "aggr_util" : 99.920218
    },
    {
      "name" : "sdd",
      "read_ios" : 2780894,
      "write_ios" : 0,
      "read_merges" : 1,
      "write_merges" : 0,
      "read_ticks" : 2626760,
      "write_ticks" : 0,
      "in_queue" : 2634404,
      "util" : 99.734096
    },
    {
      "name" : "sdb",
      "read_ios" : 2778438,
      "write_ios" : 0,
      "read_merges" : 2,
      "write_merges" : 0,
      "read_ticks" : 2609224,
      "write_ticks" : 0,
      "in_queue" : 2620936,
      "util" : 99.920218
    },
    {
      "name" : "sdc",
      "read_ios" : 2776408,