{
  "fio version" : "fio-3.1",
  "timestamp" : 1568529469,
  "timestamp_ms" : 1568529469469,
  "time" : "Sun Sep 15 08:37:49 2019",
  "jobs" : [
    {
      "jobname" : "random-read",
      "groupid" : 0,
      "error" : 0,
      "eta" : 0,
      "elapsed" : 61,
      "job options" : {
        "rw" : "randread",
        "bs" : "4k",
        "ioengine" : "libaio",
        "iodepth" : "2",
        "direct" : "1",
        "invalidate" : "1",
        "refill_buffers" : "1",
        "norandommap" : "1",
        "randrepeat" : "0",
        "runtime" : "60",
        "numjobs" : "1",
        "group_reporting" : "1",
        "write_bw_log" : "random-read-depth-2",
        "write_lat_log" : "random-read-depth-2",
        "write_iops_log" : "random-read-depth-2",
        "log_avg_msec" : "500",
        "filename" : "/dev/sdd"
      },
      "read" : {
        "io_bytes" : 4635299840,
        "io_kbytes" : 4526660,
        "bw" : 75443,
        "iops" : 18860.768987,
        "runtime" : 60001,
        "total_ios" : 1131665,
        "short_ios" : 0,
        "drop_ios" : 0,
        "slat_ns" : {
          "min" : 2681,
          "max" : 407321,
          "mean" : 6349.576631,
          "stddev" : 3093.888402
        },
        "clat_ns" : {
          "min" : 8465,
          "max" : 2300171,
          "mean" : 97773.303794,
          "stddev" : 62670.472764,
          "percentile" : {
            "1.000000" : 41216,
            "5.000000" : 42240,
            "10.000000" : 42752,
            "20.000000" : 43776,
            "30.000000" : 44288,
            "40.000000" : 44800,
            "50.000000" : 60160,
            "60.000000" : 109056,
            "70.000000" : 144384,
            "80.000000" : 168960,
            "90.000000" : 175104,
            "95.000000" : 193536,
            "99.000000" : 264192,
            "99.500000" : 268288,
            "99.900000" : 301056,
            "99.950000" : 436224,
            "99.990000" : 593920,
            "0.00" : 0,
            "0.00" : 0,
            "0.00" : 0
          }
        },
        "lat_ns" : {
          "min" : 42311,
          "max" : 2311015,
          "mean" : 104405.193973,
          "stddev" : 63726.189833
        },
        "bw_min" : 40936,
        "bw_max" : 115968,
        "bw_agg" : 99.629884,
        "bw_mean" : 75163.773109,
        "bw_dev" : 31466.376877,
        "bw_samples" : 119,
        "iops_min" : 10234,
        "iops_max" : 28992,
        "iops_mean" : 18790.941176,
        "iops_stddev" : 7866.620259,
        "iops_samples" : 119
      },
      "write" : {
        "io_bytes" : 0,
        "io_kbytes" : 0,
        "bw" : 0,
        "iops" : 0.000000,
        "runtime" : 0,
        "total_ios" : 0,
        "short_ios" : 0,
        "drop_ios" : 0,
        "slat_ns" : {
          "min" : 0,
          "max" : 0,
          "mean" : 0.000000,
          "stddev" : 0.000000
        },
        "clat_ns" : {
          "min" : 0,
          "max" : 0,
          "mean" : 0.000000,
          "stddev" : 0.000000,
          "percentile" : {
            "1.000000" : 0,
            "5.000000" : 0,
            "10.000000" : 0,
            "20.000000" : 0,
            "30.000000" : 0,
            "40.000000" : 0,
            "50.000000" : 0,
            "60.000000" : 0,
            "70.000000" : 0,
            "80.000000" : 0,
            "90.000000" : 0,
            "95.000000" : 0,
            "99.000000" : 0,
            "99.500000" : 0,
            "99.900000" : 0,
            "99.950000" : 0,
            "99.990000" : 0,
            "0.00" : 0,
            "0.00" : 0,
            "0.00" : 0
          }
        },
        "lat_ns" : {
          "min" : 0,
          "max" : 0,
          "mean" : 0.000000,
          "stddev" : 0.000000
        },
        "bw_min" : 0,
        "bw_max" : 0,
        "bw_agg" : 0.000000,
        "bw_mean" : 0.000000,
        "bw_dev" : 0.000000,
        "bw_samples" : 0,
        "iops_min" : 0,
        "iops_max" : 0,
        "iops_mean" : 0.000000,
        "iops_stddev" : 0.000000,
        "iops_samples" : 0
      },
      "trim" : {
        "io_bytes" : 0,
        "io_kbytes" : 0,
        "bw" : 0,
        "iops" : 0.000000,
        "runtime" : 0,
        "total_ios" : 0,
        "short_ios" : 0,
        "drop_ios" : 0,
        "slat_ns" : {
          "min" : 0,
          "max" : 0,
          "mean" : 0.000000,
          "stddev" : 0.000000
        },
        "clat_ns" : {
          "min" : 0,
          "max" : 0,
          "mean" : 0.000000,
          "stddev" : 0.000000,
          "percentile" : {
            "1.000000" : 0,
            "5.000000" : 0,
            "10.000000" : 0,
            "20.000000" : 0,
            "30.000000" : 0,
            "40.000000" : 0,
            "50.000000" : 0,
            "60.000000" : 0,
            "70.000000" : 0,
            "80.000000" : 0,
            "90.000000" : 0,
            "95.000000" : 0,
            "99.000000" : 0,
            "99.500000" : 0,
            "99.900000" : 0,
            "99.950000" : 0,
            "99.990000" : 0,
            "0.00" : 0,
            "0.00" : 0,
            "0.00" : 0
          }
        },
        "lat_ns" : {
          "min" : 0,
          "max" : 0,
          "mean" : 0.000000,
          "stddev" : 0.000000
        },
        "bw_min" : 0,
        "bw_max" : 0,
        "bw_agg" : 0.000000,
        "bw_mean" : 0.000000,
        "bw_dev" : 0.000000,
        "bw_samples" : 0,
        "iops_min" : 0,
        "iops_max" : 0,
        "iops_mean" : 0.000000,
        "iops_stddev" : 0.000000,
        "iops_samples" : 0
      },
      "usr_cpu" : 8.145000,
      "sys_cpu" : 17.550000,
      "ctx" : 939463,
      "majf" : 0,
      "minf" : 24,
      "iodepth_level" : {
        "1" : 0.100000,
        "2" : 99.999912,
        "4" : 0.000000,
        "8" : 0.000000,
        "16" : 0.000000,
        "32" : 0.000000,
        ">=64" : 0.000000
      },
      "latency_ns" : {
        "2" : 0.000000,
        "4" : 0.000000,
        "10" : 0.000000,
        "20" : 0.000000,
        "50" : 0.000000,
        "100" : 0.000000,
        "250" : 0.000000,
        "500" : 0.000000,
        "750" : 0.000000,
        "1000" : 0.000000
      },
      "latency_us" : {
        "2" : 0.000000,
        "4" : 0.000000,
        "10" : 0.010000,
        "20" : 0.010000,
        "50" : 46.891881,
        "100" : 10.993094,
        "250" : 40.668396,
        "500" : 1.418264,
        "750" : 0.020854,
        "1000" : 0.010000
      },
      "latency_ms" : {
        "2" : 0.010000,
        "4" : 0.010000,
        "10" : 0.000000,
        "20" : 0.000000,
        "50" : 0.000000,
        "100" : 0.000000,
        "250" : 0.000000,
        "500" : 0.000000,
        "750" : 0.000000,
        "1000" : 0.000000,
        "2000" : 0.000000,
        ">=2000" : 0.000000
      },
      "latency_depth" : 2,
      "latency_target" : 0,
      "latency_percentile" : 100.000000,
      "latency_window" : 0
    }
  ],
  "disk_util" : [
    {
      "name" : "sdd",
      "read_ios" : 1128633,
      "write_ios" : 0,
      "read_merges" : 0,
      "write_merges" : 0,
      "read_ticks" : 103792,
      "write_ticks" : 0,
      "in_queue" : 103572,
      "util" : 94.883256
    }
  ]
}
