{
  "fio version" : "fio-3.1",
  "timestamp" : 1568534015,
  "timestamp_ms" : 1568534015458,
  "time" : "Sun Sep 15 09:53:35 2019",
  "jobs" : [
    {
      "jobname" : "random-read",
      "groupid" : 0,
      "error" : 0,
      "eta" : 0,
      "elapsed" : 61,
      "job options" : {
        "rw" : "randwrite",
        "bs" : "4k",
        "ioengine" : "libaio",
        "iodepth" : "16",
        "direct" : "1",
        "invalidate" : "1",
        "refill_buffers" : "1",
        "norandommap" : "1",
        "randrepeat" : "0",
        "runtime" : "60",
        "numjobs" : "32",
        "group_reporting" : "1",
        "write_bw_log" : "random-read-depth-16",
        "write_lat_log" : "random-read-depth-16",
        "write_iops_log" : "random-read-depth-16",
        "log_avg_msec" : "500",
        "filename" : "/dev/sdd"
      },
      "read" : {
        "io_bytes" : 0,
        "io_kbytes" : 0,
        "bw" : 0,
        "iops" : 0.000000,
        "runtime" : 0,
        "total_ios" : 0,
        "short_ios" : 0,
        "drop_ios" : 0,
        "slat_ns" : {
          "min" : 0,
          "max" : 0,
          "mean" : 0.000000,
          "stddev" : 0.000000
        },
        "clat_ns" : {
          "min" : 0,
          "max" : 0,
          "mean" : 0.000000,
          "stddev" : 0.000000,
          "percentile" : {
            "1.000000" : 0,
            "5.000000" : 0,
            "10.000000" : 0,
            "20.000000" : 0,
            "30.000000" : 0,
            "40.000000" : 0,
            "50.000000" : 0,
            "60.000000" : 0,
            "70.000000" : 0,
            "80.000000" : 0,
            "90.000000" : 0,
            "95.000000" : 0,
            "99.000000" : 0,
            "99.500000" : 0,
            "99.900000" : 0,
            "99.950000" : 0,
            "99.990000" : 0,
            "0.00" : 0,
            "0.00" : 0,
            "0.00" : 0
          }
        },
        "lat_ns" : {
          "min" : 0,
          "max" : 0,
          "mean" : 0.000000,
          "stddev" : 0.000000
        },
        "bw_min" : 0,
        "bw_max" : 0,
        "bw_agg" : 0.000000,
        "bw_mean" : 0.000000,
        "bw_dev" : 0.000000,
        "bw_samples" : 0,
        "iops_min" : 0,
        "iops_max" : 0,
        "iops_mean" : 0.000000,
        "iops_stddev" : 0.000000,
        "iops_samples" : 0
      },
      "write" : {
        "io_bytes" : 11042140160,
        "io_kbytes" : 10783340,
        "bw" : 179704,
        "iops" : 44926.090724,
        "runtime" : 60006,
        "total_ios" : 2695835,
        "short_ios" : 0,
        "drop_ios" : 0,
        "slat_ns" : {
          "min" : 1861,
          "max" : 29568763,
          "mean" : 546037.870163,
          "stddev" : 2712952.456517
        },
        "clat_ns" : {
          "min" : 207360,
          "max" : 54705004,
          "mean" : 10846773.733115,
          "stddev" : 7138595.733989,
          "percentile" : {
            "1.000000" : 2801664,
            "5.000000" : 2899968,
            "10.000000" : 3031040,
            "20.000000" : 3227648,
            "30.000000" : 3489792,
            "40.000000" : 3948544,
            "50.000000" : 13041664,
            "60.000000" : 14876672,
            "70.000000" : 16187392,
            "80.000000" : 17432576,
            "90.000000" : 18743296,
            "95.000000" : 20054016,
            "99.000000" : 29229056,
            "99.500000" : 31326208,
            "99.900000" : 34340864,
            "99.950000" : 35389440,
            "99.990000" : 38010880,
            "0.00" : 0,
            "0.00" : 0,
            "0.00" : 0
          }
        },
        "lat_ns" : {
          "min" : 226115,
          "max" : 54709494,
          "mean" : 11393002.648536,
          "stddev" : 7264990.653718
        },
        "bw_min" : 4472,
        "bw_max" : 7126,
        "bw_agg" : 3.125880,
        "bw_mean" : 5617.330729,
        "bw_dev" : 341.419055,
        "bw_samples" : 3840,
        "iops_min" : 1118,
        "iops_max" : 1781,
        "iops_mean" : 1404.226042,
        "iops_stddev" : 85.364068,
        "iops_samples" : 3840
      },
      "trim" : {
        "io_bytes" : 0,
        "io_kbytes" : 0,
        "bw" : 0,
        "iops" : 0.000000,
        "runtime" : 0,
        "total_ios" : 0,
        "short_ios" : 0,
        "drop_ios" : 0,
        "slat_ns" : {
          "min" : 0,
          "max" : 0,
          "mean" : 0.000000,
          "stddev" : 0.000000
        },
        "clat_ns" : {
          "min" : 0,
          "max" : 0,
          "mean" : 0.000000,
          "stddev" : 0.000000,
          "percentile" : {
            "1.000000" : 0,
            "5.000000" : 0,
            "10.000000" : 0,
            "20.000000" : 0,
            "30.000000" : 0,
            "40.000000" : 0,
            "50.000000" : 0,
            "60.000000" : 0,
            "70.000000" : 0,
            "80.000000" : 0,
            "90.000000" : 0,
            "95.000000" : 0,
            "99.000000" : 0,
            "99.500000" : 0,
            "99.900000" : 0,
            "99.950000" : 0,
            "99.990000" : 0,
            "0.00" : 0,
            "0.00" : 0,
            "0.00" : 0
          }
        },
        "lat_ns" : {
          "min" : 0,
          "max" : 0,
          "mean" : 0.000000,
          "stddev" : 0.000000
        },
        "bw_min" : 0,
        "bw_max" : 0,
        "bw_agg" : 0.000000,
        "bw_mean" : 0.000000,
        "bw_dev" : 0.000000,
        "bw_samples" : 0,
        "iops_min" : 0,
        "iops_max" : 0,
        "iops_mean" : 0.000000,
        "iops_stddev" : 0.000000,
        "iops_samples" : 0
      },
      "usr_cpu" : 0.570852,
      "sys_cpu" : 0.827451,
      "ctx" : 825923,
      "majf" : 0,
      "minf" : 698,
      "iodepth_level" : {
        "1" : 0.100000,
        "2" : 0.100000,
        "4" : 0.100000,
        "8" : 0.100000,
        "16" : 99.982195,
        "32" : 0.000000,
        ">=64" : 0.000000
      },
      "latency_ns" : {
        "2" : 0.000000,
        "4" : 0.000000,
        "10" : 0.000000,
        "20" : 0.000000,
        "50" : 0.000000,
        "100" : 0.000000,
        "250" : 0.000000,
        "500" : 0.000000,
        "750" : 0.000000,
        "1000" : 0.000000
      },
      "latency_us" : {
        "2" : 0.000000,
        "4" : 0.000000,
        "10" : 0.000000,
        "20" : 0.000000,
        "50" : 0.000000,
        "100" : 0.000000,
        "250" : 0.010000,
        "500" : 0.010000,
        "750" : 0.010000,
        "1000" : 0.010000
      },
      "latency_ms" : {
        "2" : 0.010000,
        "4" : 40.793706,
        "10" : 3.275683,
        "20" : 50.623313,
        "50" : 5.305703,
        "100" : 0.010000,
        "250" : 0.000000,
        "500" : 0.000000,
        "750" : 0.000000,
        "1000" : 0.000000,
        "2000" : 0.000000,
        ">=2000" : 0.000000
      },
      "latency_depth" : 16,
      "latency_target" : 0,
      "latency_percentile" : 100.000000,
      "latency_window" : 0
    }
  ],
  "disk_util" : [
    {
      "name" : "sdd",
      "read_ios" : 39,
      "write_ios" : 2689627,
      "read_merges" : 0,
      "write_merges" : 1,
      "read_ticks" : 8,
      "write_ticks" : 9192788,
      "in_queue" : 9194344,
      "util" : 99.971626
    }
  ]
}
