{
  "fio version" : "fio-3.1",
  "timestamp" : 1565001010,
  "timestamp_ms" : 1565001010614,
  "time" : "Mon Aug  5 12:30:10 2019",
  "jobs" : [
    {
      "jobname" : "random-read",
      "groupid" : 0,
      "error" : 0,
      "eta" : 0,
      "elapsed" : 61,
      "job options" : {
        "rw" : "randwrite",
        "bs" : "4k",
        "ioengine" : "libaio",
        "iodepth" : "4",
        "direct" : "1",
        "invalidate" : "1",
        "refill_buffers" : "1",
        "runtime" : "60",
        "numjobs" : "64",
        "group_reporting" : "1",
        "write_bw_log" : "random-read-depth-4",
        "write_lat_log" : "random-read-depth-4",
        "write_iops_log" : "random-read-depth-4",
        "log_avg_msec" : "500",
        "filename" : "/dev/md127"
      },
      "read" : {
        "io_bytes" : 0,
        "io_kbytes" : 0,
        "bw" : 0,
        "iops" : 0.000000,
        "runtime" : 0,
        "total_ios" : 0,
        "short_ios" : 0,
        "drop_ios" : 0,
        "slat_ns" : {
          "min" : 0,
          "max" : 0,
          "mean" : 0.000000,
          "stddev" : 0.000000
        },
        "clat_ns" : {
          "min" : 0,
          "max" : 0,
          "mean" : 0.000000,
          "stddev" : 0.000000,
          "percentile" : {
            "1.000000" : 0,
            "5.000000" : 0,
            "10.000000" : 0,
            "20.000000" : 0,
            "30.000000" : 0,
            "40.000000" : 0,
            "50.000000" : 0,
            "60.000000" : 0,
            "70.000000" : 0,
            "80.000000" : 0,
            "90.000000" : 0,
            "95.000000" : 0,
            "99.000000" : 0,
            "99.500000" : 0,
            "99.900000" : 0,
            "99.950000" : 0,
            "99.990000" : 0,
            "0.00" : 0,
            "0.00" : 0,
            "0.00" : 0
          }
        },
        "lat_ns" : {
          "min" : 0,
          "max" : 0,
          "mean" : 0.000000,
          "stddev" : 0.000000
        },
        "bw_min" : 0,
        "bw_max" : 0,
        "bw_agg" : 0.000000,
        "bw_mean" : 0.000000,
        "bw_dev" : 0.000000,
        "bw_samples" : 0,
        "iops_min" : 0,
        "iops_max" : 0,
        "iops_mean" : 0.000000,
        "iops_stddev" : 0.000000,
        "iops_samples" : 0
      },
      "write" : {
        "io_bytes" : 5135269888,
        "io_kbytes" : 5014912,
        "bw" : 83531,
        "iops" : 20882.936905,
        "runtime" : 60036,
        "total_ios" : 1253728,
        "short_ios" : 0,
        "drop_ios" : 0,
        "slat_ns" : {
          "min" : 2782,
          "max" : 71777252,
          "mean" : 1204576.953525,
          "stddev" : 5097043.057254
        },
        "clat_ns" : {
          "min" : 3203,
          "max" : 104508003,
          "mean" : 11040092.933848,
          "stddev" : 13221041.511977,
          "percentile" : {
            "1.000000" : 62208,
            "5.000000" : 86528,
            "10.000000" : 98816,
            "20.000000" : 146432,
            "30.000000" : 183296,
            "40.000000" : 264192,
            "50.000000" : 4177920,
            "60.000000" : 14614528,
            "70.000000" : 17694720,
            "80.000000" : 19791872,
            "90.000000" : 28180480,
            "95.000000" : 39059456,
            "99.000000" : 49020928,
            "99.500000" : 53215232,
            "99.900000" : 56885248,
            "99.950000" : 61603840,
            "99.990000" : 76021760,
            "0.00" : 0,
            "0.00" : 0,
            "0.00" : 0
          }
        },
        "lat_ns" : {
          "min" : 42052,
          "max" : 104511964,
          "mean" : 12245023.056568,
          "stddev" : 14815885.441905
        },
        "bw_min" : 747,
        "bw_max" : 4416,
        "bw_agg" : 1.569834,
        "bw_mean" : 1311.298346,
        "bw_dev" : 149.219095,
        "bw_samples" : 7679,
        "iops_min" : 186,
        "iops_max" : 1104,
        "iops_mean" : 327.524547,
        "iops_stddev" : 37.273000,
        "iops_samples" : 7679
      },
      "trim" : {
        "io_bytes" : 0,
        "io_kbytes" : 0,
        "bw" : 0,
        "iops" : 0.000000,
        "runtime" : 0,
        "total_ios" : 0,
        "short_ios" : 0,
        "drop_ios" : 0,
        "slat_ns" : {
          "min" : 0,
          "max" : 0,
          "mean" : 0.000000,
          "stddev" : 0.000000
        },
        "clat_ns" : {
          "min" : 0,
          "max" : 0,
          "mean" : 0.000000,
          "stddev" : 0.000000,
          "percentile" : {
            "1.000000" : 0,
            "5.000000" : 0,
            "10.000000" : 0,
            "20.000000" : 0,
            "30.000000" : 0,
            "40.000000" : 0,
            "50.000000" : 0,
            "60.000000" : 0,
            "70.000000" : 0,
            "80.000000" : 0,
            "90.000000" : 0,
            "95.000000" : 0,
            "99.000000" : 0,
            "99.500000" : 0,
            "99.900000" : 0,
            "99.950000" : 0,
            "99.990000" : 0,
            "0.00" : 0,
            "0.00" : 0,
            "0.00" : 0
          }
        },
        "lat_ns" : {
          "min" : 0,
          "max" : 0,
          "mean" : 0.000000,
          "stddev" : 0.000000
        },
        "bw_min" : 0,
        "bw_max" : 0,
        "bw_agg" : 0.000000,
        "bw_mean" : 0.000000,
        "bw_dev" : 0.000000,
        "bw_samples" : 0,
        "iops_min" : 0,
        "iops_max" : 0,
        "iops_mean" : 0.000000,
        "iops_stddev" : 0.000000,
        "iops_samples" : 0
      },
      "usr_cpu" : 0.296176,
      "sys_cpu" : 0.537444,
      "ctx" : 982119,
      "majf" : 0,
      "minf" : 1564,
      "iodepth_level" : {
        "1" : 0.100000,
        "2" : 0.100000,
        "4" : 99.984686,
        "8" : 0.000000,
        "16" : 0.000000,
        "32" : 0.000000,
        ">=64" : 0.000000
      },
      "latency_ns" : {
        "2" : 0.000000,
        "4" : 0.000000,
        "10" : 0.000000,
        "20" : 0.000000,
        "50" : 0.000000,
        "100" : 0.000000,
        "250" : 0.000000,
        "500" : 0.000000,
        "750" : 0.000000,
        "1000" : 0.000000
      },
      "latency_us" : {
        "2" : 0.000000,
        "4" : 0.010000,
        "10" : 0.010000,
        "20" : 0.010000,
        "50" : 0.266565,
        "100" : 10.166160,
        "250" : 28.887047,
        "500" : 7.049535,
        "750" : 0.779675,
        "1000" : 0.335081
      },
      "latency_ms" : {
        "2" : 0.803603,
        "4" : 1.605213,
        "10" : 5.827660,
        "20" : 25.331252,
        "50" : 18.029190,
        "100" : 0.918541,
        "250" : 0.010000,
        "500" : 0.000000,
        "750" : 0.000000,
        "1000" : 0.000000,
        "2000" : 0.000000,
        ">=2000" : 0.000000
      },
      "latency_depth" : 4,
      "latency_target" : 0,
      "latency_percentile" : 100.000000,
      "latency_window" : 0
    }
  ],
  "disk_util" : [
    {
      "name" : "md127",
      "read_ios" : 43,
      "write_ios" : 1248932,
      "read_merges" : 0,
      "write_merges" : 0,
      "read_ticks" : 0,
      "write_ticks" : 0,
      "in_queue" : 0,
      "util" : 0.000000,
      "aggr_read_ios" : 29,
      "aggr_write_ios" : 417909,
      "aggr_read_merges" : 0,
      "aggr_write_merge" : 0,
      "aggr_read_ticks" : 37,
      "aggr_write_ticks" : 3572172,
      "aggr_in_queue" : 3575325,
      "aggr_util" : 74.296236
    },
    {
      "name" : "sdd",
      "read_ios" : 40,
      "write_ios" : 418539,
      "read_merges" : 0,
      "write_merges" : 0,
      "read_ticks" : 20,
      "write_ticks" : 1397348,
      "in_queue" : 1399724,
      "util" : 45.968317
    },
    {
      "name" : "sdb",
      "read_ios" : 30,
      "write_ios" : 417483,
      "read_merges" : 0,
      "write_merges" : 0,
      "read_ticks" : 32,
      "write_ticks" : 4355144,
      "in_queue" : 4357068,
      "util" : 70.194413
    },
    {
      "name" : "sdc",
      "read_ios" : 19,