{
  "fio version" : "fio-3.1",
  "timestamp" : 1565399771,
  "timestamp_ms" : 1565399771619,
  "time" : "Sat Aug 10 03:16:11 2019",
  "jobs" : [
    {
      "jobname" : "random-read",
      "groupid" : 0,
      "error" : 0,
      "eta" : 0,
      "elapsed" : 61,
      "job options" : {
        "rw" : "randwrite",
        "bs" : "4k",
        "ioengine" : "libaio",
        "iodepth" : "64",
        "direct" : "1",
        "invalidate" : "1",
        "refill_buffers" : "1",
        "runtime" : "60",
        "numjobs" : "16",
        "group_reporting" : "1",
        "write_bw_log" : "random-read-depth-64",
        "write_lat_log" : "random-read-depth-64",
        "write_iops_log" : "random-read-depth-64",
        "log_avg_msec" : "500",
        "filename" : "/dev/sda"
      },
      "read" : {
        "io_bytes" : 0,
        "io_kbytes" : 0,
        "bw" : 0,
        "iops" : 0.000000,
        "runtime" : 0,
        "total_ios" : 0,
        "short_ios" : 0,
        "drop_ios" : 0,
        "slat_ns" : {
          "min" : 0,
          "max" : 0,
          "mean" : 0.000000,
          "stddev" : 0.000000
        },
        "clat_ns" : {
          "min" : 0,
          "max" : 0,
          "mean" : 0.000000,
          "stddev" : 0.000000,
          "percentile" : {
            "1.000000" : 0,
            "5.000000" : 0,
            "10.000000" : 0,
            "20.000000" : 0,
            "30.000000" : 0,
            "40.000000" : 0,
            "50.000000" : 0,
            "60.000000" : 0,
            "70.000000" : 0,
            "80.000000" : 0,
            "90.000000" : 0,
            "95.000000" : 0,
            "99.000000" : 0,
            "99.500000" : 0,
            "99.900000" : 0,
            "99.950000" : 0,
            "99.990000" : 0,
            "0.00" : 0,
            "0.00" : 0,
            "0.00" : 0
          }
        },
        "lat_ns" : {
          "min" : 0,
          "max" : 0,
          "mean" : 0.000000,
          "stddev" : 0.000000
        },
        "bw_min" : 0,
        "bw_max" : 0,
        "bw_agg" : 0.000000,
        "bw_mean" : 0.000000,
        "bw_dev" : 0.000000,
        "bw_samples" : 0,
        "iops_min" : 0,
        "iops_max" : 0,
        "iops_mean" : 0.000000,
        "iops_stddev" : 0.000000,
        "iops_samples" : 0
      },
      "write" : {
        "io_bytes" : 15875170304,
        "io_kbytes" : 15503096,
        "bw" : 258328,
        "iops" : 64582.240515,
        "runtime" : 60013,
        "total_ios" : 3875774,
        "short_ios" : 0,
        "drop_ios" : 0,
        "slat_ns" : {
          "min" : 3357,
          "max" : 31192047,
          "mean" : 229769.351410,
          "stddev" : 1128780.726250
        },
        "clat_ns" : {
          "min" : 11313,
          "max" : 69739812,
          "mean" : 15590663.757601,
          "stddev" : 6986622.391629,
          "percentile" : {
            "1.000000" : 4554752,
            "5.000000" : 7241728,
            "10.000000" : 8224768,
            "20.000000" : 9502720,
            "30.000000" : 10944512,
            "40.000000" : 12517376,
            "50.000000" : 14221312,
            "60.000000" : 16056320,
            "70.000000" : 18219008,
            "80.000000" : 21102592,
            "90.000000" : 25296896,
            "95.000000" : 28704768,
            "99.000000" : 36962304,
            "99.500000" : 40108032,
            "99.900000" : 46923776,
            "99.950000" : 50069504,
            "99.990000" : 54788096,
            "0.00" : 0,
            "0.00" : 0,
            "0.00" : 0
          }
        },
        "lat_ns" : {
          "min" : 398186,
          "max" : 69750396,
          "mean" : 15823035.034580,
          "stddev" : 7112258.467584
        },
        "bw_min" : 11683,
        "bw_max" : 25808,
        "bw_agg" : 6.282373,
        "bw_mean" : 16229.128259,
        "bw_dev" : 1642.311717,
        "bw_samples" : 1918,
        "iops_min" : 2920,
        "iops_max" : 6452,
        "iops_mean" : 4057.010428,
        "iops_stddev" : 410.576942,
        "iops_samples" : 1918
      },
      "trim" : {
        "io_bytes" : 0,
        "io_kbytes" : 0,
        "bw" : 0,
        "iops" : 0.000000,
        "runtime" : 0,
        "total_ios" : 0,
        "short_ios" : 0,
        "drop_ios" : 0,
        "slat_ns" : {
          "min" : 0,
          "max" : 0,
          "mean" : 0.000000,
          "stddev" : 0.000000
        },
        "clat_ns" : {
          "min" : 0,
          "max" : 0,
          "mean" : 0.000000,
          "stddev" : 0.000000,
          "percentile" : {
            "1.000000" : 0,
            "5.000000" : 0,
            "10.000000" : 0,
            "20.000000" : 0,
            "30.000000" : 0,
            "40.000000" : 0,
            "50.000000" : 0,
            "60.000000" : 0,
            "70.000000" : 0,
            "80.000000" : 0,
            "90.000000" : 0,
            "95.000000" : 0,
            "99.000000" : 0,
            "99.500000" : 0,
            "99.900000" : 0,
            "99.950000" : 0,
            "99.990000" : 0,
            "0.00" : 0,
            "0.00" : 0,
            "0.00" : 0
          }
        },
        "lat_ns" : {
          "min" : 0,
          "max" : 0,
          "mean" : 0.000000,
          "stddev" : 0.000000
        },
        "bw_min" : 0,
        "bw_max" : 0,
        "bw_agg" : 0.000000,
        "bw_mean" : 0.000000,
        "bw_dev" : 0.000000,
        "bw_samples" : 0,
        "iops_min" : 0,
        "iops_max" : 0,
        "iops_mean" : 0.000000,
        "iops_stddev" : 0.000000,
        "iops_samples" : 0
      },
      "usr_cpu" : 2.111398,
      "sys_cpu" : 7.950733,
      "ctx" : 192434,
      "majf" : 0,
      "minf" : 651,
      "iodepth_level" : {
        "1" : 0.100000,
        "2" : 0.100000,
        "4" : 0.100000,
        "8" : 0.100000,
        "16" : 0.100000,
        "32" : 0.100000,
        ">=64" : 99.973992
      },
      "latency_ns" : {
        "2" : 0.000000,
        "4" : 0.000000,
        "10" : 0.000000,
        "20" : 0.000000,
        "50" : 0.000000,
        "100" : 0.000000,
        "250" : 0.000000,
        "500" : 0.000000,
        "750" : 0.000000,
        "1000" : 0.000000
      },
      "latency_us" : {
        "2" : 0.000000,
        "4" : 0.000000,
        "10" : 0.000000,
        "20" : 0.010000,
        "50" : 0.010000,
        "100" : 0.000000,
        "250" : 0.000000,
        "500" : 0.010000,
        "750" : 0.012720,
        "1000" : 0.047758
      },
      "latency_ms" : {
        "2" : 0.095671,
        "4" : 0.328502,
        "10" : 22.848107,
        "20" : 53.241675,
        "50" : 23.376002,
        "100" : 0.049435,
        "250" : 0.000000,
        "500" : 0.000000,
        "750" : 0.000000,
        "1000" : 0.000000,
        "2000" : 0.000000,
        ">=2000" : 0.000000
      },
      "latency_depth" : 64,
      "latency_target" : 0,
      "latency_percentile" : 100.000000,
      "latency_window" : 0
    }
  ],
  "disk_util" : [
    {
      "name" : "sda",
      "read_ios" : 86,
      "write_ios" : 3872849,
      "read_merges" : 0,
      "write_merges" : 8,
      "read_ticks" : 15,
      "write_ticks" : 9484779,
      "in_queue" : 9585799,
      "util" : 99.860433
    }
  ]
}
