{
  "fio version" : "fio-3.1",
  "timestamp" : 1565375494,
  "timestamp_ms" : 1565375494022,
  "time" : "Fri Aug  9 20:31:34 2019",
  "jobs" : [
    {
      "jobname" : "random-read",
      "groupid" : 0,
      "error" : 0,
      "eta" : 0,
      "elapsed" : 61,
      "job options" : {
        "rw" : "randread",
        "bs" : "4k",
        "ioengine" : "libaio",
        "iodepth" : "2",
        "direct" : "1",
        "invalidate" : "1",
        "refill_buffers" : "1",
        "runtime" : "60",
        "numjobs" : "32",
        "group_reporting" : "1",
        "write_bw_log" : "random-read-depth-2",
        "write_lat_log" : "random-read-depth-2",
        "write_iops_log" : "random-read-depth-2",
        "log_avg_msec" : "500",
        "filename" : "/dev/sdh"
      },
      "read" : {
        "io_bytes" : 16048484352,
        "io_kbytes" : 15672348,
        "bw" : 261197,
        "iops" : 65299.273358,
        "runtime" : 60002,
        "total_ios" : 3918087,
        "short_ios" : 0,
        "drop_ios" : 0,
        "slat_ns" : {
          "min" : 2585,
          "max" : 2923996,
          "mean" : 21394.701755,
          "stddev" : 18620.935134
        },
        "clat_ns" : {
          "min" : 8706,
          "max" : 4180154,
          "mean" : 952832.122112,
          "stddev" : 56124.838586,
          "percentile" : {
            "1.000000" : 839680,
            "5.000000" : 888832,
            "10.000000" : 905216,
            "20.000000" : 921600,
            "30.000000" : 929792,
            "40.000000" : 937984,
            "50.000000" : 946176,
            "60.000000" : 954368,
            "70.000000" : 962560,
            "80.000000" : 970752,
            "90.000000" : 1011712,
            "95.000000" : 1044480,
            "99.000000" : 1089536,
            "99.500000" : 1302528,
            "99.900000" : 1417216,
            "99.950000" : 1449984,
            "99.990000" : 1564672,
            "0.00" : 0,
            "0.00" : 0,
            "0.00" : 0
          }
        },
        "lat_ns" : {
          "min" : 93115,
          "max" : 4190601,
          "mean" : 974842.669843,
          "stddev" : 55231.040911
        },
        "bw_min" : 7887,
        "bw_max" : 8792,
        "bw_agg" : 3.145019,
        "bw_mean" : 8214.695822,
        "bw_dev" : 63.718135,
        "bw_samples" : 3830,
        "iops_min" : 1971,
        "iops_max" : 2198,
        "iops_mean" : 2053.378590,
        "iops_stddev" : 15.825596,
        "iops_samples" : 3830
      },
      "write" : {
        "io_bytes" : 0,
        "io_kbytes" : 0,
        "bw" : 0,
        "iops" : 0.000000,
        "runtime" : 0,
        "total_ios" : 0,
        "short_ios" : 0,
        "drop_ios" : 0,
        "slat_ns" : {
          "min" : 0,
          "max" : 0,
          "mean" : 0.000000,
          "stddev" : 0.000000
        },
        "clat_ns" : {
          "min" : 0,
          "max" : 0,
          "mean" : 0.000000,
          "stddev" : 0.000000,
          "percentile" : {
            "1.000000" : 0,
            "5.000000" : 0,
            "10.000000" : 0,
            "20.000000" : 0,
            "30.000000" : 0,
            "40.000000" : 0,
            "50.000000" : 0,
            "60.000000" : 0,
            "70.000000" : 0,
            "80.000000" : 0,
            "90.000000" : 0,
            "95.000000" : 0,
            "99.000000" : 0,
            "99.500000" : 0,
            "99.900000" : 0,
            "99.950000" : 0,
            "99.990000" : 0,
            "0.00" : 0,
            "0.00" : 0,
            "0.00" : 0
          }
        },
        "lat_ns" : {
          "min" : 0,
          "max" : 0,
          "mean" : 0.000000,
          "stddev" : 0.000000
        },
        "bw_min" : 0,
        "bw_max" : 0,
        "bw_agg" : 0.000000,
        "bw_mean" : 0.000000,
        "bw_dev" : 0.000000,
        "bw_samples" : 0,
        "iops_min" : 0,
        "iops_max" : 0,
        "iops_mean" : 0.000000,
        "iops_stddev" : 0.000000,
        "iops_samples" : 0
      },
      "trim" : {
        "io_bytes" : 0,
        "io_kbytes" : 0,
        "bw" : 0,
        "iops" : 0.000000,
        "runtime" : 0,
        "total_ios" : 0,
        "short_ios" : 0,
        "drop_ios" : 0,
        "slat_ns" : {
          "min" : 0,
          "max" : 0,
          "mean" : 0.000000,
          "stddev" : 0.000000
        },
        "clat_ns" : {
          "min" : 0,
          "max" : 0,
          "mean" : 0.000000,
          "stddev" : 0.000000,
          "percentile" : {
            "1.000000" : 0,
            "5.000000" : 0,
            "10.000000" : 0,
            "20.000000" : 0,
            "30.000000" : 0,
            "40.000000" : 0,
            "50.000000" : 0,
            "60.000000" : 0,
            "70.000000" : 0,
            "80.000000" : 0,
            "90.000000" : 0,
            "95.000000" : 0,
            "99.000000" : 0,
            "99.500000" : 0,
            "99.900000" : 0,
            "99.950000" : 0,
            "99.990000" : 0,
            "0.00" : 0,
            "0.00" : 0,
            "0.00" : 0
          }
        },
        "lat_ns" : {
          "min" : 0,
          "max" : 0,
          "mean" : 0.000000,
          "stddev" : 0.000000
        },
        "bw_min" : 0,
        "bw_max" : 0,
        "bw_agg" : 0.000000,
        "bw_mean" : 0.000000,
        "bw_dev" : 0.000000,
        "bw_samples" : 0,
        "iops_min" : 0,
        "iops_max" : 0,
        "iops_mean" : 0.000000,
        "iops_stddev" : 0.000000,
        "iops_samples" : 0
      },
      "usr_cpu" : 2.823332,
      "sys_cpu" : 8.474475,
      "ctx" : 3407655,
      "majf" : 0,
      "minf" : 167727,
      "iodepth_level" : {
        "1" : 0.100000,
        "2" : 99.999183,
        "4" : 0.000000,
        "8" : 0.000000,
        "16" : 0.000000,
        "32" : 0.000000,
        ">=64" : 0.000000
      },
      "latency_ns" : {
        "2" : 0.000000,
        "4" : 0.000000,
        "10" : 0.000000,
        "20" : 0.000000,
        "50" : 0.000000,
        "100" : 0.000000,
        "250" : 0.000000,
        "500" : 0.000000,
        "750" : 0.000000,
        "1000" : 0.000000
      },
      "latency_us" : {
        "2" : 0.000000,
        "4" : 0.000000,
        "10" : 0.010000,
        "20" : 0.000000,
        "50" : 0.010000,
        "100" : 0.010000,
        "250" : 0.010000,
        "500" : 0.010000,
        "750" : 0.040377,
        "1000" : 88.483053
      },
      "latency_ms" : {
        "2" : 11.457352,
        "4" : 0.010000,
        "10" : 0.010000,
        "20" : 0.000000,
        "50" : 0.000000,
        "100" : 0.000000,
        "250" : 0.000000,
        "500" : 0.000000,
        "750" : 0.000000,
        "1000" : 0.000000,
        "2000" : 0.000000,
        ">=2000" : 0.000000
      },
      "latency_depth" : 2,
      "latency_target" : 0,
      "latency_percentile" : 100.000000,
      "latency_window" : 0
    }
  ],
  "disk_util" : [
    {
      "name" : "sdh",
      "read_ios" : 3907378,
      "write_ios" : 0,
      "read_merges" : 4,
      "write_merges" : 0,
      "read_ticks" : 3642444,
      "write_ticks" : 0,
      "in_queue" : 3684796,
      "util" : 100.000000
    }
  ]
}
