{
  "fio version" : "fio-3.1",
  "timestamp" : 1568396416,
  "timestamp_ms" : 1568396416340,
  "time" : "Fri Sep 13 19:40:16 2019",
  "jobs" : [
    {
      "jobname" : "random-read",
      "groupid" : 0,
      "error" : 0,
      "eta" : 0,
      "elapsed" : 62,
      "job options" : {
        "rw" : "randwrite",
        "bs" : "4k",
        "ioengine" : "libaio",
        "iodepth" : "2",
        "direct" : "1",
        "invalidate" : "1",
        "refill_buffers" : "1",
        "runtime" : "60",
        "numjobs" : "32",
        "group_reporting" : "1",
        "write_bw_log" : "random-read-depth-2",
        "write_lat_log" : "random-read-depth-2",
        "write_iops_log" : "random-read-depth-2",
        "log_avg_msec" : "500",
        "filename" : "/dev/sdb"
      },
      "read" : {
        "io_bytes" : 0,
        "io_kbytes" : 0,
        "bw" : 0,
        "iops" : 0.000000,
        "runtime" : 0,
        "total_ios" : 0,
        "short_ios" : 0,
        "drop_ios" : 0,
        "slat_ns" : {
          "min" : 0,
          "max" : 0,
          "mean" : 0.000000,
          "stddev" : 0.000000
        },
        "clat_ns" : {
          "min" : 0,
          "max" : 0,
          "mean" : 0.000000,
          "stddev" : 0.000000,
          "percentile" : {
            "1.000000" : 0,
            "5.000000" : 0,
            "10.000000" : 0,
            "20.000000" : 0,
            "30.000000" : 0,
            "40.000000" : 0,
            "50.000000" : 0,
            "60.000000" : 0,
            "70.000000" : 0,
            "80.000000" : 0,
            "90.000000" : 0,
            "95.000000" : 0,
            "99.000000" : 0,
            "99.500000" : 0,
            "99.900000" : 0,
            "99.950000" : 0,
            "99.990000" : 0,
            "0.00" : 0,
            "0.00" : 0,
            "0.00" : 0
          }
        },
        "lat_ns" : {
          "min" : 0,
          "max" : 0,
          "mean" : 0.000000,
          "stddev" : 0.000000
        },
        "bw_min" : 0,
        "bw_max" : 0,
        "bw_agg" : 0.000000,
        "bw_mean" : 0.000000,
        "bw_dev" : 0.000000,
        "bw_samples" : 0,
        "iops_min" : 0,
        "iops_max" : 0,
        "iops_mean" : 0.000000,
        "iops_stddev" : 0.000000,
        "iops_samples" : 0
      },
      "write" : {
        "io_bytes" : 11709427712,
        "io_kbytes" : 11434988,
        "bw" : 190557,
        "iops" : 47639.431409,
        "runtime" : 60008,
        "total_ios" : 2858747,
        "short_ios" : 0,
        "drop_ios" : 0,
        "slat_ns" : {
          "min" : 3668,
          "max" : 2872457,
          "mean" : 22042.942679,
          "stddev" : 17050.615701
        },
        "clat_ns" : {
          "min" : 2349,
          "max" : 200741506,
          "mean" : 1315607.342370,
          "stddev" : 6074394.033481,
          "percentile" : {
            "1.000000" : 276480,
            "5.000000" : 305152,
            "10.000000" : 325632,
            "20.000000" : 362496,
            "30.000000" : 387072,
            "40.000000" : 399360,
            "50.000000" : 411648,
            "60.000000" : 423936,
            "70.000000" : 436224,
            "80.000000" : 460800,
            "90.000000" : 569344,
            "95.000000" : 839680,
            "99.000000" : 30801920,
            "99.500000" : 39059456,
            "99.900000" : 96993280,
            "99.950000" : 109576192,
            "99.990000" : 126353408,
            "0.00" : 0,
            "0.00" : 0,
            "0.00" : 0
          }
        },
        "lat_ns" : {
          "min" : 55199,
          "max" : 200772969,
          "mean" : 1338139.689608,
          "stddev" : 6074568.454114
        },
        "bw_min" : 1295,
        "bw_max" : 13688,
        "bw_agg" : 3.159951,
        "bw_mean" : 6021.507813,
        "bw_dev" : 1708.747174,
        "bw_samples" : 3840,
        "iops_min" : 323,
        "iops_max" : 3422,
        "iops_mean" : 1505.044010,
        "iops_stddev" : 427.193179,
        "iops_samples" : 3840
      },
      "trim" : {
        "io_bytes" : 0,
        "io_kbytes" : 0,
        "bw" : 0,
        "iops" : 0.000000,
        "runtime" : 0,
        "total_ios" : 0,
        "short_ios" : 0,
        "drop_ios" : 0,
        "slat_ns" : {
          "min" : 0,
          "max" : 0,
          "mean" : 0.000000,
          "stddev" : 0.000000
        },
        "clat_ns" : {
          "min" : 0,
          "max" : 0,
          "mean" : 0.000000,
          "stddev" : 0.000000,
          "percentile" : {
            "1.000000" : 0,
            "5.000000" : 0,
            "10.000000" : 0,
            "20.000000" : 0,
            "30.000000" : 0,
            "40.000000" : 0,
            "50.000000" : 0,
            "60.000000" : 0,
            "70.000000" : 0,
            "80.000000" : 0,
            "90.000000" : 0,
            "95.000000" : 0,
            "99.000000" : 0,
            "99.500000" : 0,
            "99.900000" : 0,
            "99.950000" : 0,
            "99.990000" : 0,
            "0.00" : 0,
            "0.00" : 0,
            "0.00" : 0
          }
        },
        "lat_ns" : {
          "min" : 0,
          "max" : 0,
          "mean" : 0.000000,
          "stddev" : 0.000000
        },
        "bw_min" : 0,
        "bw_max" : 0,
        "bw_agg" : 0.000000,
        "bw_mean" : 0.000000,
        "bw_dev" : 0.000000,
        "bw_samples" : 0,
        "iops_min" : 0,
        "iops_max" : 0,
        "iops_mean" : 0.000000,
        "iops_stddev" : 0.000000,
        "iops_samples" : 0
      },
      "usr_cpu" : 1.757420,
      "sys_cpu" : 5.670224,
      "ctx" : 2040019,
      "majf" : 0,
      "minf" : 158646,
      "iodepth_level" : {
        "1" : 0.100000,
        "2" : 99.998881,
        "4" : 0.000000,
        "8" : 0.000000,
        "16" : 0.000000,
        "32" : 0.000000,
        ">=64" : 0.000000
      },
      "latency_ns" : {
        "2" : 0.000000,
        "4" : 0.000000,
        "10" : 0.000000,
        "20" : 0.000000,
        "50" : 0.000000,
        "100" : 0.000000,
        "250" : 0.000000,
        "500" : 0.000000,
        "750" : 0.000000,
        "1000" : 0.000000
      },
      "latency_us" : {
        "2" : 0.000000,
        "4" : 0.010000,
        "10" : 0.010000,
        "20" : 0.010000,
        "50" : 0.010000,
        "100" : 0.010000,
        "250" : 0.193476,
        "500" : 83.928483,
        "750" : 10.011344,
        "1000" : 1.646386
      },
      "latency_ms" : {
        "2" : 0.947303,
        "4" : 0.182038,
        "10" : 0.236572,
        "20" : 0.763971,
        "50" : 1.864488,
        "100" : 0.134290,
        "250" : 0.089025,
        "500" : 0.000000,
        "750" : 0.000000,
        "1000" : 0.000000,
        "2000" : 0.000000,
        ">=2000" : 0.000000
      },
      "latency_depth" : 2,
      "latency_target" : 0,
      "latency_percentile" : 100.000000,
      "latency_window" : 0
    }
  ],
  "disk_util" : [
    {
      "name" : "sdb",
      "read_ios" : 45,
      "write_ios" : 2850669,
      "read_merges" : 0,
      "write_merges" : 0,
      "read_ticks" : 24,
      "write_ticks" : 3678256,
      "in_queue" : 3689368,
      "util" : 100.000000
    }
  ]
}
