{
  "fio version" : "fio-3.1",
  "timestamp" : 1574476385,
  "timestamp_ms" : 1574476385754,
  "time" : "Sat Nov 23 03:33:05 2019",
  "jobs" : [
    {
      "jobname" : "iotest",
      "groupid" : 0,
      "error" : 0,
      "eta" : 0,
      "elapsed" : 301,
      "job options" : {
        "rw" : "randread",
        "bs" : "4k",
        "ioengine" : "libaio",
        "iodepth" : "32",
        "direct" : "1",
        "invalidate" : "1",
        "refill_buffers" : "1",
        "runtime" : "300",
        "numjobs" : "2",
        "group_reporting" : "1",
        "write_bw_log" : "randread-iodepth-32-numjobs-2",
        "write_lat_log" : "randread-iodepth-32-numjobs-2",
        "write_iops_log" : "randread-iodepth-32-numjobs-2",
        "log_avg_msec" : "1000",
        "filename" : "/dev/sdc"
      },
      "read" : {
        "io_bytes" : 67341164544,
        "io_kbytes" : 65762856,
        "bw" : 219208,
        "iops" : 54802.014653,
        "runtime" : 300002,
        "total_ios" : 16440714,
        "short_ios" : 0,
        "drop_ios" : 0,
        "slat_ns" : {
          "min" : 2639,
          "max" : 471292,
          "mean" : 6757.938962,
          "stddev" : 3458.654392
        },
        "clat_ns" : {
          "min" : 238744,
          "max" : 3873237,
          "mean" : 1159287.493705,
          "stddev" : 131480.341593,
          "percentile" : {
            "1.000000" : 913408,
            "5.000000" : 987136,
            "10.000000" : 1019904,
            "20.000000" : 1056768,
            "30.000000" : 1089536,
            "40.000000" : 1122304,
            "50.000000" : 1138688,
            "60.000000" : 1171456,
            "70.000000" : 1204224,
            "80.000000" : 1236992,
            "90.000000" : 1318912,
            "95.000000" : 1400832,
            "99.000000" : 1564672,
            "99.500000" : 1630208,
            "99.900000" : 1810432,
            "99.950000" : 1941504,
            "99.990000" : 2703360,
            "0.00" : 0,
            "0.00" : 0,
            "0.00" : 0
          }
        },
        "lat_ns" : {
          "min" : 242601,
          "max" : 3878891,
          "mean" : 1166295.699066,
          "stddev" : 131335.779031
        },
        "bw_min" : 102621,
        "bw_max" : 116244,
        "bw_agg" : 50.041084,
        "bw_mean" : 109694.058333,
        "bw_dev" : 3242.873281,
        "bw_samples" : 600,
        "iops_min" : 25655,
        "iops_max" : 29061,
        "iops_mean" : 27423.371667,
        "iops_stddev" : 810.836570,
        "iops_samples" : 600
      },
      "write" : {
        "io_bytes" : 0,
        "io_kbytes" : 0,
        "bw" : 0,
        "iops" : 0.000000,
        "runtime" : 0,
        "total_ios" : 0,
        "short_ios" : 0,
        "drop_ios" : 0,
        "slat_ns" : {
          "min" : 0,
          "max" : 0,
          "mean" : 0.000000,
          "stddev" : 0.000000
        },
        "clat_ns" : {
          "min" : 0,
          "max" : 0,
          "mean" : 0.000000,
          "stddev" : 0.000000,
          "percentile" : {
            "1.000000" : 0,
            "5.000000" : 0,
            "10.000000" : 0,
            "20.000000" : 0,
            "30.000000" : 0,
            "40.000000" : 0,
            "50.000000" : 0,
            "60.000000" : 0,
            "70.000000" : 0,
            "80.000000" : 0,
            "90.000000" : 0,
            "95.000000" : 0,
            "99.000000" : 0,
            "99.500000" : 0,
            "99.900000" : 0,
            "99.950000" : 0,
            "99.990000" : 0,
            "0.00" : 0,
            "0.00" : 0,
            "0.00" : 0
          }
        },
        "lat_ns" : {
          "min" : 0,
          "max" : 0,
          "mean" : 0.000000,
          "stddev" : 0.000000
        },
        "bw_min" : 0,
        "bw_max" : 0,
        "bw_agg" : 0.000000,
        "bw_mean" : 0.000000,
        "bw_dev" : 0.000000,
        "bw_samples" : 0,
        "iops_min" : 0,
        "iops_max" : 0,
        "iops_mean" : 0.000000,
        "iops_stddev" : 0.000000,
        "iops_samples" : 0
      },
      "trim" : {
        "io_bytes" : 0,
        "io_kbytes" : 0,
        "bw" : 0,
        "iops" : 0.000000,
        "runtime" : 0,
        "total_ios" : 0,
        "short_ios" : 0,
        "drop_ios" : 0,
        "slat_ns" : {
          "min" : 0,
          "max" : 0,
          "mean" : 0.000000,
          "stddev" : 0.000000
        },
        "clat_ns" : {
          "min" : 0,
          "max" : 0,
          "mean" : 0.000000,
          "stddev" : 0.000000,
          "percentile" : {
            "1.000000" : 0,
            "5.000000" : 0,
            "10.000000" : 0,
            "20.000000" : 0,
            "30.000000" : 0,
            "40.000000" : 0,
            "50.000000" : 0,
            "60.000000" : 0,
            "70.000000" : 0,
            "80.000000" : 0,
            "90.000000" : 0,
            "95.000000" : 0,
            "99.000000" : 0,
            "99.500000" : 0,
            "99.900000" : 0,
            "99.950000" : 0,
            "99.990000" : 0,
            "0.00" : 0,
            "0.00" : 0,
            "0.00" : 0
          }
        },
        "lat_ns" : {
          "min" : 0,
          "max" : 0,
          "mean" : 0.000000,
          "stddev" : 0.000000
        },
        "bw_min" : 0,
        "bw_max" : 0,
        "bw_agg" : 0.000000,
        "bw_mean" : 0.000000,
        "bw_dev" : 0.000000,
        "bw_samples" : 0,
        "iops_min" : 0,
        "iops_max" : 0,
        "iops_mean" : 0.000000,
        "iops_stddev" : 0.000000,
        "iops_samples" : 0
      },
      "usr_cpu" : 10.964982,
      "sys_cpu" : 24.486959,
      "ctx" : 5048585,
      "majf" : 0,
      "minf" : 4071,
      "iodepth_level" : {
        "1" : 0.100000,
        "2" : 0.100000,
        "4" : 0.100000,
        "8" : 0.100000,
        "16" : 0.100000,
        "32" : 99.999623,
        ">=64" : 0.000000
      },
      "latency_ns" : {
        "2" : 0.000000,
        "4" : 0.000000,
        "10" : 0.000000,
        "20" : 0.000000,
        "50" : 0.000000,
        "100" : 0.000000,
        "250" : 0.000000,
        "500" : 0.000000,
        "750" : 0.000000,
        "1000" : 0.000000
      },
      "latency_us" : {
        "2" : 0.000000,
        "4" : 0.000000,
        "10" : 0.000000,
        "20" : 0.000000,
        "50" : 0.000000,
        "100" : 0.000000,
        "250" : 0.010000,
        "500" : 0.010000,
        "750" : 0.053191,
        "1000" : 6.709940
      },
      "latency_ms" : {
        "2" : 93.195721,
        "4" : 0.036434,
        "10" : 0.000000,
        "20" : 0.000000,
        "50" : 0.000000,
        "100" : 0.000000,
        "250" : 0.000000,
        "500" : 0.000000,
        "750" : 0.000000,
        "1000" : 0.000000,
        "2000" : 0.000000,
        ">=2000" : 0.000000
      },
      "latency_depth" : 32,
      "latency_target" : 0,
      "latency_percentile" : 100.000000,
      "latency_window" : 0
    }
  ],
  "disk_util" : [
    {
      "name" : "sdc",
      "read_ios" : 16430149,
      "write_ios" : 0,
      "read_merges" : 0,
      "write_merges" : 0,
      "read_ticks" : 18653644,
      "write_ticks" : 0,
      "in_queue" : 18652736,
      "util" : 100.000000
    }
  ]
}
