{
  "fio version" : "fio-3.1",
  "timestamp" : 1574479693,
  "timestamp_ms" : 1574479693292,
  "time" : "Sat Nov 23 04:28:13 2019",
  "jobs" : [
    {
      "jobname" : "iotest",
      "groupid" : 0,
      "error" : 0,
      "eta" : 0,
      "elapsed" : 301,
      "job options" : {
        "rw" : "randread",
        "bs" : "4k",
        "ioengine" : "libaio",
        "iodepth" : "64",
        "direct" : "1",
        "invalidate" : "1",
        "refill_buffers" : "1",
        "runtime" : "300",
        "numjobs" : "32",
        "group_reporting" : "1",
        "write_bw_log" : "randread-iodepth-64-numjobs-32",
        "write_lat_log" : "randread-iodepth-64-numjobs-32",
        "write_iops_log" : "randread-iodepth-64-numjobs-32",
        "log_avg_msec" : "1000",
        "filename" : "/dev/sdc"
      },
      "read" : {
        "io_bytes" : 70483988480,
        "io_kbytes" : 68832020,
        "bw" : 229434,
        "iops" : 57358.678298,
        "runtime" : 300007,
        "total_ios" : 17208005,
        "short_ios" : 0,
        "drop_ios" : 0,
        "slat_ns" : {
          "min" : 2646,
          "max" : 18686521,
          "mean" : 555738.273964,
          "stddev" : 1958531.285442
        },
        "clat_ns" : {
          "min" : 2022582,
          "max" : 82037566,
          "mean" : 35144947.172841,
          "stddev" : 7897945.940680,
          "percentile" : {
            "1.000000" : 15794176,
            "5.000000" : 21889024,
            "10.000000" : 24248320,
            "20.000000" : 28442624,
            "30.000000" : 30801920,
            "40.000000" : 33423360,
            "50.000000" : 35389440,
            "60.000000" : 37486592,
            "70.000000" : 39583744,
            "80.000000" : 42205184,
            "90.000000" : 45350912,
            "95.000000" : 47448064,
            "99.000000" : 52166656,
            "99.500000" : 53739520,
            "99.900000" : 57409536,
            "99.950000" : 58982400,
            "99.990000" : 62128128,
            "0.00" : 0,
            "0.00" : 0,
            "0.00" : 0
          }
        },
        "lat_ns" : {
          "min" : 2321095,
          "max" : 82046195,
          "mean" : 35700894.845719,
          "stddev" : 7924741.980058
        },
        "bw_min" : 5919,
        "bw_max" : 8377,
        "bw_agg" : 3.135229,
        "bw_mean" : 7193.282187,
        "bw_dev" : 311.741229,
        "bw_samples" : 9600,
        "iops_min" : 1479,
        "iops_max" : 2094,
        "iops_mean" : 1798.031771,
        "iops_stddev" : 77.958152,
        "iops_samples" : 9600
      },
      "write" : {
        "io_bytes" : 0,
        "io_kbytes" : 0,
        "bw" : 0,
        "iops" : 0.000000,
        "runtime" : 0,
        "total_ios" : 0,
        "short_ios" : 0,
        "drop_ios" : 0,
        "slat_ns" : {
          "min" : 0,
          "max" : 0,
          "mean" : 0.000000,
          "stddev" : 0.000000
        },
        "clat_ns" : {
          "min" : 0,
          "max" : 0,
          "mean" : 0.000000,
          "stddev" : 0.000000,
          "percentile" : {
            "1.000000" : 0,
            "5.000000" : 0,
            "10.000000" : 0,
            "20.000000" : 0,
            "30.000000" : 0,
            "40.000000" : 0,
            "50.000000" : 0,
            "60.000000" : 0,
            "70.000000" : 0,
            "80.000000" : 0,
            "90.000000" : 0,
            "95.000000" : 0,
            "99.000000" : 0,
            "99.500000" : 0,
            "99.900000" : 0,
            "99.950000" : 0,
            "99.990000" : 0,
            "0.00" : 0,
            "0.00" : 0,
            "0.00" : 0
          }
        },
        "lat_ns" : {
          "min" : 0,
          "max" : 0,
          "mean" : 0.000000,
          "stddev" : 0.000000
        },
        "bw_min" : 0,
        "bw_max" : 0,
        "bw_agg" : 0.000000,
        "bw_mean" : 0.000000,
        "bw_dev" : 0.000000,
        "bw_samples" : 0,
        "iops_min" : 0,
        "iops_max" : 0,
        "iops_mean" : 0.000000,
        "iops_stddev" : 0.000000,
        "iops_samples" : 0
      },
      "trim" : {
        "io_bytes" : 0,
        "io_kbytes" : 0,
        "bw" : 0,
        "iops" : 0.000000,
        "runtime" : 0,
        "total_ios" : 0,
        "short_ios" : 0,
        "drop_ios" : 0,
        "slat_ns" : {
          "min" : 0,
          "max" : 0,
          "mean" : 0.000000,
          "stddev" : 0.000000
        },
        "clat_ns" : {
          "min" : 0,
          "max" : 0,
          "mean" : 0.000000,
          "stddev" : 0.000000,
          "percentile" : {
            "1.000000" : 0,
            "5.000000" : 0,
            "10.000000" : 0,
            "20.000000" : 0,
            "30.000000" : 0,
            "40.000000" : 0,
            "50.000000" : 0,
            "60.000000" : 0,
            "70.000000" : 0,
            "80.000000" : 0,
            "90.000000" : 0,
            "95.000000" : 0,
            "99.000000" : 0,
            "99.500000" : 0,
            "99.900000" : 0,
            "99.950000" : 0,
            "99.990000" : 0,
            "0.00" : 0,
            "0.00" : 0,
            "0.00" : 0
          }
        },
        "lat_ns" : {
          "min" : 0,
          "max" : 0,
          "mean" : 0.000000,
          "stddev" : 0.000000
        },
        "bw_min" : 0,
        "bw_max" : 0,
        "bw_agg" : 0.000000,
        "bw_mean" : 0.000000,
        "bw_dev" : 0.000000,
        "bw_samples" : 0,
        "iops_min" : 0,
        "iops_max" : 0,
        "iops_mean" : 0.000000,
        "iops_stddev" : 0.000000,
        "iops_samples" : 0
      },
      "usr_cpu" : 0.411205,
      "sys_cpu" : 1.319770,
      "ctx" : 1293324,
      "majf" : 0,
      "minf" : 71114,
      "iodepth_level" : {
        "1" : 0.100000,
        "2" : 0.100000,
        "4" : 0.100000,
        "8" : 0.100000,
        "16" : 0.100000,
        "32" : 0.100000,
        ">=64" : 99.988285
      },
      "latency_ns" : {
        "2" : 0.000000,
        "4" : 0.000000,
        "10" : 0.000000,
        "20" : 0.000000,
        "50" : 0.000000,
        "100" : 0.000000,
        "250" : 0.000000,
        "500" : 0.000000,
        "750" : 0.000000,
        "1000" : 0.000000
      },
      "latency_us" : {
        "2" : 0.000000,
        "4" : 0.000000,
        "10" : 0.000000,
        "20" : 0.000000,
        "50" : 0.000000,
        "100" : 0.000000,
        "250" : 0.000000,
        "500" : 0.000000,
        "750" : 0.000000,
        "1000" : 0.000000
      },
      "latency_ms" : {
        "2" : 0.000000,
        "4" : 0.010000,
        "10" : 0.057032,
        "20" : 2.692706,
        "50" : 95.031992,
        "100" : 2.217573,
        "250" : 0.000000,
        "500" : 0.000000,
        "750" : 0.000000,
        "1000" : 0.000000,
        "2000" : 0.000000,
        ">=2000" : 0.000000
      },
      "latency_depth" : 64,
      "latency_target" : 0,
      "latency_percentile" : 100.000000,
      "latency_window" : 0
    }
  ],
  "disk_util" : [
    {
      "name" : "sdc",
      "read_ios" : 17195462,
      "write_ios" : 0,
      "read_merges" : 0,
      "write_merges" : 0,
      "read_ticks" : 46178136,
      "write_ticks" : 0,
      "in_queue" : 46262328,
      "util" : 100.000000
    }
  ]
}
