{
  "fio version" : "fio-3.1",
  "timestamp" : 1576455562,
  "timestamp_ms" : 1576455562118,
  "time" : "Mon Dec 16 01:19:22 2019",
  "jobs" : [
    {
      "jobname" : "iotest",
      "groupid" : 0,
      "error" : 0,
      "eta" : 0,
      "elapsed" : 75,
      "job options" : {
        "rw" : "write",
        "bs" : "4k",
        "ioengine" : "libaio",
        "iodepth" : "8",
        "direct" : "1",
        "invalidate" : "1",
        "refill_buffers" : "1",
        "numjobs" : "1",
        "group_reporting" : "1",
        "write_bw_log" : "write-iodepth-8-numjobs-1",
        "write_lat_log" : "write-iodepth-8-numjobs-1",
        "write_iops_log" : "write-iodepth-8-numjobs-1",
        "log_avg_msec" : "1000",
        "filename" : "/dev/sde"
      },
      "read" : {
        "io_bytes" : 0,
        "io_kbytes" : 0,
        "bw" : 0,
        "iops" : 0.000000,
        "runtime" : 0,
        "total_ios" : 0,
        "short_ios" : 0,
        "drop_ios" : 0,
        "slat_ns" : {
          "min" : 0,
          "max" : 0,
          "mean" : 0.000000,
          "stddev" : 0.000000
        },
        "clat_ns" : {
          "min" : 0,
          "max" : 0,
          "mean" : 0.000000,
          "stddev" : 0.000000,
          "percentile" : {
            "1.000000" : 0,
            "5.000000" : 0,
            "10.000000" : 0,
            "20.000000" : 0,
            "30.000000" : 0,
            "40.000000" : 0,
            "50.000000" : 0,
            "60.000000" : 0,
            "70.000000" : 0,
            "80.000000" : 0,
            "90.000000" : 0,
            "95.000000" : 0,
            "99.000000" : 0,
            "99.500000" : 0,
            "99.900000" : 0,
            "99.950000" : 0,
            "99.990000" : 0,
            "0.00" : 0,
            "0.00" : 0,
            "0.00" : 0
          }
        },
        "lat_ns" : {
          "min" : 0,
          "max" : 0,
          "mean" : 0.000000,
          "stddev" : 0.000000
        },
        "bw_min" : 0,
        "bw_max" : 0,
        "bw_agg" : 0.000000,
        "bw_mean" : 0.000000,
        "bw_dev" : 0.000000,
        "bw_samples" : 0,
        "iops_min" : 0,
        "iops_max" : 0,
        "iops_mean" : 0.000000,
        "iops_stddev" : 0.000000,
        "iops_samples" : 0
      },
      "write" : {
        "io_bytes" : 1474560,
        "io_kbytes" : 1440,
        "bw" : 19,
        "iops" : 4.870987,
        "runtime" : 73907,
        "total_ios" : 360,
        "short_ios" : 0,
        "drop_ios" : 0,
        "slat_ns" : {
          "min" : 5091,
          "max" : 383878897,
          "mean" : 1090604.902778,
          "stddev" : 20230926.611113
        },
        "clat_ns" : {
          "min" : 511896097,
          "max" : 4223911568,
          "mean" : 1618091255.419444,
          "stddev" : 520011017.868368,
          "percentile" : {
            "1.000000" : 574619648,
            "5.000000" : 1027604480,
            "10.000000" : 1283457024,
            "20.000000" : 1350565888,
            "30.000000" : 1468006400,
            "40.000000" : 1535115264,
            "50.000000" : 1535115264,
            "60.000000" : 1535115264,
            "70.000000" : 1669332992,
            "80.000000" : 1719664640,
            "90.000000" : 1786773504,
            "95.000000" : 2432696320,
            "99.000000" : 3909091328,
            "99.500000" : 3909091328,
            "99.900000" : 4211081216,
            "99.950000" : 4211081216,
            "99.990000" : 4211081216,
            "0.00" : 0,
            "0.00" : 0,
            "0.00" : 0
          }
        },
        "lat_ns" : {
          "min" : 511971487,
          "max" : 4223963600,
          "mean" : 1619183784.975000,
          "stddev" : 520101856.525414
        },
        "bw_min" : 4,
        "bw_max" : 36,
        "bw_agg" : 100.000000,
        "bw_mean" : 21.044776,
        "bw_dev" : 10.646429,
        "bw_samples" : 67,
        "iops_min" : 1,
        "iops_max" : 9,
        "iops_mean" : 5.238806,
        "iops_stddev" : 2.651984,
        "iops_samples" : 67
      },
      "trim" : {
        "io_bytes" : 0,
        "io_kbytes" : 0,
        "bw" : 0,
        "iops" : 0.000000,
        "runtime" : 0,
        "total_ios" : 0,
        "short_ios" : 0,
        "drop_ios" : 0,
        "slat_ns" : {
          "min" : 0,
          "max" : 0,
          "mean" : 0.000000,
          "stddev" : 0.000000
        },
        "clat_ns" : {
          "min" : 0,
          "max" : 0,
          "mean" : 0.000000,
          "stddev" : 0.000000,
          "percentile" : {
            "1.000000" : 0,
            "5.000000" : 0,
            "10.000000" : 0,
            "20.000000" : 0,
            "30.000000" : 0,
            "40.000000" : 0,
            "50.000000" : 0,
            "60.000000" : 0,
            "70.000000" : 0,
            "80.000000" : 0,
            "90.000000" : 0,
            "95.000000" : 0,
            "99.000000" : 0,
            "99.500000" : 0,
            "99.900000" : 0,
            "99.950000" : 0,
            "99.990000" : 0,
            "0.00" : 0,
            "0.00" : 0,
            "0.00" : 0
          }
        },
        "lat_ns" : {
          "min" : 0,
          "max" : 0,
          "mean" : 0.000000,
          "stddev" : 0.000000
        },
        "bw_min" : 0,
        "bw_max" : 0,
        "bw_agg" : 0.000000,
        "bw_mean" : 0.000000,
        "bw_dev" : 0.000000,
        "bw_samples" : 0,
        "iops_min" : 0,
        "iops_max" : 0,
        "iops_mean" : 0.000000,
        "iops_stddev" : 0.000000,
        "iops_samples" : 0
      },
      "usr_cpu" : 0.025708,
      "sys_cpu" : 0.000000,
      "ctx" : 121,
      "majf" : 0,
      "minf" : 21,
      "iodepth_level" : {
        "1" : 0.277778,
        "2" : 0.555556,
        "4" : 1.111111,
        "8" : 98.055556,
        "16" : 0.000000,
        "32" : 0.000000,
        ">=64" : 0.000000
      },
      "latency_ns" : {
        "2" : 0.000000,
        "4" : 0.000000,
        "10" : 0.000000,
        "20" : 0.000000,
        "50" : 0.000000,
        "100" : 0.000000,
        "250" : 0.000000,
        "500" : 0.000000,
        "750" : 0.000000,
        "1000" : 0.000000
      },
      "latency_us" : {
        "2" : 0.000000,
        "4" : 0.000000,
        "10" : 0.000000,
        "20" : 0.000000,
        "50" : 0.000000,
        "100" : 0.000000,
        "250" : 0.000000,
        "500" : 0.000000,
        "750" : 0.000000,
        "1000" : 0.000000
      },
      "latency_ms" : {
        "2" : 0.000000,
        "4" : 0.000000,
        "10" : 0.000000,
        "20" : 0.000000,
        "50" : 0.000000,
        "100" : 0.000000,
        "250" : 0.000000,
        "500" : 0.000000,
        "750" : 3.611111,
        "1000" : 1.111111,
        "2000" : 85.833333,
        ">=2000" : 9.444444
      },
      "latency_depth" : 8,
      "latency_target" : 0,
      "latency_percentile" : 100.000000,
      "latency_window" : 0
    }
  ],
  "disk_util" : [
    {
      "name" : "sde",
      "read_ios" : 5,
      "write_ios" : 115,
      "read_merges" : 0,
      "write_merges" : 244,
      "read_ticks" : 6336,
      "write_ticks" : 179840,
      "in_queue" : 189136,
      "util" : 100.000000
    }
  ]
}
