{
  "fio version" : "fio-3.1",
  "timestamp" : 1580471918,
  "timestamp_ms" : 1580471918256,
  "time" : "Fri Jan 31 12:58:38 2020",
  "jobs" : [
    {
      "jobname" : "iotest",
      "groupid" : 0,
      "error" : 0,
      "eta" : 0,
      "elapsed" : 61,
      "job options" : {
        "rw" : "randread",
        "bs" : "4k",
        "size" : "100G",
        "directory" : "/server/test",
        "ioengine" : "libaio",
        "iodepth" : "1",
        "direct" : "1",
        "invalidate" : "1",
        "refill_buffers" : "1",
        "runtime" : "60",
        "numjobs" : "1",
        "group_reporting" : "1",
        "write_bw_log" : "/fio/output//randread-iodepth-1-numjobs-1",
        "write_lat_log" : "/fio/output//randread-iodepth-1-numjobs-1",
        "write_iops_log" : "/fio/output//randread-iodepth-1-numjobs-1",
        "log_avg_msec" : "250",
        "filename" : "test.bin"
      },
      "read" : {
        "io_bytes" : 26083328,
        "io_kbytes" : 25472,
        "bw" : 424,
        "iops" : 106.131564,
        "runtime" : 60001,
        "total_ios" : 6368,
        "short_ios" : 0,
        "drop_ios" : 0,
        "slat_ns" : {
          "min" : 12854,
          "max" : 87296,
          "mean" : 32765.331972,
          "stddev" : 2843.977034
        },
        "clat_ns" : {
          "min" : 211690,
          "max" : 152367348,
          "mean" : 9361648.047582,
          "stddev" : 4811052.014022,
          "percentile" : {
            "1.000000" : 2539520,
            "5.000000" : 3522560,
            "10.000000" : 4489216,
            "20.000000" : 5799936,
            "30.000000" : 6782976,
            "40.000000" : 7766016,
            "50.000000" : 8847360,
            "60.000000" : 9895936,
            "70.000000" : 10944512,
            "80.000000" : 12255232,
            "90.000000" : 15007744,
            "95.000000" : 17170432,
            "99.000000" : 20054016,
            "99.500000" : 23199744,
            "99.900000" : 40108032,
            "99.950000" : 73924608,
            "99.990000" : 152043520,
            "0.00" : 0,
            "0.00" : 0,
            "0.00" : 0
          }
        },
        "lat_ns" : {
          "min" : 249225,
          "max" : 152402443,
          "mean" : 9395439.818310,
          "stddev" : 4811094.962515
        },
        "bw_min" : 144,
        "bw_max" : 544,
        "bw_agg" : 100.000000,
        "bw_mean" : 424.650000,
        "bw_dev" : 53.839238,
        "bw_samples" : 240,
        "iops_min" : 36,
        "iops_max" : 136,
        "iops_mean" : 106.116667,
        "iops_stddev" : 13.458869,
        "iops_samples" : 240
      },
      "write" : {
        "io_bytes" : 0,
        "io_kbytes" : 0,
        "bw" : 0,
        "iops" : 0.000000,
        "runtime" : 0,
        "total_ios" : 0,
        "short_ios" : 0,
        "drop_ios" : 0,
        "slat_ns" : {
          "min" : 0,
          "max" : 0,
          "mean" : 0.000000,
          "stddev" : 0.000000
        },
        "clat_ns" : {
          "min" : 0,
          "max" : 0,
          "mean" : 0.000000,
          "stddev" : 0.000000,
          "percentile" : {
            "1.000000" : 0,
            "5.000000" : 0,
            "10.000000" : 0,
            "20.000000" : 0,
            "30.000000" : 0,
            "40.000000" : 0,
            "50.000000" : 0,
            "60.000000" : 0,
            "70.000000" : 0,
            "80.000000" : 0,
            "90.000000" : 0,
            "95.000000" : 0,
            "99.000000" : 0,
            "99.500000" : 0,
            "99.900000" : 0,
            "99.950000" : 0,
            "99.990000" : 0,
            "0.00" : 0,
            "0.00" : 0,
            "0.00" : 0
          }
        },
        "lat_ns" : {
          "min" : 0,
          "max" : 0,
          "mean" : 0.000000,
          "stddev" : 0.000000
        },
        "bw_min" : 0,
        "bw_max" : 0,
        "bw_agg" : 0.000000,
        "bw_mean" : 0.000000,
        "bw_dev" : 0.000000,
        "bw_samples" : 0,
        "iops_min" : 0,
        "iops_max" : 0,
        "iops_mean" : 0.000000,
        "iops_stddev" : 0.000000,
        "iops_samples" : 0
      },
      "trim" : {
        "io_bytes" : 0,
        "io_kbytes" : 0,
        "bw" : 0,
        "iops" : 0.000000,
        "runtime" : 0,
        "total_ios" : 0,
        "short_ios" : 0,
        "drop_ios" : 0,
        "slat_ns" : {
          "min" : 0,
          "max" : 0,
          "mean" : 0.000000,
          "stddev" : 0.000000
        },
        "clat_ns" : {
          "min" : 0,
          "max" : 0,
          "mean" : 0.000000,
          "stddev" : 0.000000,
          "percentile" : {
            "1.000000" : 0,
            "5.000000" : 0,
            "10.000000" : 0,
            "20.000000" : 0,
            "30.000000" : 0,
            "40.000000" : 0,
            "50.000000" : 0,
            "60.000000" : 0,
            "70.000000" : 0,
            "80.000000" : 0,
            "90.000000" : 0,
            "95.000000" : 0,
            "99.000000" : 0,
            "99.500000" : 0,
            "99.900000" : 0,
            "99.950000" : 0,
            "99.990000" : 0,
            "0.00" : 0,
            "0.00" : 0,
            "0.00" : 0
          }
        },
        "lat_ns" : {
          "min" : 0,
          "max" : 0,
          "mean" : 0.000000,
          "stddev" : 0.000000
        },
        "bw_min" : 0,
        "bw_max" : 0,
        "bw_agg" : 0.000000,
        "bw_mean" : 0.000000,
        "bw_dev" : 0.000000,
        "bw_samples" : 0,
        "iops_min" : 0,
        "iops_max" : 0,
        "iops_mean" : 0.000000,
        "iops_stddev" : 0.000000,
        "iops_samples" : 0
      },
      "usr_cpu" : 0.176667,
      "sys_cpu" : 0.385000,
      "ctx" : 6371,
      "majf" : 1,
      "minf" : 25,
      "iodepth_level" : {
        "1" : 100.000000,
        "2" : 0.000000,
        "4" : 0.000000,
        "8" : 0.000000,
        "16" : 0.000000,
        "32" : 0.000000,
        ">=64" : 0.000000
      },
      "latency_ns" : {
        "2" : 0.000000,
        "4" : 0.000000,
        "10" : 0.000000,
        "20" : 0.000000,
        "50" : 0.000000,
        "100" : 0.000000,
        "250" : 0.000000,
        "500" : 0.000000,
        "750" : 0.000000,
        "1000" : 0.000000
      },
      "latency_us" : {
        "2" : 0.000000,
        "4" : 0.000000,
        "10" : 0.000000,
        "20" : 0.000000,
        "50" : 0.000000,
        "100" : 0.000000,
        "250" : 0.015704,
        "500" : 0.078518,
        "750" : 0.047111,
        "1000" : 0.000000
      },
      "latency_ms" : {
        "2" : 0.031407,
        "4" : 7.380653,
        "10" : 53.486181,
        "20" : 37.955402,
        "50" : 0.910804,
        "100" : 0.078518,
        "250" : 0.015704,
        "500" : 0.000000,
        "750" : 0.000000,
        "1000" : 0.000000,
        "2000" : 0.000000,
        ">=2000" : 0.000000
      },
      "latency_depth" : 1,
      "latency_target" : 0,
      "latency_percentile" : 100.000000,
      "latency_window" : 0
    }
  ],
  "disk_util" : [
    {
      "name" : "md6",
      "read_ios" : 6363,
      "write_ios" : 4,
      "read_merges" : 0,
      "write_merges" : 0,
      "read_ticks" : 0,
      "write_ticks" : 0,
      "in_queue" : 0,
      "util" : 0.000000,
      "aggr_read_ios" : 796,
      "aggr_write_ios" : 19,
      "aggr_read_merges" : 2,
      "aggr_write_merge" : 0,
      "aggr_read_ticks" : 7446,
      "aggr_write_ticks" : 302,
      "aggr_in_queue" : 7748,
      "aggr_util" : 15.593660
    },
    {
      "name" : "sdf",
      "read_ios" : 801,
      "write_ios" : 15,
      "read_merges" : 0,
      "write_merges" : 0,
      "read_ticks" : 6424,
      "write_ticks" : 212,
      "in_queue" : 6636,
      "util" : 10.996541
    },
    {
      "name" : "sdd",
      "read_ios" : 769,
      "write_ios" : 17,
      "read_merges" : 1,
      "write_merges" : 1,
      "read_ticks" : 7408,
      "write_ticks" : 180,
      "in_queue" : 7588,