{
  "fio version" : "fio-3.1",
  "timestamp" : 1580474354,
  "timestamp_ms" : 1580474354087,
  "time" : "Fri Jan 31 13:39:14 2020",
  "jobs" : [
    {
      "jobname" : "iotest",
      "groupid" : 0,
      "error" : 0,
      "eta" : 0,
      "elapsed" : 61,
      "job options" : {
        "rw" : "randread",
        "bs" : "4k",
        "size" : "100G",
        "directory" : "/server/test",
        "ioengine" : "libaio",
        "iodepth" : "32",
        "direct" : "1",
        "invalidate" : "1",
        "refill_buffers" : "1",
        "runtime" : "60",
        "numjobs" : "4",
        "group_reporting" : "1",
        "write_bw_log" : "/fio/output//randread-iodepth-32-numjobs-4",
        "write_lat_log" : "/fio/output//randread-iodepth-32-numjobs-4",
        "write_iops_log" : "/fio/output//randread-iodepth-32-numjobs-4",
        "log_avg_msec" : "250",
        "filename" : "test.bin"
      },
      "read" : {
        "io_bytes" : 350359552,
        "io_kbytes" : 342148,
        "bw" : 5668,
        "iops" : 1417.207900,
        "runtime" : 60356,
        "total_ios" : 85537,
        "short_ios" : 0,
        "drop_ios" : 0,
        "slat_ns" : {
          "min" : 4841,
          "max" : 360773,
          "mean" : 32577.212224,
          "stddev" : 7267.562804
        },
        "clat_ns" : {
          "min" : 248907,
          "max" : 3285954273,
          "mean" : 90219736.118791,
          "stddev" : 193800149.876457,
          "percentile" : {
            "1.000000" : 3391488,
            "5.000000" : 5275648,
            "10.000000" : 6979584,
            "20.000000" : 10027008,
            "30.000000" : 13959168,
            "40.000000" : 19529728,
            "50.000000" : 27394048,
            "60.000000" : 39583744,
            "70.000000" : 60555264,
            "80.000000" : 100139008,
            "90.000000" : 219152384,
            "95.000000" : 383778816,
            "99.000000" : 1061158912,
            "99.500000" : 1367343104,
            "99.900000" : 1920991232,
            "99.950000" : 2139095040,
            "99.990000" : 2533359616,
            "0.00" : 0,
            "0.00" : 0,
            "0.00" : 0
          }
        },
        "lat_ns" : {
          "min" : 284322,
          "max" : 3285982409,
          "mean" : 90253307.850743,
          "stddev" : 193798395.488190
        },
        "bw_min" : 16,
        "bw_max" : 3040,
        "bw_agg" : 25.031113,
        "bw_mean" : 1418.763485,
        "bw_dev" : 473.271636,
        "bw_samples" : 964,
        "iops_min" : 4,
        "iops_max" : 760,
        "iops_mean" : 354.607884,
        "iops_stddev" : 118.314942,
        "iops_samples" : 964
      },
      "write" : {
        "io_bytes" : 0,
        "io_kbytes" : 0,
        "bw" : 0,
        "iops" : 0.000000,
        "runtime" : 0,
        "total_ios" : 0,
        "short_ios" : 0,
        "drop_ios" : 0,
        "slat_ns" : {
          "min" : 0,
          "max" : 0,
          "mean" : 0.000000,
          "stddev" : 0.000000
        },
        "clat_ns" : {
          "min" : 0,
          "max" : 0,
          "mean" : 0.000000,
          "stddev" : 0.000000,
          "percentile" : {
            "1.000000" : 0,
            "5.000000" : 0,
            "10.000000" : 0,
            "20.000000" : 0,
            "30.000000" : 0,
            "40.000000" : 0,
            "50.000000" : 0,
            "60.000000" : 0,
            "70.000000" : 0,
            "80.000000" : 0,
            "90.000000" : 0,
            "95.000000" : 0,
            "99.000000" : 0,
            "99.500000" : 0,
            "99.900000" : 0,
            "99.950000" : 0,
            "99.990000" : 0,
            "0.00" : 0,
            "0.00" : 0,
            "0.00" : 0
          }
        },
        "lat_ns" : {
          "min" : 0,
          "max" : 0,
          "mean" : 0.000000,
          "stddev" : 0.000000
        },
        "bw_min" : 0,
        "bw_max" : 0,
        "bw_agg" : 0.000000,
        "bw_mean" : 0.000000,
        "bw_dev" : 0.000000,
        "bw_samples" : 0,
        "iops_min" : 0,
        "iops_max" : 0,
        "iops_mean" : 0.000000,
        "iops_stddev" : 0.000000,
        "iops_samples" : 0
      },
      "trim" : {
        "io_bytes" : 0,
        "io_kbytes" : 0,
        "bw" : 0,
        "iops" : 0.000000,
        "runtime" : 0,
        "total_ios" : 0,
        "short_ios" : 0,
        "drop_ios" : 0,
        "slat_ns" : {
          "min" : 0,
          "max" : 0,
          "mean" : 0.000000,
          "stddev" : 0.000000
        },
        "clat_ns" : {
          "min" : 0,
          "max" : 0,
          "mean" : 0.000000,
          "stddev" : 0.000000,
          "percentile" : {
            "1.000000" : 0,
            "5.000000" : 0,
            "10.000000" : 0,
            "20.000000" : 0,
            "30.000000" : 0,
            "40.000000" : 0,
            "50.000000" : 0,
            "60.000000" : 0,
            "70.000000" : 0,
            "80.000000" : 0,
            "90.000000" : 0,
            "95.000000" : 0,
            "99.000000" : 0,
            "99.500000" : 0,
            "99.900000" : 0,
            "99.950000" : 0,
            "99.990000" : 0,
            "0.00" : 0,
            "0.00" : 0,
            "0.00" : 0
          }
        },
        "lat_ns" : {
          "min" : 0,
          "max" : 0,
          "mean" : 0.000000,
          "stddev" : 0.000000
        },
        "bw_min" : 0,
        "bw_max" : 0,
        "bw_agg" : 0.000000,
        "bw_mean" : 0.000000,
        "bw_dev" : 0.000000,
        "bw_samples" : 0,
        "iops_min" : 0,
        "iops_max" : 0,
        "iops_mean" : 0.000000,
        "iops_stddev" : 0.000000,
        "iops_samples" : 0
      },
      "usr_cpu" : 0.569383,
      "sys_cpu" : 1.633556,
      "ctx" : 82690,
      "majf" : 0,
      "minf" : 233,
      "iodepth_level" : {
        "1" : 0.100000,
        "2" : 0.100000,
        "4" : 0.100000,
        "8" : 0.100000,
        "16" : 0.100000,
        "32" : 99.855033,
        ">=64" : 0.000000
      },
      "latency_ns" : {
        "2" : 0.000000,
        "4" : 0.000000,
        "10" : 0.000000,
        "20" : 0.000000,
        "50" : 0.000000,
        "100" : 0.000000,
        "250" : 0.000000,
        "500" : 0.000000,
        "750" : 0.000000,
        "1000" : 0.000000
      },
      "latency_us" : {
        "2" : 0.000000,
        "4" : 0.000000,
        "10" : 0.000000,
        "20" : 0.000000,
        "50" : 0.000000,
        "100" : 0.000000,
        "250" : 0.010000,
        "500" : 0.010000,
        "750" : 0.010000,
        "1000" : 0.000000
      },
      "latency_ms" : {
        "2" : 0.000000,
        "4" : 2.011995,
        "10" : 17.765411,
        "20" : 21.180308,
        "50" : 24.601050,
        "100" : 14.411307,
        "250" : 11.273484,
        "500" : 5.451442,
        "750" : 1.411085,
        "1000" : 0.747045,
        "2000" : 1.062698,
        ">=2000" : 0.075991
      },
      "latency_depth" : 32,
      "latency_target" : 0,
      "latency_percentile" : 100.000000,
      "latency_window" : 0
    }
  ],
  "disk_util" : [
    {
      "name" : "md6",
      "read_ios" : 85537,
      "write_ios" : 0,
      "read_merges" : 0,
      "write_merges" : 0,
      "read_ticks" : 0,
      "write_ticks" : 0,
      "in_queue" : 0,
      "util" : 0.000000,
      "aggr_read_ios" : 10692,
      "aggr_write_ios" : 0,
      "aggr_read_merges" : 0,
      "aggr_write_merge" : 0,
      "aggr_read_ticks" : 961560,
      "aggr_write_ticks" : 0,
      "aggr_in_queue" : 961941,
      "aggr_util" : 99.448278
    },
    {
      "name" : "sdf",
      "read_ios" : 10662,
      "write_ios" : 0,
      "read_merges" : 0,
      "write_merges" : 0,
      "read_ticks" : 268280,
      "write_ticks" : 0,
      "in_queue" : 268392,
      "util" : 95.143361
    },
    {
      "name" : "sdd",
      "read_ios" : 10647,
      "write_ios" : 0,
      "read_merges" : 0,
      "write_merges" : 0,
      "read_ticks" : 468852,