{
  "fio version" : "fio-3.1",
  "timestamp" : 1580474879,
  "timestamp_ms" : 1580474879993,
  "time" : "Fri Jan 31 13:47:59 2020",
  "jobs" : [
    {
      "jobname" : "iotest",
      "groupid" : 0,
      "error" : 0,
      "eta" : 0,
      "elapsed" : 61,
      "job options" : {
        "rw" : "randread",
        "bs" : "4k",
        "size" : "100G",
        "directory" : "/server/test",
        "ioengine" : "libaio",
        "iodepth" : "64",
        "direct" : "1",
        "invalidate" : "1",
        "refill_buffers" : "1",
        "runtime" : "60",
        "numjobs" : "8",
        "group_reporting" : "1",
        "write_bw_log" : "/fio/output//randread-iodepth-64-numjobs-8",
        "write_lat_log" : "/fio/output//randread-iodepth-64-numjobs-8",
        "write_iops_log" : "/fio/output//randread-iodepth-64-numjobs-8",
        "log_avg_msec" : "250",
        "filename" : "test.bin"
      },
      "read" : {
        "io_bytes" : 338419712,
        "io_kbytes" : 330488,
        "bw" : 5441,
        "iops" : 1360.480817,
        "runtime" : 60730,
        "total_ios" : 82622,
        "short_ios" : 0,
        "drop_ios" : 0,
        "slat_ns" : {
          "min" : 3312,
          "max" : 472954426,
          "mean" : 5108501.627157,
          "stddev" : 33410294.084235
        },
        "clat_ns" : {
          "min" : 349044,
          "max" : 5208003195,
          "mean" : 370720048.214701,
          "stddev" : 425744808.167873,
          "percentile" : {
            "1.000000" : 4620288,
            "5.000000" : 9764864,
            "10.000000" : 24510464,
            "20.000000" : 168820736,
            "30.000000" : 200278016,
            "40.000000" : 225443840,
            "50.000000" : 244318208,
            "60.000000" : 270532608,
            "70.000000" : 367001600,
            "80.000000" : 480247808,
            "90.000000" : 725614592,
            "95.000000" : 1199570944,
            "99.000000" : 2332033024,
            "99.500000" : 2701131776,
            "99.900000" : 3338665984,
            "99.950000" : 3506438144,
            "99.990000" : 4009754624,
            "0.00" : 0,
            "0.00" : 0,
            "0.00" : 0
          }
        },
        "lat_ns" : {
          "min" : 359172,
          "max" : 5473242406,
          "mean" : 375828940.546779,
          "stddev" : 433371640.638150
        },
        "bw_min" : 16,
        "bw_max" : 1777,
        "bw_agg" : 13.124490,
        "bw_mean" : 714.103522,
        "bw_dev" : 263.656179,
        "bw_samples" : 1874,
        "iops_min" : 4,
        "iops_max" : 444,
        "iops_mean" : 178.200107,
        "iops_stddev" : 65.909174,
        "iops_samples" : 1874
      },
      "write" : {
        "io_bytes" : 0,
        "io_kbytes" : 0,
        "bw" : 0,
        "iops" : 0.000000,
        "runtime" : 0,
        "total_ios" : 0,
        "short_ios" : 0,
        "drop_ios" : 0,
        "slat_ns" : {
          "min" : 0,
          "max" : 0,
          "mean" : 0.000000,
          "stddev" : 0.000000
        },
        "clat_ns" : {
          "min" : 0,
          "max" : 0,
          "mean" : 0.000000,
          "stddev" : 0.000000,
          "percentile" : {
            "1.000000" : 0,
            "5.000000" : 0,
            "10.000000" : 0,
            "20.000000" : 0,
            "30.000000" : 0,
            "40.000000" : 0,
            "50.000000" : 0,
            "60.000000" : 0,
            "70.000000" : 0,
            "80.000000" : 0,
            "90.000000" : 0,
            "95.000000" : 0,
            "99.000000" : 0,
            "99.500000" : 0,
            "99.900000" : 0,
            "99.950000" : 0,
            "99.990000" : 0,
            "0.00" : 0,
            "0.00" : 0,
            "0.00" : 0
          }
        },
        "lat_ns" : {
          "min" : 0,
          "max" : 0,
          "mean" : 0.000000,
          "stddev" : 0.000000
        },
        "bw_min" : 0,
        "bw_max" : 0,
        "bw_agg" : 0.000000,
        "bw_mean" : 0.000000,
        "bw_dev" : 0.000000,
        "bw_samples" : 0,
        "iops_min" : 0,
        "iops_max" : 0,
        "iops_mean" : 0.000000,
        "iops_stddev" : 0.000000,
        "iops_samples" : 0
      },
      "trim" : {
        "io_bytes" : 0,
        "io_kbytes" : 0,
        "bw" : 0,
        "iops" : 0.000000,
        "runtime" : 0,
        "total_ios" : 0,
        "short_ios" : 0,
        "drop_ios" : 0,
        "slat_ns" : {
          "min" : 0,
          "max" : 0,
          "mean" : 0.000000,
          "stddev" : 0.000000
        },
        "clat_ns" : {
          "min" : 0,
          "max" : 0,
          "mean" : 0.000000,
          "stddev" : 0.000000,
          "percentile" : {
            "1.000000" : 0,
            "5.000000" : 0,
            "10.000000" : 0,
            "20.000000" : 0,
            "30.000000" : 0,
            "40.000000" : 0,
            "50.000000" : 0,
            "60.000000" : 0,
            "70.000000" : 0,
            "80.000000" : 0,
            "90.000000" : 0,
            "95.000000" : 0,
            "99.000000" : 0,
            "99.500000" : 0,
            "99.900000" : 0,
            "99.950000" : 0,
            "99.990000" : 0,
            "0.00" : 0,
            "0.00" : 0,
            "0.00" : 0
          }
        },
        "lat_ns" : {
          "min" : 0,
          "max" : 0,
          "mean" : 0.000000,
          "stddev" : 0.000000
        },
        "bw_min" : 0,
        "bw_max" : 0,
        "bw_agg" : 0.000000,
        "bw_mean" : 0.000000,
        "bw_dev" : 0.000000,
        "bw_samples" : 0,
        "iops_min" : 0,
        "iops_max" : 0,
        "iops_mean" : 0.000000,
        "iops_stddev" : 0.000000,
        "iops_samples" : 0
      },
      "usr_cpu" : 0.079126,
      "sys_cpu" : 0.228931,
      "ctx" : 19164,
      "majf" : 0,
      "minf" : 687,
      "iodepth_level" : {
        "1" : 0.100000,
        "2" : 0.100000,
        "4" : 0.100000,
        "8" : 0.100000,
        "16" : 0.154922,
        "32" : 0.309845,
        ">=64" : 99.389993
      },
      "latency_ns" : {
        "2" : 0.000000,
        "4" : 0.000000,
        "10" : 0.000000,
        "20" : 0.000000,
        "50" : 0.000000,
        "100" : 0.000000,
        "250" : 0.000000,
        "500" : 0.000000,
        "750" : 0.000000,
        "1000" : 0.000000
      },
      "latency_us" : {
        "2" : 0.000000,
        "4" : 0.000000,
        "10" : 0.000000,
        "20" : 0.000000,
        "50" : 0.000000,
        "100" : 0.000000,
        "250" : 0.000000,
        "500" : 0.010000,
        "750" : 0.000000,
        "1000" : 0.010000
      },
      "latency_ms" : {
        "2" : 0.010000,
        "4" : 0.624531,
        "10" : 4.508484,
        "20" : 4.066713,
        "50" : 2.832175,
        "100" : 2.274213,
        "250" : 37.568686,
        "500" : 30.454358,
        "750" : 8.212098,
        "1000" : 2.990729,
        "2000" : 4.739658,
        ">=2000" : 1.722302
      },
      "latency_depth" : 64,
      "latency_target" : 0,
      "latency_percentile" : 100.000000,
      "latency_window" : 0
    }
  ],
  "disk_util" : [
    {
      "name" : "md6",
      "read_ios" : 82622,
      "write_ios" : 0,
      "read_merges" : 0,
      "write_merges" : 0,
      "read_ticks" : 0,
      "write_ticks" : 0,
      "in_queue" : 0,
      "util" : 0.000000,
      "aggr_read_ios" : 10327,
      "aggr_write_ios" : 0,
      "aggr_read_merges" : 0,
      "aggr_write_merge" : 0,
      "aggr_read_ticks" : 2104789,
      "aggr_write_ticks" : 0,
      "aggr_in_queue" : 2105056,
      "aggr_util" : 99.391987
    },
    {
      "name" : "sdf",
      "read_ios" : 10164,
      "write_ios" : 0,
      "read_merges" : 0,
      "write_merges" : 0,
      "read_ticks" : 417796,
      "write_ticks" : 0,
      "in_queue" : 417812,
      "util" : 87.021647
    },
    {
      "name" : "sdd",
      "read_ios" : 10338,
      "write_ios" : 0,
      "read_merges" : 0,
      "write_merges" : 0,
      "read_ticks" : 1043424,