{
  "fio version" : "fio-3.1",
  "timestamp" : 1580474421,
  "timestamp_ms" : 1580474421488,
  "time" : "Fri Jan 31 13:40:21 2020",
  "jobs" : [
    {
      "jobname" : "iotest",
      "groupid" : 0,
      "error" : 0,
      "eta" : 0,
      "elapsed" : 61,
      "job options" : {
        "rw" : "randread",
        "bs" : "4k",
        "size" : "100G",
        "directory" : "/server/test",
        "ioengine" : "libaio",
        "iodepth" : "32",
        "direct" : "1",
        "invalidate" : "1",
        "refill_buffers" : "1",
        "runtime" : "60",
        "numjobs" : "8",
        "group_reporting" : "1",
        "write_bw_log" : "/fio/output//randread-iodepth-32-numjobs-8",
        "write_lat_log" : "/fio/output//randread-iodepth-32-numjobs-8",
        "write_iops_log" : "/fio/output//randread-iodepth-32-numjobs-8",
        "log_avg_msec" : "250",
        "filename" : "test.bin"
      },
      "read" : {
        "io_bytes" : 334307328,
        "io_kbytes" : 326472,
        "bw" : 5369,
        "iops" : 1342.489637,
        "runtime" : 60796,
        "total_ios" : 81618,
        "short_ios" : 0,
        "drop_ios" : 0,
        "slat_ns" : {
          "min" : 3504,
          "max" : 249477329,
          "mean" : 1317416.284190,
          "stddev" : 11707613.848188
        },
        "clat_ns" : {
          "min" : 150588,
          "max" : 4184418250,
          "mean" : 188876797.648595,
          "stddev" : 367961367.690666,
          "percentile" : {
            "1.000000" : 3457024,
            "5.000000" : 5472256,
            "10.000000" : 7307264,
            "20.000000" : 10813440,
            "30.000000" : 16056320,
            "40.000000" : 24510464,
            "50.000000" : 40108032,
            "60.000000" : 71827456,
            "70.000000" : 137363456,
            "80.000000" : 246415360,
            "90.000000" : 517996544,
            "95.000000" : 926941184,
            "99.000000" : 1920991232,
            "99.500000" : 2231369728,
            "99.900000" : 2835349504,
            "99.950000" : 3070230528,
            "99.990000" : 3472883712,
            "0.00" : 0,
            "0.00" : 0,
            "0.00" : 0
          }
        },
        "lat_ns" : {
          "min" : 185958,
          "max" : 4184429058,
          "mean" : 190195115.635031,
          "stddev" : 370083449.515110
        },
        "bw_min" : 16,
        "bw_max" : 1967,
        "bw_agg" : 12.688445,
        "bw_mean" : 681.242597,
        "bw_dev" : 307.296930,
        "bw_samples" : 1925,
        "iops_min" : 4,
        "iops_max" : 491,
        "iops_mean" : 170.002597,
        "iops_stddev" : 76.807062,
        "iops_samples" : 1925
      },
      "write" : {
        "io_bytes" : 0,
        "io_kbytes" : 0,
        "bw" : 0,
        "iops" : 0.000000,
        "runtime" : 0,
        "total_ios" : 0,
        "short_ios" : 0,
        "drop_ios" : 0,
        "slat_ns" : {
          "min" : 0,
          "max" : 0,
          "mean" : 0.000000,
          "stddev" : 0.000000
        },
        "clat_ns" : {
          "min" : 0,
          "max" : 0,
          "mean" : 0.000000,
          "stddev" : 0.000000,
          "percentile" : {
            "1.000000" : 0,
            "5.000000" : 0,
            "10.000000" : 0,
            "20.000000" : 0,
            "30.000000" : 0,
            "40.000000" : 0,
            "50.000000" : 0,
            "60.000000" : 0,
            "70.000000" : 0,
            "80.000000" : 0,
            "90.000000" : 0,
            "95.000000" : 0,
            "99.000000" : 0,
            "99.500000" : 0,
            "99.900000" : 0,
            "99.950000" : 0,
            "99.990000" : 0,
            "0.00" : 0,
            "0.00" : 0,
            "0.00" : 0
          }
        },
        "lat_ns" : {
          "min" : 0,
          "max" : 0,
          "mean" : 0.000000,
          "stddev" : 0.000000
        },
        "bw_min" : 0,
        "bw_max" : 0,
        "bw_agg" : 0.000000,
        "bw_mean" : 0.000000,
        "bw_dev" : 0.000000,
        "bw_samples" : 0,
        "iops_min" : 0,
        "iops_max" : 0,
        "iops_mean" : 0.000000,
        "iops_stddev" : 0.000000,
        "iops_samples" : 0
      },
      "trim" : {
        "io_bytes" : 0,
        "io_kbytes" : 0,
        "bw" : 0,
        "iops" : 0.000000,
        "runtime" : 0,
        "total_ios" : 0,
        "short_ios" : 0,
        "drop_ios" : 0,
        "slat_ns" : {
          "min" : 0,
          "max" : 0,
          "mean" : 0.000000,
          "stddev" : 0.000000
        },
        "clat_ns" : {
          "min" : 0,
          "max" : 0,
          "mean" : 0.000000,
          "stddev" : 0.000000,
          "percentile" : {
            "1.000000" : 0,
            "5.000000" : 0,
            "10.000000" : 0,
            "20.000000" : 0,
            "30.000000" : 0,
            "40.000000" : 0,
            "50.000000" : 0,
            "60.000000" : 0,
            "70.000000" : 0,
            "80.000000" : 0,
            "90.000000" : 0,
            "95.000000" : 0,
            "99.000000" : 0,
            "99.500000" : 0,
            "99.900000" : 0,
            "99.950000" : 0,
            "99.990000" : 0,
            "0.00" : 0,
            "0.00" : 0,
            "0.00" : 0
          }
        },
        "lat_ns" : {
          "min" : 0,
          "max" : 0,
          "mean" : 0.000000,
          "stddev" : 0.000000
        },
        "bw_min" : 0,
        "bw_max" : 0,
        "bw_agg" : 0.000000,
        "bw_mean" : 0.000000,
        "bw_dev" : 0.000000,
        "bw_samples" : 0,
        "iops_min" : 0,
        "iops_max" : 0,
        "iops_mean" : 0.000000,
        "iops_stddev" : 0.000000,
        "iops_samples" : 0
      },
      "usr_cpu" : 0.241499,
      "sys_cpu" : 0.672570,
      "ctx" : 70187,
      "majf" : 0,
      "minf" : 450,
      "iodepth_level" : {
        "1" : 0.100000,
        "2" : 0.100000,
        "4" : 0.100000,
        "8" : 0.100000,
        "16" : 0.156828,
        "32" : 99.696145,
        ">=64" : 0.000000
      },
      "latency_ns" : {
        "2" : 0.000000,
        "4" : 0.000000,
        "10" : 0.000000,
        "20" : 0.000000,
        "50" : 0.000000,
        "100" : 0.000000,
        "250" : 0.000000,
        "500" : 0.000000,
        "750" : 0.000000,
        "1000" : 0.000000
      },
      "latency_us" : {
        "2" : 0.000000,
        "4" : 0.000000,
        "10" : 0.000000,
        "20" : 0.000000,
        "50" : 0.000000,
        "100" : 0.000000,
        "250" : 0.010000,
        "500" : 0.010000,
        "750" : 0.010000,
        "1000" : 0.010000
      },
      "latency_ms" : {
        "2" : 0.010000,
        "4" : 1.793722,
        "10" : 15.995246,
        "20" : 17.758338,
        "50" : 18.424857,
        "100" : 11.062511,
        "250" : 15.175574,
        "500" : 9.216104,
        "750" : 4.055478,
        "1000" : 2.048568,
        "2000" : 3.598471,
        ">=2000" : 0.852753
      },
      "latency_depth" : 32,
      "latency_target" : 0,
      "latency_percentile" : 100.000000,
      "latency_window" : 0
    }
  ],
  "disk_util" : [
    {
      "name" : "md6",
      "read_ios" : 81618,
      "write_ios" : 0,
      "read_merges" : 0,
      "write_merges" : 0,
      "read_ticks" : 0,
      "write_ticks" : 0,
      "in_queue" : 0,
      "util" : 0.000000,
      "aggr_read_ios" : 10202,
      "aggr_write_ios" : 0,
      "aggr_read_merges" : 0,
      "aggr_write_merge" : 0,
      "aggr_read_ticks" : 1815465,
      "aggr_write_ticks" : 0,
      "aggr_in_queue" : 1815885,
      "aggr_util" : 99.432135
    },
    {
      "name" : "sdf",
      "read_ios" : 10028,
      "write_ios" : 0,
      "read_merges" : 0,
      "write_merges" : 0,
      "read_ticks" : 277088,
      "write_ticks" : 0,
      "in_queue" : 277144,
      "util" : 91.160348
    },
    {
      "name" : "sdd",
      "read_ios" : 10230,
      "write_ios" : 0,
      "read_merges" : 0,
      "write_merges" : 0,
      "read_ticks" : 533684,