{
  "fio version" : "fio-3.1",
  "timestamp" : 1580473234,
  "timestamp_ms" : 1580473234131,
  "time" : "Fri Jan 31 13:20:34 2020",
  "jobs" : [
    {
      "jobname" : "iotest",
      "groupid" : 0,
      "error" : 0,
      "eta" : 0,
      "elapsed" : 61,
      "job options" : {
        "rw" : "randread",
        "bs" : "4k",
        "size" : "100G",
        "directory" : "/server/test",
        "ioengine" : "libaio",
        "iodepth" : "4",
        "direct" : "1",
        "invalidate" : "1",
        "refill_buffers" : "1",
        "runtime" : "60",
        "numjobs" : "64",
        "group_reporting" : "1",
        "write_bw_log" : "/fio/output//randread-iodepth-4-numjobs-64",
        "write_lat_log" : "/fio/output//randread-iodepth-4-numjobs-64",
        "write_iops_log" : "/fio/output//randread-iodepth-4-numjobs-64",
        "log_avg_msec" : "250",
        "filename" : "test.bin"
      },
      "read" : {
        "io_bytes" : 443215872,
        "io_kbytes" : 432828,
        "bw" : 7138,
        "iops" : 1784.504510,
        "runtime" : 60637,
        "total_ios" : 108207,
        "short_ios" : 0,
        "drop_ios" : 0,
        "slat_ns" : {
          "min" : 4579,
          "max" : 176132656,
          "mean" : 705365.785661,
          "stddev" : 6760513.511634
        },
        "clat_ns" : {
          "min" : 166660,
          "max" : 2431983517,
          "mean" : 141913420.302143,
          "stddev" : 219131916.022707,
          "percentile" : {
            "1.000000" : 3719168,
            "5.000000" : 6324224,
            "10.000000" : 8978432,
            "20.000000" : 15794176,
            "30.000000" : 24772608,
            "40.000000" : 37486592,
            "50.000000" : 56360960,
            "60.000000" : 85458944,
            "70.000000" : 130547712,
            "80.000000" : 210763776,
            "90.000000" : 379584512,
            "95.000000" : 591396864,
            "99.000000" : 1082130432,
            "99.500000" : 1283457024,
            "99.900000" : 1753219072,
            "99.950000" : 1954545664,
            "99.990000" : 2298478592,
            "0.00" : 0,
            "0.00" : 0,
            "0.00" : 0
          }
        },
        "lat_ns" : {
          "min" : 205225,
          "max" : 2450445114,
          "mean" : 142619723.302439,
          "stddev" : 220331244.822918
        },
        "bw_min" : 11,
        "bw_max" : 457,
        "bw_agg" : 1.674434,
        "bw_mean" : 119.521105,
        "bw_dev" : 64.496897,
        "bw_samples" : 14665,
        "iops_min" : 2,
        "iops_max" : 114,
        "iops_mean" : 29.624548,
        "iops_stddev" : 16.051712,
        "iops_samples" : 14665
      },
      "write" : {
        "io_bytes" : 0,
        "io_kbytes" : 0,
        "bw" : 0,
        "iops" : 0.000000,
        "runtime" : 0,
        "total_ios" : 0,
        "short_ios" : 0,
        "drop_ios" : 0,
        "slat_ns" : {
          "min" : 0,
          "max" : 0,
          "mean" : 0.000000,
          "stddev" : 0.000000
        },
        "clat_ns" : {
          "min" : 0,
          "max" : 0,
          "mean" : 0.000000,
          "stddev" : 0.000000,
          "percentile" : {
            "1.000000" : 0,
            "5.000000" : 0,
            "10.000000" : 0,
            "20.000000" : 0,
            "30.000000" : 0,
            "40.000000" : 0,
            "50.000000" : 0,
            "60.000000" : 0,
            "70.000000" : 0,
            "80.000000" : 0,
            "90.000000" : 0,
            "95.000000" : 0,
            "99.000000" : 0,
            "99.500000" : 0,
            "99.900000" : 0,
            "99.950000" : 0,
            "99.990000" : 0,
            "0.00" : 0,
            "0.00" : 0,
            "0.00" : 0
          }
        },
        "lat_ns" : {
          "min" : 0,
          "max" : 0,
          "mean" : 0.000000,
          "stddev" : 0.000000
        },
        "bw_min" : 0,
        "bw_max" : 0,
        "bw_agg" : 0.000000,
        "bw_mean" : 0.000000,
        "bw_dev" : 0.000000,
        "bw_samples" : 0,
        "iops_min" : 0,
        "iops_max" : 0,
        "iops_mean" : 0.000000,
        "iops_stddev" : 0.000000,
        "iops_samples" : 0
      },
      "trim" : {
        "io_bytes" : 0,
        "io_kbytes" : 0,
        "bw" : 0,
        "iops" : 0.000000,
        "runtime" : 0,
        "total_ios" : 0,
        "short_ios" : 0,
        "drop_ios" : 0,
        "slat_ns" : {
          "min" : 0,
          "max" : 0,
          "mean" : 0.000000,
          "stddev" : 0.000000
        },
        "clat_ns" : {
          "min" : 0,
          "max" : 0,
          "mean" : 0.000000,
          "stddev" : 0.000000,
          "percentile" : {
            "1.000000" : 0,
            "5.000000" : 0,
            "10.000000" : 0,
            "20.000000" : 0,
            "30.000000" : 0,
            "40.000000" : 0,
            "50.000000" : 0,
            "60.000000" : 0,
            "70.000000" : 0,
            "80.000000" : 0,
            "90.000000" : 0,
            "95.000000" : 0,
            "99.000000" : 0,
            "99.500000" : 0,
            "99.900000" : 0,
            "99.950000" : 0,
            "99.990000" : 0,
            "0.00" : 0,
            "0.00" : 0,
            "0.00" : 0
          }
        },
        "lat_ns" : {
          "min" : 0,
          "max" : 0,
          "mean" : 0.000000,
          "stddev" : 0.000000
        },
        "bw_min" : 0,
        "bw_max" : 0,
        "bw_agg" : 0.000000,
        "bw_mean" : 0.000000,
        "bw_dev" : 0.000000,
        "bw_samples" : 0,
        "iops_min" : 0,
        "iops_max" : 0,
        "iops_mean" : 0.000000,
        "iops_stddev" : 0.000000,
        "iops_samples" : 0
      },
      "usr_cpu" : 0.036534,
      "sys_cpu" : 0.114233,
      "ctx" : 108640,
      "majf" : 0,
      "minf" : 2012,
      "iodepth_level" : {
        "1" : 0.100000,
        "2" : 0.118292,
        "4" : 99.822562,
        "8" : 0.000000,
        "16" : 0.000000,
        "32" : 0.000000,
        ">=64" : 0.000000
      },
      "latency_ns" : {
        "2" : 0.000000,
        "4" : 0.000000,
        "10" : 0.000000,
        "20" : 0.000000,
        "50" : 0.000000,
        "100" : 0.000000,
        "250" : 0.000000,
        "500" : 0.000000,
        "750" : 0.000000,
        "1000" : 0.000000
      },
      "latency_us" : {
        "2" : 0.000000,
        "4" : 0.000000,
        "10" : 0.000000,
        "20" : 0.000000,
        "50" : 0.000000,
        "100" : 0.000000,
        "250" : 0.010000,
        "500" : 0.010000,
        "750" : 0.010000,
        "1000" : 0.000000
      },
      "latency_ms" : {
        "2" : 0.000000,
        "4" : 1.291044,
        "10" : 10.470672,
        "20" : 13.540714,
        "50" : 21.672350,
        "100" : 16.897243,
        "250" : 19.370281,
        "500" : 10.178639,
        "750" : 3.618990,
        "1000" : 1.649616,
        "2000" : 1.254078,
        ">=2000" : 0.044359
      },
      "latency_depth" : 4,
      "latency_target" : 0,
      "latency_percentile" : 100.000000,
      "latency_window" : 0
    }
  ],
  "disk_util" : [
    {
      "name" : "md6",
      "read_ios" : 108207,
      "write_ios" : 0,
      "read_merges" : 0,
      "write_merges" : 0,
      "read_ticks" : 0,
      "write_ticks" : 0,
      "in_queue" : 0,
      "util" : 0.000000,
      "aggr_read_ios" : 13525,
      "aggr_write_ios" : 0,
      "aggr_read_merges" : 0,
      "aggr_write_merge" : 0,
      "aggr_read_ticks" : 1910561,
      "aggr_write_ticks" : 0,
      "aggr_in_queue" : 1911140,
      "aggr_util" : 99.833797
    },
    {
      "name" : "sdf",
      "read_ios" : 13615,
      "write_ios" : 0,
      "read_merges" : 0,
      "write_merges" : 0,
      "read_ticks" : 720560,
      "write_ticks" : 0,
      "in_queue" : 720772,
      "util" : 98.622653
    },
    {
      "name" : "sdd",
      "read_ios" : 13479,
      "write_ios" : 0,
      "read_merges" : 0,
      "write_merges" : 0,
      "read_ticks" : 999780,