{
  "fio version" : "fio-3.1",
  "timestamp" : 1565002469,
  "timestamp_ms" : 1565002469916,
  "time" : "Mon Aug  5 12:54:29 2019",
  "jobs" : [
    {
      "jobname" : "random-read",
      "groupid" : 0,
      "error" : 0,
      "eta" : 0,
      "elapsed" : 61,
      "job options" : {
        "rw" : "randwrite",
        "bs" : "4k",
        "ioengine" : "libaio",
        "iodepth" : "64",
        "direct" : "1",
        "invalidate" : "1",
        "refill_buffers" : "1",
        "runtime" : "60",
        "numjobs" : "4",
        "group_reporting" : "1",
        "write_bw_log" : "random-read-depth-64",
        "write_lat_log" : "random-read-depth-64",
        "write_iops_log" : "random-read-depth-64",
        "log_avg_msec" : "500",
        "filename" : "/dev/md127"
      },
      "read" : {
        "io_bytes" : 0,
        "io_kbytes" : 0,
        "bw" : 0,
        "iops" : 0.000000,
        "runtime" : 0,
        "total_ios" : 0,
        "short_ios" : 0,
        "drop_ios" : 0,
        "slat_ns" : {
          "min" : 0,
          "max" : 0,
          "mean" : 0.000000,
          "stddev" : 0.000000
        },
        "clat_ns" : {
          "min" : 0,
          "max" : 0,
          "mean" : 0.000000,
          "stddev" : 0.000000,
          "percentile" : {
            "1.000000" : 0,
            "5.000000" : 0,
            "10.000000" : 0,
            "20.000000" : 0,
            "30.000000" : 0,
            "40.000000" : 0,
            "50.000000" : 0,
            "60.000000" : 0,
            "70.000000" : 0,
            "80.000000" : 0,
            "90.000000" : 0,
            "95.000000" : 0,
            "99.000000" : 0,
            "99.500000" : 0,
            "99.900000" : 0,
            "99.950000" : 0,
            "99.990000" : 0,
            "0.00" : 0,
            "0.00" : 0,
            "0.00" : 0
          }
        },
        "lat_ns" : {
          "min" : 0,
          "max" : 0,
          "mean" : 0.000000,
          "stddev" : 0.000000
        },
        "bw_min" : 0,
        "bw_max" : 0,
        "bw_agg" : 0.000000,
        "bw_mean" : 0.000000,
        "bw_dev" : 0.000000,
        "bw_samples" : 0,
        "iops_min" : 0,
        "iops_max" : 0,
        "iops_mean" : 0.000000,
        "iops_stddev" : 0.000000,
        "iops_samples" : 0
      },
      "write" : {
        "io_bytes" : 4902559744,
        "io_kbytes" : 4787656,
        "bw" : 79761,
        "iops" : 19940.258226,
        "runtime" : 60025,
        "total_ios" : 1196914,
        "short_ios" : 0,
        "drop_ios" : 0,
        "slat_ns" : {
          "min" : 2597,
          "max" : 77551759,
          "mean" : 158310.071637,
          "stddev" : 1134866.051417
        },
        "clat_ns" : {
          "min" : 3257,
          "max" : 99558819,
          "mean" : 12675778.035059,
          "stddev" : 9606661.697936,
          "percentile" : {
            "1.000000" : 99840,
            "5.000000" : 199680,
            "10.000000" : 382976,
            "20.000000" : 921600,
            "30.000000" : 8355840,
            "40.000000" : 9109504,
            "50.000000" : 9895936,
            "60.000000" : 15269888,
            "70.000000" : 18743296,
            "80.000000" : 20316160,
            "90.000000" : 27394048,
            "95.000000" : 28966912,
            "99.000000" : 35389440,
            "99.500000" : 37486592,
            "99.900000" : 42205184,
            "99.950000" : 45875200,
            "99.990000" : 81264640,
            "0.00" : 0,
            "0.00" : 0,
            "0.00" : 0
          }
        },
        "lat_ns" : {
          "min" : 42287,
          "max" : 99561827,
          "mean" : 12834342.746262,
          "stddev" : 9801684.092730
        },
        "bw_min" : 17120,
        "bw_max" : 22344,
        "bw_agg" : 25.023905,
        "bw_mean" : 19959.316667,
        "bw_dev" : 912.934309,
        "bw_samples" : 480,
        "iops_min" : 4280,
        "iops_max" : 5586,
        "iops_mean" : 4989.697917,
        "iops_stddev" : 228.230377,
        "iops_samples" : 480
      },
      "trim" : {
        "io_bytes" : 0,
        "io_kbytes" : 0,
        "bw" : 0,
        "iops" : 0.000000,
        "runtime" : 0,
        "total_ios" : 0,
        "short_ios" : 0,
        "drop_ios" : 0,
        "slat_ns" : {
          "min" : 0,
          "max" : 0,
          "mean" : 0.000000,
          "stddev" : 0.000000
        },
        "clat_ns" : {
          "min" : 0,
          "max" : 0,
          "mean" : 0.000000,
          "stddev" : 0.000000,
          "percentile" : {
            "1.000000" : 0,
            "5.000000" : 0,
            "10.000000" : 0,
            "20.000000" : 0,
            "30.000000" : 0,
            "40.000000" : 0,
            "50.000000" : 0,
            "60.000000" : 0,
            "70.000000" : 0,
            "80.000000" : 0,
            "90.000000" : 0,
            "95.000000" : 0,
            "99.000000" : 0,
            "99.500000" : 0,
            "99.900000" : 0,
            "99.950000" : 0,
            "99.990000" : 0,
            "0.00" : 0,
            "0.00" : 0,
            "0.00" : 0
          }
        },
        "lat_ns" : {
          "min" : 0,
          "max" : 0,
          "mean" : 0.000000,
          "stddev" : 0.000000
        },
        "bw_min" : 0,
        "bw_max" : 0,
        "bw_agg" : 0.000000,
        "bw_mean" : 0.000000,
        "bw_dev" : 0.000000,
        "bw_samples" : 0,
        "iops_min" : 0,
        "iops_max" : 0,
        "iops_mean" : 0.000000,
        "iops_stddev" : 0.000000,
        "iops_samples" : 0
      },
      "usr_cpu" : 2.149185,
      "sys_cpu" : 3.454940,
      "ctx" : 168745,
      "majf" : 0,
      "minf" : 19285,
      "iodepth_level" : {
        "1" : 0.100000,
        "2" : 0.100000,
        "4" : 0.100000,
        "8" : 0.100000,
        "16" : 0.100000,
        "32" : 0.100000,
        ">=64" : 99.978946
      },
      "latency_ns" : {
        "2" : 0.000000,
        "4" : 0.000000,
        "10" : 0.000000,
        "20" : 0.000000,
        "50" : 0.000000,
        "100" : 0.000000,
        "250" : 0.000000,
        "500" : 0.000000,
        "750" : 0.000000,
        "1000" : 0.000000
      },
      "latency_us" : {
        "2" : 0.000000,
        "4" : 0.010000,
        "10" : 0.000000,
        "20" : 0.000000,
        "50" : 0.024730,
        "100" : 0.958381,
        "250" : 6.207046,
        "500" : 4.365309,
        "750" : 3.992183,
        "1000" : 5.926407
      },
      "latency_ms" : {
        "2" : 1.665032,
        "4" : 0.686181,
        "10" : 27.310651,
        "20" : 27.650775,
        "50" : 21.171112,
        "100" : 0.042108,
        "250" : 0.000000,
        "500" : 0.000000,
        "750" : 0.000000,
        "1000" : 0.000000,
        "2000" : 0.000000,
        ">=2000" : 0.000000
      },
      "latency_depth" : 64,
      "latency_target" : 0,
      "latency_percentile" : 100.000000,
      "latency_window" : 0
    }
  ],
  "disk_util" : [
    {
      "name" : "md127",
      "read_ios" : 21,
      "write_ios" : 1194101,
      "read_merges" : 0,
      "write_merges" : 0,
      "read_ticks" : 0,
      "write_ticks" : 0,
      "in_queue" : 0,
      "util" : 0.000000,
      "aggr_read_ios" : 23,
      "aggr_write_ios" : 398971,
      "aggr_read_merges" : 0,
      "aggr_write_merge" : 0,
      "aggr_read_ticks" : 21,
      "aggr_write_ticks" : 3715201,
      "aggr_in_queue" : 3715793,
      "aggr_util" : 78.051536
    },
    {
      "name" : "sdd",
      "read_ios" : 30,
      "write_ios" : 399316,
      "read_merges" : 0,
      "write_merges" : 0,
      "read_ticks" : 16,
      "write_ticks" : 1652248,
      "in_queue" : 1652156,
      "util" : 40.360145
    },
    {
      "name" : "sdb",
      "read_ios" : 24,
      "write_ios" : 398163,
      "read_merges" : 0,
      "write_merges" : 0,
      "read_ticks" : 36,
      "write_ticks" : 3996556,
      "in_queue" : 3997976,
      "util" : 64.757285
    },
    {
      "name" : "sdc",