{
  "fio version" : "fio-3.1",
  "timestamp" : 1574004715,
  "timestamp_ms" : 1574004715936,
  "time" : "Sun Nov 17 16:31:55 2019",
  "jobs" : [
    {
      "jobname" : "iotest",
      "groupid" : 0,
      "error" : 0,
      "eta" : 0,
      "elapsed" : 61,
      "job options" : {
        "rw" : "randrw",
        "bs" : "4k",
        "ioengine" : "libaio",
        "iodepth" : "2",
        "direct" : "1",
        "invalidate" : "1",
        "refill_buffers" : "1",
        "runtime" : "60",
        "numjobs" : "8",
        "group_reporting" : "1",
        "write_bw_log" : "randrw-iodepth-2-numjobs-8",
        "write_lat_log" : "randrw-iodepth-2-numjobs-8",
        "write_iops_log" : "randrw-iodepth-2-numjobs-8",
        "log_avg_msec" : "250",
        "filename" : "/dev/md0"
      },
      "read" : {
        "io_bytes" : 10512424960,
        "io_kbytes" : 10266040,
        "bw" : 171097,
        "iops" : 42774.453759,
        "runtime" : 60001,
        "total_ios" : 2566510,
        "short_ios" : 0,
        "drop_ios" : 0,
        "slat_ns" : {
          "min" : 3373,
          "max" : 620405,
          "mean" : 10262.414906,
          "stddev" : 5025.506399
        },
        "clat_ns" : {
          "min" : 1293,
          "max" : 5050729,
          "mean" : 198111.165784,
          "stddev" : 135788.759511,
          "percentile" : {
            "1.000000" : 80384,
            "5.000000" : 90624,
            "10.000000" : 98816,
            "20.000000" : 114176,
            "30.000000" : 177152,
            "40.000000" : 189440,
            "50.000000" : 197632,
            "60.000000" : 203776,
            "70.000000" : 209920,
            "80.000000" : 218112,
            "90.000000" : 284672,
            "95.000000" : 309248,
            "99.000000" : 552960,
            "99.500000" : 1089536,
            "99.900000" : 2072576,
            "99.950000" : 2277376,
            "99.990000" : 2801664,
            "0.00" : 0,
            "0.00" : 0,
            "0.00" : 0
          }
        },
        "lat_ns" : {
          "min" : 63495,
          "max" : 5068193,
          "mean" : 208703.760522,
          "stddev" : 135944.858340
        },
        "bw_min" : 17317,
        "bw_max" : 25060,
        "bw_agg" : 12.524882,
        "bw_mean" : 21429.697808,
        "bw_dev" : 1219.601159,
        "bw_samples" : 1916,
        "iops_min" : 4329,
        "iops_max" : 6265,
        "iops_mean" : 5357.247912,
        "iops_stddev" : 304.928265,
        "iops_samples" : 1916
      },
      "write" : {
        "io_bytes" : 10518806528,
        "io_kbytes" : 10272272,
        "bw" : 171201,
        "iops" : 42800.419993,
        "runtime" : 60001,
        "total_ios" : 2568068,
        "short_ios" : 0,
        "drop_ios" : 0,
        "slat_ns" : {
          "min" : 3490,
          "max" : 1201618,
          "mean" : 10459.288212,
          "stddev" : 5153.940917
        },
        "clat_ns" : {
          "min" : 1720,
          "max" : 2436056,
          "mean" : 148615.013020,
          "stddev" : 49924.798369,
          "percentile" : {
            "1.000000" : 77312,
            "5.000000" : 85504,
            "10.000000" : 90624,
            "20.000000" : 98816,
            "30.000000" : 107008,
            "40.000000" : 115200,
            "50.000000" : 148480,
            "60.000000" : 183296,
            "70.000000" : 189440,
            "80.000000" : 195584,
            "90.000000" : 201728,
            "95.000000" : 207872,
            "99.000000" : 224256,
            "99.500000" : 234496,
            "99.900000" : 432128,
            "99.950000" : 497664,
            "99.990000" : 741376,
            "0.00" : 0,
            "0.00" : 0,
            "0.00" : 0
          }
        },
        "lat_ns" : {
          "min" : 63986,
          "max" : 2440385,
          "mean" : 159408.496521,
          "stddev" : 50467.247661
        },
        "bw_min" : 17253,
        "bw_max" : 25156,
        "bw_agg" : 12.524548,
        "bw_mean" : 21442.150835,
        "bw_dev" : 1247.970642,
        "bw_samples" : 1916,
        "iops_min" : 4313,
        "iops_max" : 6289,
        "iops_mean" : 5360.356994,
        "iops_stddev" : 312.016167,
        "iops_samples" : 1916
      },
      "trim" : {
        "io_bytes" : 0,
        "io_kbytes" : 0,
        "bw" : 0,
        "iops" : 0.000000,
        "runtime" : 0,
        "total_ios" : 0,
        "short_ios" : 0,
        "drop_ios" : 0,
        "slat_ns" : {
          "min" : 0,
          "max" : 0,
          "mean" : 0.000000,
          "stddev" : 0.000000
        },
        "clat_ns" : {
          "min" : 0,
          "max" : 0,
          "mean" : 0.000000,
          "stddev" : 0.000000,
          "percentile" : {
            "1.000000" : 0,
            "5.000000" : 0,
            "10.000000" : 0,
            "20.000000" : 0,
            "30.000000" : 0,
            "40.000000" : 0,
            "50.000000" : 0,
            "60.000000" : 0,
            "70.000000" : 0,
            "80.000000" : 0,
            "90.000000" : 0,
            "95.000000" : 0,
            "99.000000" : 0,
            "99.500000" : 0,
            "99.900000" : 0,
            "99.950000" : 0,
            "99.990000" : 0,
            "0.00" : 0,
            "0.00" : 0,
            "0.00" : 0
          }
        },
        "lat_ns" : {
          "min" : 0,
          "max" : 0,
          "mean" : 0.000000,
          "stddev" : 0.000000
        },
        "bw_min" : 0,
        "bw_max" : 0,
        "bw_agg" : 0.000000,
        "bw_mean" : 0.000000,
        "bw_dev" : 0.000000,
        "bw_samples" : 0,
        "iops_min" : 0,
        "iops_max" : 0,
        "iops_mean" : 0.000000,
        "iops_stddev" : 0.000000,
        "iops_samples" : 0
      },
      "usr_cpu" : 6.796875,
      "sys_cpu" : 15.603958,
      "ctx" : 3465729,
      "majf" : 0,
      "minf" : 45049,
      "iodepth_level" : {
        "1" : 0.100000,
        "2" : 99.999844,
        "4" : 0.000000,
        "8" : 0.000000,
        "16" : 0.000000,
        "32" : 0.000000,
        ">=64" : 0.000000
      },
      "latency_ns" : {
        "2" : 0.000000,
        "4" : 0.000000,
        "10" : 0.000000,
        "20" : 0.000000,
        "50" : 0.000000,
        "100" : 0.000000,
        "250" : 0.000000,
        "500" : 0.000000,
        "750" : 0.000000,
        "1000" : 0.000000
      },
      "latency_us" : {
        "2" : 0.010000,
        "4" : 0.010000,
        "10" : 0.010000,
        "20" : 0.010000,
        "50" : 0.010000,
        "100" : 16.327379,
        "250" : 77.517218,
        "500" : 5.490169,
        "750" : 0.306374,
        "1000" : 0.080182
      },
      "latency_ms" : {
        "2" : 0.216727,
        "4" : 0.059284,
        "10" : 0.010000,
        "20" : 0.000000,
        "50" : 0.000000,
        "100" : 0.000000,
        "250" : 0.000000,
        "500" : 0.000000,
        "750" : 0.000000,
        "1000" : 0.000000,
        "2000" : 0.000000,
        ">=2000" : 0.000000
      },
      "latency_depth" : 2,
      "latency_target" : 0,
      "latency_percentile" : 100.000000,
      "latency_window" : 0
    }
  ],
  "disk_util" : [
    {
      "name" : "md0",
      "read_ios" : 2560231,
      "write_ios" : 2561745,
      "read_merges" : 0,
      "write_merges" : 0,
      "read_ticks" : 0,
      "write_ticks" : 0,
      "in_queue" : 0,
      "util" : 0.000000,
      "aggr_read_ios" : 855653,
      "aggr_write_ios" : 856022,
      "aggr_read_merges" : 8,
      "aggr_write_merge" : 0,
      "aggr_read_ticks" : 162805,
      "aggr_write_ticks" : 119985,
      "aggr_in_queue" : 283010,
      "aggr_util" : 99.268860
    },
    {
      "name" : "sdd",
      "read_ios" : 837946,
      "write_ios" : 837542,
      "read_merges" : 0,
      "write_merges" : 0,
      "read_ticks" : 143348,
      "write_ticks" : 114076,
      "in_queue" : 257432,
      "util" : 97.625496
    },
    {
      "name" : "sdb",
      "read_ios" : 892359,
      "write_ios" : 893137,