{
  "fio version" : "fio-3.1",
  "timestamp" : 1574006840,
  "timestamp_ms" : 1574006840486,
  "time" : "Sun Nov 17 17:07:20 2019",
  "jobs" : [
    {
      "jobname" : "iotest",
      "groupid" : 0,
      "error" : 0,
      "eta" : 0,
      "elapsed" : 61,
      "job options" : {
        "rw" : "randrw",
        "bs" : "4k",
        "ioengine" : "libaio",
        "iodepth" : "64",
        "direct" : "1",
        "invalidate" : "1",
        "refill_buffers" : "1",
        "runtime" : "60",
        "numjobs" : "8",
        "group_reporting" : "1",
        "write_bw_log" : "randrw-iodepth-64-numjobs-8",
        "write_lat_log" : "randrw-iodepth-64-numjobs-8",
        "write_iops_log" : "randrw-iodepth-64-numjobs-8",
        "log_avg_msec" : "250",
        "filename" : "/dev/md0"
      },
      "read" : {
        "io_bytes" : 18871050240,
        "io_kbytes" : 18428760,
        "bw" : 307125,
        "iops" : 76781.381241,
        "runtime" : 60004,
        "total_ios" : 4607190,
        "short_ios" : 0,
        "drop_ios" : 0,
        "slat_ns" : {
          "min" : 3143,
          "max" : 4988270,
          "mean" : 45531.547522,
          "stddev" : 249513.230768
        },
        "clat_ns" : {
          "min" : 89228,
          "max" : 12463675,
          "mean" : 3333790.880092,
          "stddev" : 1345647.037843,
          "percentile" : {
            "1.000000" : 815104,
            "5.000000" : 1318912,
            "10.000000" : 1630208,
            "20.000000" : 2056192,
            "30.000000" : 2506752,
            "40.000000" : 2899968,
            "50.000000" : 3260416,
            "60.000000" : 3620864,
            "70.000000" : 4014080,
            "80.000000" : 4489216,
            "90.000000" : 5144576,
            "95.000000" : 5668864,
            "99.000000" : 6586368,
            "99.500000" : 6979584,
            "99.900000" : 7831552,
            "99.950000" : 8224768,
            "99.990000" : 8978432,
            "0.00" : 0,
            "0.00" : 0,
            "0.00" : 0
          }
        },
        "lat_ns" : {
          "min" : 95386,
          "max" : 12468647,
          "mean" : 3379519.227727,
          "stddev" : 1389230.237467
        },
        "bw_min" : 32388,
        "bw_max" : 43776,
        "bw_agg" : 12.562947,
        "bw_mean" : 38583.949479,
        "bw_dev" : 1467.426750,
        "bw_samples" : 1920,
        "iops_min" : 8097,
        "iops_max" : 10944,
        "iops_mean" : 9645.786458,
        "iops_stddev" : 366.845064,
        "iops_samples" : 1920
      },
      "write" : {
        "io_bytes" : 18880458752,
        "io_kbytes" : 18437948,
        "bw" : 307278,
        "iops" : 76819.662023,
        "runtime" : 60004,
        "total_ios" : 4609487,
        "short_ios" : 0,
        "drop_ios" : 0,
        "slat_ns" : {
          "min" : 3148,
          "max" : 6228544,
          "mean" : 45910.878582,
          "stddev" : 250657.340553
        },
        "clat_ns" : {
          "min" : 90212,
          "max" : 10949789,
          "mean" : 3237107.826651,
          "stddev" : 1315009.402978,
          "percentile" : {
            "1.000000" : 774144,
            "5.000000" : 1269760,
            "10.000000" : 1581056,
            "20.000000" : 1990656,
            "30.000000" : 2408448,
            "40.000000" : 2801664,
            "50.000000" : 3194880,
            "60.000000" : 3555328,
            "70.000000" : 3915776,
            "80.000000" : 4423680,
            "90.000000" : 5013504,
            "95.000000" : 5537792,
            "99.000000" : 6324224,
            "99.500000" : 6651904,
            "99.900000" : 7438336,
            "99.950000" : 7700480,
            "99.990000" : 8454144,
            "0.00" : 0,
            "0.00" : 0,
            "0.00" : 0
          }
        },
        "lat_ns" : {
          "min" : 96567,
          "max" : 11083822,
          "mean" : 3283217.961059,
          "stddev" : 1358840.119330
        },
        "bw_min" : 32502,
        "bw_max" : 45472,
        "bw_agg" : 12.562866,
        "bw_mean" : 38602.923958,
        "bw_dev" : 1453.547626,
        "bw_samples" : 1920,
        "iops_min" : 8125,
        "iops_max" : 11368,
        "iops_mean" : 9650.512500,
        "iops_stddev" : 363.367192,
        "iops_samples" : 1920
      },
      "trim" : {
        "io_bytes" : 0,
        "io_kbytes" : 0,
        "bw" : 0,
        "iops" : 0.000000,
        "runtime" : 0,
        "total_ios" : 0,
        "short_ios" : 0,
        "drop_ios" : 0,
        "slat_ns" : {
          "min" : 0,
          "max" : 0,
          "mean" : 0.000000,
          "stddev" : 0.000000
        },
        "clat_ns" : {
          "min" : 0,
          "max" : 0,
          "mean" : 0.000000,
          "stddev" : 0.000000,
          "percentile" : {
            "1.000000" : 0,
            "5.000000" : 0,
            "10.000000" : 0,
            "20.000000" : 0,
            "30.000000" : 0,
            "40.000000" : 0,
            "50.000000" : 0,
            "60.000000" : 0,
            "70.000000" : 0,
            "80.000000" : 0,
            "90.000000" : 0,
            "95.000000" : 0,
            "99.000000" : 0,
            "99.500000" : 0,
            "99.900000" : 0,
            "99.950000" : 0,
            "99.990000" : 0,
            "0.00" : 0,
            "0.00" : 0,
            "0.00" : 0
          }
        },
        "lat_ns" : {
          "min" : 0,
          "max" : 0,
          "mean" : 0.000000,
          "stddev" : 0.000000
        },
        "bw_min" : 0,
        "bw_max" : 0,
        "bw_agg" : 0.000000,
        "bw_mean" : 0.000000,
        "bw_dev" : 0.000000,
        "bw_samples" : 0,
        "iops_min" : 0,
        "iops_max" : 0,
        "iops_mean" : 0.000000,
        "iops_stddev" : 0.000000,
        "iops_samples" : 0
      },
      "usr_cpu" : 4.946440,
      "sys_cpu" : 10.116828,
      "ctx" : 486461,
      "majf" : 0,
      "minf" : 45381,
      "iodepth_level" : {
        "1" : 0.100000,
        "2" : 0.100000,
        "4" : 0.100000,
        "8" : 0.100000,
        "16" : 0.100000,
        "32" : 0.100000,
        ">=64" : 99.994532
      },
      "latency_ns" : {
        "2" : 0.000000,
        "4" : 0.000000,
        "10" : 0.000000,
        "20" : 0.000000,
        "50" : 0.000000,
        "100" : 0.000000,
        "250" : 0.000000,
        "500" : 0.000000,
        "750" : 0.000000,
        "1000" : 0.000000
      },
      "latency_us" : {
        "2" : 0.000000,
        "4" : 0.000000,
        "10" : 0.000000,
        "20" : 0.000000,
        "50" : 0.000000,
        "100" : 0.010000,
        "250" : 0.030608,
        "500" : 0.194832,
        "750" : 0.604708,
        "1000" : 1.309127
      },
      "latency_ms" : {
        "2" : 17.322664,
        "4" : 51.225979,
        "10" : 29.310987,
        "20" : 0.010000,
        "50" : 0.000000,
        "100" : 0.000000,
        "250" : 0.000000,
        "500" : 0.000000,
        "750" : 0.000000,
        "1000" : 0.000000,
        "2000" : 0.000000,
        ">=2000" : 0.000000
      },
      "latency_depth" : 64,
      "latency_target" : 0,
      "latency_percentile" : 100.000000,
      "latency_window" : 0
    }
  ],
  "disk_util" : [
    {
      "name" : "md0",
      "read_ios" : 4595678,
      "write_ios" : 4597975,
      "read_merges" : 0,
      "write_merges" : 0,
      "read_ticks" : 0,
      "write_ticks" : 0,
      "in_queue" : 0,
      "util" : 0.000000,
      "aggr_read_ios" : 1535880,
      "aggr_write_ios" : 1536495,
      "aggr_read_merges" : 8,
      "aggr_write_merge" : 0,
      "aggr_read_ticks" : 2992970,
      "aggr_write_ticks" : 2880854,
      "aggr_in_queue" : 5881140,
      "aggr_util" : 99.777416
    },
    {
      "name" : "sdd",
      "read_ios" : 1503318,
      "write_ios" : 1503573,
      "read_merges" : 0,
      "write_merges" : 0,
      "read_ticks" : 1588728,
      "write_ticks" : 1519852,
      "in_queue" : 3112120,