{
  "fio version" : "fio-3.1",
  "timestamp" : 1574006961,
  "timestamp_ms" : 1574006961932,
  "time" : "Sun Nov 17 17:09:21 2019",
  "jobs" : [
    {
      "jobname" : "iotest",
      "groupid" : 0,
      "error" : 0,
      "eta" : 0,
      "elapsed" : 61,
      "job options" : {
        "rw" : "randrw",
        "bs" : "4k",
        "ioengine" : "libaio",
        "iodepth" : "64",
        "direct" : "1",
        "invalidate" : "1",
        "refill_buffers" : "1",
        "runtime" : "60",
        "numjobs" : "32",
        "group_reporting" : "1",
        "write_bw_log" : "randrw-iodepth-64-numjobs-32",
        "write_lat_log" : "randrw-iodepth-64-numjobs-32",
        "write_iops_log" : "randrw-iodepth-64-numjobs-32",
        "log_avg_msec" : "250",
        "filename" : "/dev/md0"
      },
      "read" : {
        "io_bytes" : 18610679808,
        "io_kbytes" : 18174492,
        "bw" : 302877,
        "iops" : 75719.478052,
        "runtime" : 60006,
        "total_ios" : 4543623,
        "short_ios" : 0,
        "drop_ios" : 0,
        "slat_ns" : {
          "min" : 2996,
          "max" : 21719265,
          "mean" : 203770.942874,
          "stddev" : 1139228.399473
        },
        "clat_ns" : {
          "min" : 105425,
          "max" : 57885622,
          "mean" : 13411061.667908,
          "stddev" : 5722154.904551,
          "percentile" : {
            "1.000000" : 2146304,
            "5.000000" : 3653632,
            "10.000000" : 6258688,
            "20.000000" : 8585216,
            "30.000000" : 10944512,
            "40.000000" : 12386304,
            "50.000000" : 13303808,
            "60.000000" : 14221312,
            "70.000000" : 15400960,
            "80.000000" : 17694720,
            "90.000000" : 20578304,
            "95.000000" : 23461888,
            "99.000000" : 29491200,
            "99.500000" : 31850496,
            "99.900000" : 36962304,
            "99.950000" : 39059456,
            "99.990000" : 43778048,
            "0.00" : 0,
            "0.00" : 0,
            "0.00" : 0
          }
        },
        "lat_ns" : {
          "min" : 109674,
          "max" : 57890450,
          "mean" : 13615047.422110,
          "stddev" : 5841909.562574
        },
        "bw_min" : 5587,
        "bw_max" : 15196,
        "bw_agg" : 3.148973,
        "bw_mean" : 9537.513802,
        "bw_dev" : 1010.934275,
        "bw_samples" : 7680,
        "iops_min" : 1396,
        "iops_max" : 3799,
        "iops_mean" : 2384.145443,
        "iops_stddev" : 252.715435,
        "iops_samples" : 7680
      },
      "write" : {
        "io_bytes" : 18617647104,
        "io_kbytes" : 18181296,
        "bw" : 302991,
        "iops" : 75747.825217,
        "runtime" : 60006,
        "total_ios" : 4545324,
        "short_ios" : 0,
        "drop_ios" : 0,
        "slat_ns" : {
          "min" : 3174,
          "max" : 25438286,
          "mean" : 205789.562653,
          "stddev" : 1145396.879945
        },
        "clat_ns" : {
          "min" : 93537,
          "max" : 56018205,
          "mean" : 13205398.106851,
          "stddev" : 5730672.168097,
          "percentile" : {
            "1.000000" : 2056192,
            "5.000000" : 3522560,
            "10.000000" : 6062080,
            "20.000000" : 8224768,
            "30.000000" : 10682368,
            "40.000000" : 12124160,
            "50.000000" : 13172736,
            "60.000000" : 14090240,
            "70.000000" : 15138816,
            "80.000000" : 17432576,
            "90.000000" : 20578304,
            "95.000000" : 23199744,
            "99.000000" : 29491200,
            "99.500000" : 31588352,
            "99.900000" : 36438016,
            "99.950000" : 39059456,
            "99.990000" : 43778048,
            "0.00" : 0,
            "0.00" : 0,
            "0.00" : 0
          }
        },
        "lat_ns" : {
          "min" : 98054,
          "max" : 64082208,
          "mean" : 13411405.500977,
          "stddev" : 5851035.115141
        },
        "bw_min" : 5700,
        "bw_max" : 15855,
        "bw_agg" : 3.149008,
        "bw_mean" : 9541.209635,
        "bw_dev" : 1003.420881,
        "bw_samples" : 7680,
        "iops_min" : 1425,
        "iops_max" : 3963,
        "iops_mean" : 2385.072396,
        "iops_stddev" : 250.835138,
        "iops_samples" : 7680
      },
      "trim" : {
        "io_bytes" : 0,
        "io_kbytes" : 0,
        "bw" : 0,
        "iops" : 0.000000,
        "runtime" : 0,
        "total_ios" : 0,
        "short_ios" : 0,
        "drop_ios" : 0,
        "slat_ns" : {
          "min" : 0,
          "max" : 0,
          "mean" : 0.000000,
          "stddev" : 0.000000
        },
        "clat_ns" : {
          "min" : 0,
          "max" : 0,
          "mean" : 0.000000,
          "stddev" : 0.000000,
          "percentile" : {
            "1.000000" : 0,
            "5.000000" : 0,
            "10.000000" : 0,
            "20.000000" : 0,
            "30.000000" : 0,
            "40.000000" : 0,
            "50.000000" : 0,
            "60.000000" : 0,
            "70.000000" : 0,
            "80.000000" : 0,
            "90.000000" : 0,
            "95.000000" : 0,
            "99.000000" : 0,
            "99.500000" : 0,
            "99.900000" : 0,
            "99.950000" : 0,
            "99.990000" : 0,
            "0.00" : 0,
            "0.00" : 0,
            "0.00" : 0
          }
        },
        "lat_ns" : {
          "min" : 0,
          "max" : 0,
          "mean" : 0.000000,
          "stddev" : 0.000000
        },
        "bw_min" : 0,
        "bw_max" : 0,
        "bw_agg" : 0.000000,
        "bw_mean" : 0.000000,
        "bw_dev" : 0.000000,
        "bw_samples" : 0,
        "iops_min" : 0,
        "iops_max" : 0,
        "iops_mean" : 0.000000,
        "iops_stddev" : 0.000000,
        "iops_samples" : 0
      },
      "usr_cpu" : 1.346542,
      "sys_cpu" : 3.002389,
      "ctx" : 432983,
      "majf" : 0,
      "minf" : 169510,
      "iodepth_level" : {
        "1" : 0.100000,
        "2" : 0.100000,
        "4" : 0.100000,
        "8" : 0.100000,
        "16" : 0.100000,
        "32" : 0.100000,
        ">=64" : 99.977819
      },
      "latency_ns" : {
        "2" : 0.000000,
        "4" : 0.000000,
        "10" : 0.000000,
        "20" : 0.000000,
        "50" : 0.000000,
        "100" : 0.000000,
        "250" : 0.000000,
        "500" : 0.000000,
        "750" : 0.000000,
        "1000" : 0.000000
      },
      "latency_us" : {
        "2" : 0.000000,
        "4" : 0.000000,
        "10" : 0.000000,
        "20" : 0.000000,
        "50" : 0.000000,
        "100" : 0.010000,
        "250" : 0.010000,
        "500" : 0.043118,
        "750" : 0.086886,
        "1000" : 0.133118
      },
      "latency_ms" : {
        "2" : 0.626101,
        "4" : 4.949572,
        "10" : 20.406720,
        "20" : 62.261382,
        "50" : 11.482551,
        "100" : 0.010000,
        "250" : 0.000000,
        "500" : 0.000000,
        "750" : 0.000000,
        "1000" : 0.000000,
        "2000" : 0.000000,
        ">=2000" : 0.000000
      },
      "latency_depth" : 64,
      "latency_target" : 0,
      "latency_percentile" : 100.000000,
      "latency_window" : 0
    }
  ],
  "disk_util" : [
    {
      "name" : "md0",
      "read_ios" : 4529823,
      "write_ios" : 4531459,
      "read_merges" : 0,
      "write_merges" : 0,
      "read_ticks" : 0,
      "write_ticks" : 0,
      "in_queue" : 0,
      "util" : 0.000000,
      "aggr_read_ios" : 1514790,
      "aggr_write_ios" : 1515108,
      "aggr_read_merges" : 13,
      "aggr_write_merge" : 0,
      "aggr_read_ticks" : 3616469,
      "aggr_write_ticks" : 3512704,
      "aggr_in_queue" : 7143397,
      "aggr_util" : 99.804110
    },
    {
      "name" : "sdd",
      "read_ios" : 1482242,
      "write_ios" : 1481274,
      "read_merges" : 0,
      "write_merges" : 0,
      "read_ticks" : 2658060,
      "write_ticks" : 2596972,
      "in_queue" : 5263472,