{
  "fio version" : "fio-3.1",
  "timestamp" : 1564939889,
  "timestamp_ms" : 1564939889455,
  "time" : "Sun Aug  4 19:31:29 2019",
  "jobs" : [
    {
      "jobname" : "random-read",
      "groupid" : 0,
      "error" : 0,
      "eta" : 0,
      "elapsed" : 61,
      "job options" : {
        "rw" : "randwrite",
        "bs" : "4k",
        "ioengine" : "libaio",
        "iodepth" : "16",
        "direct" : "1",
        "invalidate" : "1",
        "refill_buffers" : "1",
        "runtime" : "60",
        "numjobs" : "4",
        "group_reporting" : "1",
        "write_bw_log" : "random-read-depth-16",
        "write_lat_log" : "random-read-depth-16",
        "write_iops_log" : "random-read-depth-16",
        "log_avg_msec" : "500",
        "filename" : "/dev/md0"
      },
      "read" : {
        "io_bytes" : 0,
        "io_kbytes" : 0,
        "bw" : 0,
        "iops" : 0.000000,
        "runtime" : 0,
        "total_ios" : 0,
        "short_ios" : 0,
        "drop_ios" : 0,
        "slat_ns" : {
          "min" : 0,
          "max" : 0,
          "mean" : 0.000000,
          "stddev" : 0.000000
        },
        "clat_ns" : {
          "min" : 0,
          "max" : 0,
          "mean" : 0.000000,
          "stddev" : 0.000000,
          "percentile" : {
            "1.000000" : 0,
            "5.000000" : 0,
            "10.000000" : 0,
            "20.000000" : 0,
            "30.000000" : 0,
            "40.000000" : 0,
            "50.000000" : 0,
            "60.000000" : 0,
            "70.000000" : 0,
            "80.000000" : 0,
            "90.000000" : 0,
            "95.000000" : 0,
            "99.000000" : 0,
            "99.500000" : 0,
            "99.900000" : 0,
            "99.950000" : 0,
            "99.990000" : 0,
            "0.00" : 0,
            "0.00" : 0,
            "0.00" : 0
          }
        },
        "lat_ns" : {
          "min" : 0,
          "max" : 0,
          "mean" : 0.000000,
          "stddev" : 0.000000
        },
        "bw_min" : 0,
        "bw_max" : 0,
        "bw_agg" : 0.000000,
        "bw_mean" : 0.000000,
        "bw_dev" : 0.000000,
        "bw_samples" : 0,
        "iops_min" : 0,
        "iops_max" : 0,
        "iops_mean" : 0.000000,
        "iops_stddev" : 0.000000,
        "iops_samples" : 0
      },
      "write" : {
        "io_bytes" : 5054210048,
        "io_kbytes" : 4935752,
        "bw" : 82251,
        "iops" : 20562.891614,
        "runtime" : 60008,
        "total_ios" : 1233938,
        "short_ios" : 0,
        "drop_ios" : 0,
        "slat_ns" : {
          "min" : 2748,
          "max" : 1485910,
          "mean" : 16569.035505,
          "stddev" : 14157.124718
        },
        "clat_ns" : {
          "min" : 2315,
          "max" : 72912919,
          "mean" : 3088722.351249,
          "stddev" : 4116394.373348,
          "percentile" : {
            "1.000000" : 72192,
            "5.000000" : 107008,
            "10.000000" : 136192,
            "20.000000" : 160768,
            "30.000000" : 181248,
            "40.000000" : 205824,
            "50.000000" : 242688,
            "60.000000" : 391168,
            "70.000000" : 6782976,
            "80.000000" : 8454144,
            "90.000000" : 9109504,
            "95.000000" : 9633792,
            "99.000000" : 10944512,
            "99.500000" : 14090240,
            "99.900000" : 17694720,
            "99.950000" : 18743296,
            "99.990000" : 57409536,
            "0.00" : 0,
            "0.00" : 0,
            "0.00" : 0
          }
        },
        "lat_ns" : {
          "min" : 42303,
          "max" : 72931675,
          "mean" : 3105891.598733,
          "stddev" : 4114163.845725
        },
        "bw_min" : 16848,
        "bw_max" : 23259,
        "bw_agg" : 25.062639,
        "bw_mean" : 20614.270833,
        "bw_dev" : 992.640000,
        "bw_samples" : 480,
        "iops_min" : 4212,
        "iops_max" : 5814,
        "iops_mean" : 5153.358333,
        "iops_stddev" : 248.163435,
        "iops_samples" : 480
      },
      "trim" : {
        "io_bytes" : 0,
        "io_kbytes" : 0,
        "bw" : 0,
        "iops" : 0.000000,
        "runtime" : 0,
        "total_ios" : 0,
        "short_ios" : 0,
        "drop_ios" : 0,
        "slat_ns" : {
          "min" : 0,
          "max" : 0,
          "mean" : 0.000000,
          "stddev" : 0.000000
        },
        "clat_ns" : {
          "min" : 0,
          "max" : 0,
          "mean" : 0.000000,
          "stddev" : 0.000000,
          "percentile" : {
            "1.000000" : 0,
            "5.000000" : 0,
            "10.000000" : 0,
            "20.000000" : 0,
            "30.000000" : 0,
            "40.000000" : 0,
            "50.000000" : 0,
            "60.000000" : 0,
            "70.000000" : 0,
            "80.000000" : 0,
            "90.000000" : 0,
            "95.000000" : 0,
            "99.000000" : 0,
            "99.500000" : 0,
            "99.900000" : 0,
            "99.950000" : 0,
            "99.990000" : 0,
            "0.00" : 0,
            "0.00" : 0,
            "0.00" : 0
          }
        },
        "lat_ns" : {
          "min" : 0,
          "max" : 0,
          "mean" : 0.000000,
          "stddev" : 0.000000
        },
        "bw_min" : 0,
        "bw_max" : 0,
        "bw_agg" : 0.000000,
        "bw_mean" : 0.000000,
        "bw_dev" : 0.000000,
        "bw_samples" : 0,
        "iops_min" : 0,
        "iops_max" : 0,
        "iops_mean" : 0.000000,
        "iops_stddev" : 0.000000,
        "iops_samples" : 0
      },
      "usr_cpu" : 4.595110,
      "sys_cpu" : 11.473402,
      "ctx" : 332482,
      "majf" : 0,
      "minf" : 51802,
      "iodepth_level" : {
        "1" : 0.100000,
        "2" : 0.100000,
        "4" : 0.100000,
        "8" : 0.100000,
        "16" : 99.995138,
        "32" : 0.000000,
        ">=64" : 0.000000
      },
      "latency_ns" : {
        "2" : 0.000000,
        "4" : 0.000000,
        "10" : 0.000000,
        "20" : 0.000000,
        "50" : 0.000000,
        "100" : 0.000000,
        "250" : 0.000000,
        "500" : 0.000000,
        "750" : 0.000000,
        "1000" : 0.000000
      },
      "latency_us" : {
        "2" : 0.000000,
        "4" : 0.010000,
        "10" : 0.000000,
        "20" : 0.010000,
        "50" : 0.139067,
        "100" : 4.035292,
        "250" : 46.758184,
        "500" : 10.217288,
        "750" : 1.234422,
        "1000" : 0.891131
      },
      "latency_ms" : {
        "2" : 1.434108,
        "4" : 2.134305,
        "10" : 29.567369,
        "20" : 3.552448,
        "50" : 0.025771,
        "100" : 0.010373,
        "250" : 0.000000,
        "500" : 0.000000,
        "750" : 0.000000,
        "1000" : 0.000000,
        "2000" : 0.000000,
        ">=2000" : 0.000000
      },
      "latency_depth" : 16,
      "latency_target" : 0,
      "latency_percentile" : 100.000000,
      "latency_window" : 0
    }
  ],
  "disk_util" : [
    {
      "name" : "md0",
      "read_ios" : 21,
      "write_ios" : 1231063,
      "read_merges" : 0,
      "write_merges" : 0,
      "read_ticks" : 0,
      "write_ticks" : 0,
      "in_queue" : 0,
      "util" : 0.000000,
      "aggr_read_ios" : 23,
      "aggr_write_ios" : 411312,
      "aggr_read_merges" : 0,
      "aggr_write_merge" : 0,
      "aggr_read_ticks" : 29,
      "aggr_write_ticks" : 1246836,
      "aggr_in_queue" : 1247306,
      "aggr_util" : 74.368687
    },
    {
      "name" : "sdd",
      "read_ios" : 12,
      "write_ios" : 411105,
      "read_merges" : 0,
      "write_merges" : 0,
      "read_ticks" : 16,
      "write_ticks" : 434712,
      "in_queue" : 435008,
      "util" : 38.374913
    },
    {
      "name" : "sdb",
      "read_ios" : 21,
      "write_ios" : 411285,
      "read_merges" : 0,
      "write_merges" : 0,
      "read_ticks" : 32,
      "write_ticks" : 1207548,
      "in_queue" : 1208184,
      "util" : 56.724252
    },
    {
      "name" : "sdc",
      "read_ios" : 36,