{
  "fio version" : "fio-3.1",
  "timestamp" : 1564938673,
  "timestamp_ms" : 1564938673682,
  "time" : "Sun Aug  4 19:11:13 2019",
  "jobs" : [
    {
      "jobname" : "random-read",
      "groupid" : 0,
      "error" : 0,
      "eta" : 0,
      "elapsed" : 61,
      "job options" : {
        "rw" : "randwrite",
        "bs" : "4k",
        "ioengine" : "libaio",
        "iodepth" : "2",
        "direct" : "1",
        "invalidate" : "1",
        "refill_buffers" : "1",
        "runtime" : "60",
        "numjobs" : "8",
        "group_reporting" : "1",
        "write_bw_log" : "random-read-depth-2",
        "write_lat_log" : "random-read-depth-2",
        "write_iops_log" : "random-read-depth-2",
        "log_avg_msec" : "500",
        "filename" : "/dev/md0"
      },
      "read" : {
        "io_bytes" : 0,
        "io_kbytes" : 0,
        "bw" : 0,
        "iops" : 0.000000,
        "runtime" : 0,
        "total_ios" : 0,
        "short_ios" : 0,
        "drop_ios" : 0,
        "slat_ns" : {
          "min" : 0,
          "max" : 0,
          "mean" : 0.000000,
          "stddev" : 0.000000
        },
        "clat_ns" : {
          "min" : 0,
          "max" : 0,
          "mean" : 0.000000,
          "stddev" : 0.000000,
          "percentile" : {
            "1.000000" : 0,
            "5.000000" : 0,
            "10.000000" : 0,
            "20.000000" : 0,
            "30.000000" : 0,
            "40.000000" : 0,
            "50.000000" : 0,
            "60.000000" : 0,
            "70.000000" : 0,
            "80.000000" : 0,
            "90.000000" : 0,
            "95.000000" : 0,
            "99.000000" : 0,
            "99.500000" : 0,
            "99.900000" : 0,
            "99.950000" : 0,
            "99.990000" : 0,
            "0.00" : 0,
            "0.00" : 0,
            "0.00" : 0
          }
        },
        "lat_ns" : {
          "min" : 0,
          "max" : 0,
          "mean" : 0.000000,
          "stddev" : 0.000000
        },
        "bw_min" : 0,
        "bw_max" : 0,
        "bw_agg" : 0.000000,
        "bw_mean" : 0.000000,
        "bw_dev" : 0.000000,
        "bw_samples" : 0,
        "iops_min" : 0,
        "iops_max" : 0,
        "iops_mean" : 0.000000,
        "iops_stddev" : 0.000000,
        "iops_samples" : 0
      },
      "write" : {
        "io_bytes" : 4971565056,
        "io_kbytes" : 4855044,
        "bw" : 80907,
        "iops" : 20226.990184,
        "runtime" : 60007,
        "total_ios" : 1213761,
        "short_ios" : 0,
        "drop_ios" : 0,
        "slat_ns" : {
          "min" : 4282,
          "max" : 1335968,
          "mean" : 18997.125209,
          "stddev" : 8709.350397
        },
        "clat_ns" : {
          "min" : 3064,
          "max" : 32232402,
          "mean" : 765474.935761,
          "stddev" : 1992098.049594,
          "percentile" : {
            "1.000000" : 62720,
            "5.000000" : 73216,
            "10.000000" : 80384,
            "20.000000" : 101888,
            "30.000000" : 122368,
            "40.000000" : 154624,
            "50.000000" : 164864,
            "60.000000" : 175104,
            "70.000000" : 183296,
            "80.000000" : 191488,
            "90.000000" : 362496,
            "95.000000" : 7045120,
            "99.000000" : 8290304,
            "99.500000" : 8847360,
            "99.900000" : 9895936,
            "99.950000" : 11599872,
            "99.990000" : 14090240,
            "0.00" : 0,
            "0.00" : 0,
            "0.00" : 0
          }
        },
        "lat_ns" : {
          "min" : 41377,
          "max" : 32248121,
          "mean" : 785018.504950,
          "stddev" : 1991604.902506
        },
        "bw_min" : 8560,
        "bw_max" : 11744,
        "bw_agg" : 12.531784,
        "bw_mean" : 10139.090814,
        "bw_dev" : 474.857586,
        "bw_samples" : 958,
        "iops_min" : 2140,
        "iops_max" : 2936,
        "iops_mean" : 2534.562630,
        "iops_stddev" : 118.712088,
        "iops_samples" : 958
      },
      "trim" : {
        "io_bytes" : 0,
        "io_kbytes" : 0,
        "bw" : 0,
        "iops" : 0.000000,
        "runtime" : 0,
        "total_ios" : 0,
        "short_ios" : 0,
        "drop_ios" : 0,
        "slat_ns" : {
          "min" : 0,
          "max" : 0,
          "mean" : 0.000000,
          "stddev" : 0.000000
        },
        "clat_ns" : {
          "min" : 0,
          "max" : 0,
          "mean" : 0.000000,
          "stddev" : 0.000000,
          "percentile" : {
            "1.000000" : 0,
            "5.000000" : 0,
            "10.000000" : 0,
            "20.000000" : 0,
            "30.000000" : 0,
            "40.000000" : 0,
            "50.000000" : 0,
            "60.000000" : 0,
            "70.000000" : 0,
            "80.000000" : 0,
            "90.000000" : 0,
            "95.000000" : 0,
            "99.000000" : 0,
            "99.500000" : 0,
            "99.900000" : 0,
            "99.950000" : 0,
            "99.990000" : 0,
            "0.00" : 0,
            "0.00" : 0,
            "0.00" : 0
          }
        },
        "lat_ns" : {
          "min" : 0,
          "max" : 0,
          "mean" : 0.000000,
          "stddev" : 0.000000
        },
        "bw_min" : 0,
        "bw_max" : 0,
        "bw_agg" : 0.000000,
        "bw_mean" : 0.000000,
        "bw_dev" : 0.000000,
        "bw_samples" : 0,
        "iops_min" : 0,
        "iops_max" : 0,
        "iops_mean" : 0.000000,
        "iops_stddev" : 0.000000,
        "iops_samples" : 0
      },
      "usr_cpu" : 2.854464,
      "sys_cpu" : 6.827216,
      "ctx" : 812161,
      "majf" : 0,
      "minf" : 40955,
      "iodepth_level" : {
        "1" : 0.100000,
        "2" : 99.999341,
        "4" : 0.000000,
        "8" : 0.000000,
        "16" : 0.000000,
        "32" : 0.000000,
        ">=64" : 0.000000
      },
      "latency_ns" : {
        "2" : 0.000000,
        "4" : 0.000000,
        "10" : 0.000000,
        "20" : 0.000000,
        "50" : 0.000000,
        "100" : 0.000000,
        "250" : 0.000000,
        "500" : 0.000000,
        "750" : 0.000000,
        "1000" : 0.000000
      },
      "latency_us" : {
        "2" : 0.000000,
        "4" : 0.010000,
        "10" : 0.000000,
        "20" : 0.010000,
        "50" : 0.206960,
        "100" : 19.221082,
        "250" : 70.120642,
        "500" : 0.542858,
        "750" : 0.189823,
        "1000" : 0.109165
      },
      "latency_ms" : {
        "2" : 0.434682,
        "4" : 0.818695,
        "10" : 8.259781,
        "20" : 0.095076,
        "50" : 0.010000,
        "100" : 0.000000,
        "250" : 0.000000,
        "500" : 0.000000,
        "750" : 0.000000,
        "1000" : 0.000000,
        "2000" : 0.000000,
        ">=2000" : 0.000000
      },
      "latency_depth" : 2,
      "latency_target" : 0,
      "latency_percentile" : 100.000000,
      "latency_window" : 0
    }
  ],
  "disk_util" : [
    {
      "name" : "md0",
      "read_ios" : 20,
      "write_ios" : 1210819,
      "read_merges" : 0,
      "write_merges" : 0,
      "read_ticks" : 0,
      "write_ticks" : 0,
      "in_queue" : 0,
      "util" : 0.000000,
      "aggr_read_ios" : 22,
      "aggr_write_ios" : 404587,
      "aggr_read_merges" : 0,
      "aggr_write_merge" : 0,
      "aggr_read_ticks" : 29,
      "aggr_write_ticks" : 303221,
      "aggr_in_queue" : 303168,
      "aggr_util" : 69.722028
    },
    {
      "name" : "sdd",
      "read_ios" : 12,
      "write_ios" : 404106,
      "read_merges" : 0,
      "write_merges" : 0,
      "read_ticks" : 24,
      "write_ticks" : 165424,
      "in_queue" : 165344,
      "util" : 38.724888
    },
    {
      "name" : "sdb",
      "read_ios" : 20,
      "write_ios" : 405652,
      "read_merges" : 0,
      "write_merges" : 0,
      "read_ticks" : 40,
      "write_ticks" : 268740,
      "in_queue" : 268668,
      "util" : 49.926110
    },
    {
      "name" : "sdc",
      "read_ios" : 36,
      "write_ios" : 404003,