{
  "fio version" : "fio-3.1",
  "timestamp" : 1564936304,
  "timestamp_ms" : 1564936304186,
  "time" : "Sun Aug  4 18:31:44 2019",
  "jobs" : [
    {
      "jobname" : "random-read",
      "groupid" : 0,
      "error" : 0,
      "eta" : 0,
      "elapsed" : 61,
      "job options" : {
        "rw" : "randread",
        "bs" : "4k",
        "ioengine" : "libaio",
        "iodepth" : "4",
        "direct" : "1",
        "invalidate" : "1",
        "refill_buffers" : "1",
        "runtime" : "60",
        "numjobs" : "64",
        "group_reporting" : "1",
        "write_bw_log" : "random-read-depth-4",
        "write_lat_log" : "random-read-depth-4",
        "write_iops_log" : "random-read-depth-4",
        "log_avg_msec" : "500",
        "filename" : "/dev/md0"
      },
      "read" : {
        "io_bytes" : 35120115712,
        "io_kbytes" : 34296988,
        "bw" : 571473,
        "iops" : 142868.399567,
        "runtime" : 60015,
        "total_ios" : 8574247,
        "short_ios" : 0,
        "drop_ios" : 0,
        "slat_ns" : {
          "min" : 2625,
          "max" : 17157013,
          "mean" : 58028.242697,
          "stddev" : 451415.742579
        },
        "clat_ns" : {
          "min" : 3752,
          "max" : 29981527,
          "mean" : 1729376.634180,
          "stddev" : 1108092.644203,
          "percentile" : {
            "1.000000" : 205824,
            "5.000000" : 309248,
            "10.000000" : 452608,
            "20.000000" : 708608,
            "30.000000" : 1003520,
            "40.000000" : 1318912,
            "50.000000" : 1646592,
            "60.000000" : 1990656,
            "70.000000" : 2342912,
            "80.000000" : 2670592,
            "90.000000" : 2801664,
            "95.000000" : 2965504,
            "99.000000" : 5865472,
            "99.500000" : 7110656,
            "99.900000" : 9240576,
            "99.950000" : 10027008,
            "99.990000" : 12124160,
            "0.00" : 0,
            "0.00" : 0,
            "0.00" : 0
          }
        },
        "lat_ns" : {
          "min" : 142050,
          "max" : 29986293,
          "mean" : 1787742.142262,
          "stddev" : 1234137.900197
        },
        "bw_min" : 7798,
        "bw_max" : 10096,
        "bw_agg" : 1.575077,
        "bw_mean" : 9001.140008,
        "bw_dev" : 193.868345,
        "bw_samples" : 7671,
        "iops_min" : 1949,
        "iops_max" : 2524,
        "iops_mean" : 2249.998045,
        "iops_stddev" : 48.430287,
        "iops_samples" : 7671
      },
      "write" : {
        "io_bytes" : 0,
        "io_kbytes" : 0,
        "bw" : 0,
        "iops" : 0.000000,
        "runtime" : 0,
        "total_ios" : 0,
        "short_ios" : 0,
        "drop_ios" : 0,
        "slat_ns" : {
          "min" : 0,
          "max" : 0,
          "mean" : 0.000000,
          "stddev" : 0.000000
        },
        "clat_ns" : {
          "min" : 0,
          "max" : 0,
          "mean" : 0.000000,
          "stddev" : 0.000000,
          "percentile" : {
            "1.000000" : 0,
            "5.000000" : 0,
            "10.000000" : 0,
            "20.000000" : 0,
            "30.000000" : 0,
            "40.000000" : 0,
            "50.000000" : 0,
            "60.000000" : 0,
            "70.000000" : 0,
            "80.000000" : 0,
            "90.000000" : 0,
            "95.000000" : 0,
            "99.000000" : 0,
            "99.500000" : 0,
            "99.900000" : 0,
            "99.950000" : 0,
            "99.990000" : 0,
            "0.00" : 0,
            "0.00" : 0,
            "0.00" : 0
          }
        },
        "lat_ns" : {
          "min" : 0,
          "max" : 0,
          "mean" : 0.000000,
          "stddev" : 0.000000
        },
        "bw_min" : 0,
        "bw_max" : 0,
        "bw_agg" : 0.000000,
        "bw_mean" : 0.000000,
        "bw_dev" : 0.000000,
        "bw_samples" : 0,
        "iops_min" : 0,
        "iops_max" : 0,
        "iops_mean" : 0.000000,
        "iops_stddev" : 0.000000,
        "iops_samples" : 0
      },
      "trim" : {
        "io_bytes" : 0,
        "io_kbytes" : 0,
        "bw" : 0,
        "iops" : 0.000000,
        "runtime" : 0,
        "total_ios" : 0,
        "short_ios" : 0,
        "drop_ios" : 0,
        "slat_ns" : {
          "min" : 0,
          "max" : 0,
          "mean" : 0.000000,
          "stddev" : 0.000000
        },
        "clat_ns" : {
          "min" : 0,
          "max" : 0,
          "mean" : 0.000000,
          "stddev" : 0.000000,
          "percentile" : {
            "1.000000" : 0,
            "5.000000" : 0,
            "10.000000" : 0,
            "20.000000" : 0,
            "30.000000" : 0,
            "40.000000" : 0,
            "50.000000" : 0,
            "60.000000" : 0,
            "70.000000" : 0,
            "80.000000" : 0,
            "90.000000" : 0,
            "95.000000" : 0,
            "99.000000" : 0,
            "99.500000" : 0,
            "99.900000" : 0,
            "99.950000" : 0,
            "99.990000" : 0,
            "0.00" : 0,
            "0.00" : 0,
            "0.00" : 0
          }
        },
        "lat_ns" : {
          "min" : 0,
          "max" : 0,
          "mean" : 0.000000,
          "stddev" : 0.000000
        },
        "bw_min" : 0,
        "bw_max" : 0,
        "bw_agg" : 0.000000,
        "bw_mean" : 0.000000,
        "bw_dev" : 0.000000,
        "bw_samples" : 0,
        "iops_min" : 0,
        "iops_max" : 0,
        "iops_mean" : 0.000000,
        "iops_stddev" : 0.000000,
        "iops_samples" : 0
      },
      "usr_cpu" : 1.679927,
      "sys_cpu" : 4.647423,
      "ctx" : 7671799,
      "majf" : 0,
      "minf" : 411948,
      "iodepth_level" : {
        "1" : 0.100000,
        "2" : 0.100000,
        "4" : 99.997761,
        "8" : 0.000000,
        "16" : 0.000000,
        "32" : 0.000000,
        ">=64" : 0.000000
      },
      "latency_ns" : {
        "2" : 0.000000,
        "4" : 0.000000,
        "10" : 0.000000,
        "20" : 0.000000,
        "50" : 0.000000,
        "100" : 0.000000,
        "250" : 0.000000,
        "500" : 0.000000,
        "750" : 0.000000,
        "1000" : 0.000000
      },
      "latency_us" : {
        "2" : 0.000000,
        "4" : 0.010000,
        "10" : 0.010000,
        "20" : 0.000000,
        "50" : 0.010000,
        "100" : 0.010000,
        "250" : 1.701082,
        "500" : 10.647722,
        "750" : 8.749935,
        "1000" : 8.736977
      },
      "latency_ms" : {
        "2" : 30.270367,
        "4" : 37.816370,
        "10" : 2.025811,
        "20" : 0.050255,
        "50" : 0.010000,
        "100" : 0.000000,
        "250" : 0.000000,
        "500" : 0.000000,
        "750" : 0.000000,
        "1000" : 0.000000,
        "2000" : 0.000000,
        ">=2000" : 0.000000
      },
      "latency_depth" : 4,
      "latency_target" : 0,
      "latency_percentile" : 100.000000,
      "latency_window" : 0
    }
  ],
  "disk_util" : [
    {
      "name" : "md0",
      "read_ios" : 8543969,
      "write_ios" : 0,
      "read_merges" : 0,
      "write_merges" : 0,
      "read_ticks" : 0,
      "write_ticks" : 0,
      "in_queue" : 0,
      "util" : 0.000000,
      "aggr_read_ios" : 2858079,
      "aggr_write_ios" : 0,
      "aggr_read_merges" : 3,
      "aggr_write_merge" : 0,
      "aggr_read_ticks" : 4616277,
      "aggr_write_ticks" : 0,
      "aggr_in_queue" : 4625934,
      "aggr_util" : 99.825700
    },
    {
      "name" : "sdd",
      "read_ios" : 2855916,
      "write_ios" : 0,
      "read_merges" : 4,
      "write_merges" : 0,
      "read_ticks" : 4828272,
      "write_ticks" : 0,
      "in_queue" : 4839668,
      "util" : 99.777564
    },
    {
      "name" : "sdb",
      "read_ios" : 2859312,
      "write_ios" : 0,
      "read_merges" : 2,
      "write_merges" : 0,
      "read_ticks" : 5122792,
      "write_ticks" : 0,
      "in_queue" : 5133144,
      "util" : 99.825700
    },
    {
      "name" : "sdc",
      "read_ios" : 2859009,