{
  "fio version" : "fio-3.1",
  "timestamp" : 1564940558,
  "timestamp_ms" : 1564940558472,
  "time" : "Sun Aug  4 19:42:38 2019",
  "jobs" : [
    {
      "jobname" : "random-read",
      "groupid" : 0,
      "error" : 0,
      "eta" : 0,
      "elapsed" : 61,
      "job options" : {
        "rw" : "randwrite",
        "bs" : "4k",
        "ioengine" : "libaio",
        "iodepth" : "32",
        "direct" : "1",
        "invalidate" : "1",
        "refill_buffers" : "1",
        "runtime" : "60",
        "numjobs" : "64",
        "group_reporting" : "1",
        "write_bw_log" : "random-read-depth-32",
        "write_lat_log" : "random-read-depth-32",
        "write_iops_log" : "random-read-depth-32",
        "log_avg_msec" : "500",
        "filename" : "/dev/md0"
      },
      "read" : {
        "io_bytes" : 0,
        "io_kbytes" : 0,
        "bw" : 0,
        "iops" : 0.000000,
        "runtime" : 0,
        "total_ios" : 0,
        "short_ios" : 0,
        "drop_ios" : 0,
        "slat_ns" : {
          "min" : 0,
          "max" : 0,
          "mean" : 0.000000,
          "stddev" : 0.000000
        },
        "clat_ns" : {
          "min" : 0,
          "max" : 0,
          "mean" : 0.000000,
          "stddev" : 0.000000,
          "percentile" : {
            "1.000000" : 0,
            "5.000000" : 0,
            "10.000000" : 0,
            "20.000000" : 0,
            "30.000000" : 0,
            "40.000000" : 0,
            "50.000000" : 0,
            "60.000000" : 0,
            "70.000000" : 0,
            "80.000000" : 0,
            "90.000000" : 0,
            "95.000000" : 0,
            "99.000000" : 0,
            "99.500000" : 0,
            "99.900000" : 0,
            "99.950000" : 0,
            "99.990000" : 0,
            "0.00" : 0,
            "0.00" : 0,
            "0.00" : 0
          }
        },
        "lat_ns" : {
          "min" : 0,
          "max" : 0,
          "mean" : 0.000000,
          "stddev" : 0.000000
        },
        "bw_min" : 0,
        "bw_max" : 0,
        "bw_agg" : 0.000000,
        "bw_mean" : 0.000000,
        "bw_dev" : 0.000000,
        "bw_samples" : 0,
        "iops_min" : 0,
        "iops_max" : 0,
        "iops_mean" : 0.000000,
        "iops_stddev" : 0.000000,
        "iops_samples" : 0
      },
      "write" : {
        "io_bytes" : 5259091968,
        "io_kbytes" : 5135832,
        "bw" : 85520,
        "iops" : 21380.057948,
        "runtime" : 60054,
        "total_ios" : 1283958,
        "short_ios" : 0,
        "drop_ios" : 0,
        "slat_ns" : {
          "min" : 2639,
          "max" : 285310479,
          "mean" : 2961645.062772,
          "stddev" : 16647860.493720
        },
        "clat_ns" : {
          "min" : 37323,
          "max" : 533688829,
          "mean" : 92674256.050890,
          "stddev" : 41771971.968561,
          "percentile" : {
            "1.000000" : 222208,
            "5.000000" : 366592,
            "10.000000" : 20054016,
            "20.000000" : 80216064,
            "30.000000" : 88604672,
            "40.000000" : 91750400,
            "50.000000" : 98041856,
            "60.000000" : 100139008,
            "70.000000" : 104333312,
            "80.000000" : 109576192,
            "90.000000" : 129499136,
            "95.000000" : 168820736,
            "99.000000" : 206569472,
            "99.500000" : 219152384,
            "99.900000" : 270532608,
            "99.950000" : 287309824,
            "99.990000" : 333447168,
            "0.00" : 0,
            "0.00" : 0,
            "0.00" : 0
          }
        },
        "lat_ns" : {
          "min" : 44881,
          "max" : 533693967,
          "mean" : 95636234.309276,
          "stddev" : 45488267.604188
        },
        "bw_min" : 500,
        "bw_max" : 3784,
        "bw_agg" : 1.571371,
        "bw_mean" : 1343.836458,
        "bw_dev" : 212.844723,
        "bw_samples" : 7680,
        "iops_min" : 125,
        "iops_max" : 946,
        "iops_mean" : 335.642839,
        "iops_stddev" : 53.210581,
        "iops_samples" : 7680
      },
      "trim" : {
        "io_bytes" : 0,
        "io_kbytes" : 0,
        "bw" : 0,
        "iops" : 0.000000,
        "runtime" : 0,
        "total_ios" : 0,
        "short_ios" : 0,
        "drop_ios" : 0,
        "slat_ns" : {
          "min" : 0,
          "max" : 0,
          "mean" : 0.000000,
          "stddev" : 0.000000
        },
        "clat_ns" : {
          "min" : 0,
          "max" : 0,
          "mean" : 0.000000,
          "stddev" : 0.000000,
          "percentile" : {
            "1.000000" : 0,
            "5.000000" : 0,
            "10.000000" : 0,
            "20.000000" : 0,
            "30.000000" : 0,
            "40.000000" : 0,
            "50.000000" : 0,
            "60.000000" : 0,
            "70.000000" : 0,
            "80.000000" : 0,
            "90.000000" : 0,
            "95.000000" : 0,
            "99.000000" : 0,
            "99.500000" : 0,
            "99.900000" : 0,
            "99.950000" : 0,
            "99.990000" : 0,
            "0.00" : 0,
            "0.00" : 0,
            "0.00" : 0
          }
        },
        "lat_ns" : {
          "min" : 0,
          "max" : 0,
          "mean" : 0.000000,
          "stddev" : 0.000000
        },
        "bw_min" : 0,
        "bw_max" : 0,
        "bw_agg" : 0.000000,
        "bw_mean" : 0.000000,
        "bw_dev" : 0.000000,
        "bw_samples" : 0,
        "iops_min" : 0,
        "iops_max" : 0,
        "iops_mean" : 0.000000,
        "iops_stddev" : 0.000000,
        "iops_samples" : 0
      },
      "usr_cpu" : 0.164990,
      "sys_cpu" : 0.315586,
      "ctx" : 81941,
      "majf" : 0,
      "minf" : 1536,
      "iodepth_level" : {
        "1" : 0.100000,
        "2" : 0.100000,
        "4" : 0.100000,
        "8" : 0.100000,
        "16" : 0.100000,
        "32" : 99.845478,
        ">=64" : 0.000000
      },
      "latency_ns" : {
        "2" : 0.000000,
        "4" : 0.000000,
        "10" : 0.000000,
        "20" : 0.000000,
        "50" : 0.000000,
        "100" : 0.000000,
        "250" : 0.000000,
        "500" : 0.000000,
        "750" : 0.000000,
        "1000" : 0.000000
      },
      "latency_us" : {
        "2" : 0.000000,
        "4" : 0.000000,
        "10" : 0.000000,
        "20" : 0.000000,
        "50" : 0.010000,
        "100" : 0.175239,
        "250" : 1.612747,
        "500" : 4.225138,
        "750" : 0.917787,
        "1000" : 0.324154
      },
      "latency_ms" : {
        "2" : 0.229369,
        "4" : 0.305462,
        "10" : 0.631251,
        "20" : 1.561344,
        "50" : 3.017311,
        "100" : 46.668583,
        "250" : 40.138618,
        "500" : 0.189492,
        "750" : 0.010000,
        "1000" : 0.000000,
        "2000" : 0.000000,
        ">=2000" : 0.000000
      },
      "latency_depth" : 32,
      "latency_target" : 0,
      "latency_percentile" : 100.000000,
      "latency_window" : 0
    }
  ],
  "disk_util" : [
    {
      "name" : "md0",
      "read_ios" : 38,
      "write_ios" : 1283890,
      "read_merges" : 0,
      "write_merges" : 0,
      "read_ticks" : 0,
      "write_ticks" : 0,
      "in_queue" : 0,
      "util" : 0.000000,
      "aggr_read_ios" : 28,
      "aggr_write_ios" : 427985,
      "aggr_read_merges" : 0,
      "aggr_write_merge" : 0,
      "aggr_read_ticks" : 30,
      "aggr_write_ticks" : 4115498,
      "aggr_in_queue" : 4116916,
      "aggr_util" : 85.277202
    },
    {
      "name" : "sdd",
      "read_ios" : 16,
      "write_ios" : 427298,
      "read_merges" : 0,
      "write_merges" : 0,
      "read_ticks" : 16,
      "write_ticks" : 1913296,
      "in_queue" : 1913752,
      "util" : 37.192808
    },
    {
      "name" : "sdb",
      "read_ios" : 24,
      "write_ios" : 428237,
      "read_merges" : 0,
      "write_merges" : 1,
      "read_ticks" : 24,
      "write_ticks" : 3128752,
      "in_queue" : 3130016,
      "util" : 51.847064
    },
    {
      "name" : "sdc",