{
  "fio version" : "fio-3.1",
  "timestamp" : 1568405947,
  "timestamp_ms" : 1568405947516,
  "time" : "Fri Sep 13 22:19:07 2019",
  "jobs" : [
    {
      "jobname" : "random-read",
      "groupid" : 0,
      "error" : 0,
      "eta" : 0,
      "elapsed" : 62,
      "job options" : {
        "rw" : "randread",
        "bs" : "4k",
        "ioengine" : "libaio",
        "iodepth" : "32",
        "direct" : "1",
        "invalidate" : "1",
        "refill_buffers" : "1",
        "runtime" : "60",
        "numjobs" : "16",
        "group_reporting" : "1",
        "write_bw_log" : "random-read-depth-32",
        "write_lat_log" : "random-read-depth-32",
        "write_iops_log" : "random-read-depth-32",
        "log_avg_msec" : "500",
        "filename" : "/dev/sdc"
      },
      "read" : {
        "io_bytes" : 8681283584,
        "io_kbytes" : 8477816,
        "bw" : 141278,
        "iops" : 35319.524063,
        "runtime" : 60008,
        "total_ios" : 2119454,
        "short_ios" : 0,
        "drop_ios" : 0,
        "slat_ns" : {
          "min" : 2251,
          "max" : 16505777,
          "mean" : 362152.079146,
          "stddev" : 1500927.344705
        },
        "clat_ns" : {
          "min" : 65633,
          "max" : 517859454,
          "mean" : 14130184.308412,
          "stddev" : 18214643.558910,
          "percentile" : {
            "1.000000" : 905216,
            "5.000000" : 4947968,
            "10.000000" : 5996544,
            "20.000000" : 7307264,
            "30.000000" : 8716288,
            "40.000000" : 10420224,
            "50.000000" : 11730944,
            "60.000000" : 12910592,
            "70.000000" : 14221312,
            "80.000000" : 15794176,
            "90.000000" : 18743296,
            "95.000000" : 22151168,
            "99.000000" : 107479040,
            "99.500000" : 149946368,
            "99.900000" : 233832448,
            "99.950000" : 258998272,
            "99.990000" : 329252864,
            "0.00" : 0,
            "0.00" : 0,
            "0.00" : 0
          }
        },
        "lat_ns" : {
          "min" : 72030,
          "max" : 517882567,
          "mean" : 14492549.171071,
          "stddev" : 18299723.323824
        },
        "bw_min" : 104,
        "bw_max" : 15928,
        "bw_agg" : 6.251201,
        "bw_mean" : 8831.572396,
        "bw_dev" : 1860.761860,
        "bw_samples" : 1920,
        "iops_min" : 26,
        "iops_max" : 3982,
        "iops_mean" : 2207.833854,
        "iops_stddev" : 465.200998,
        "iops_samples" : 1920
      },
      "write" : {
        "io_bytes" : 0,
        "io_kbytes" : 0,
        "bw" : 0,
        "iops" : 0.000000,
        "runtime" : 0,
        "total_ios" : 0,
        "short_ios" : 0,
        "drop_ios" : 0,
        "slat_ns" : {
          "min" : 0,
          "max" : 0,
          "mean" : 0.000000,
          "stddev" : 0.000000
        },
        "clat_ns" : {
          "min" : 0,
          "max" : 0,
          "mean" : 0.000000,
          "stddev" : 0.000000,
          "percentile" : {
            "1.000000" : 0,
            "5.000000" : 0,
            "10.000000" : 0,
            "20.000000" : 0,
            "30.000000" : 0,
            "40.000000" : 0,
            "50.000000" : 0,
            "60.000000" : 0,
            "70.000000" : 0,
            "80.000000" : 0,
            "90.000000" : 0,
            "95.000000" : 0,
            "99.000000" : 0,
            "99.500000" : 0,
            "99.900000" : 0,
            "99.950000" : 0,
            "99.990000" : 0,
            "0.00" : 0,
            "0.00" : 0,
            "0.00" : 0
          }
        },
        "lat_ns" : {
          "min" : 0,
          "max" : 0,
          "mean" : 0.000000,
          "stddev" : 0.000000
        },
        "bw_min" : 0,
        "bw_max" : 0,
        "bw_agg" : 0.000000,
        "bw_mean" : 0.000000,
        "bw_dev" : 0.000000,
        "bw_samples" : 0,
        "iops_min" : 0,
        "iops_max" : 0,
        "iops_mean" : 0.000000,
        "iops_stddev" : 0.000000,
        "iops_samples" : 0
      },
      "trim" : {
        "io_bytes" : 0,
        "io_kbytes" : 0,
        "bw" : 0,
        "iops" : 0.000000,
        "runtime" : 0,
        "total_ios" : 0,
        "short_ios" : 0,
        "drop_ios" : 0,
        "slat_ns" : {
          "min" : 0,
          "max" : 0,
          "mean" : 0.000000,
          "stddev" : 0.000000
        },
        "clat_ns" : {
          "min" : 0,
          "max" : 0,
          "mean" : 0.000000,
          "stddev" : 0.000000,
          "percentile" : {
            "1.000000" : 0,
            "5.000000" : 0,
            "10.000000" : 0,
            "20.000000" : 0,
            "30.000000" : 0,
            "40.000000" : 0,
            "50.000000" : 0,
            "60.000000" : 0,
            "70.000000" : 0,
            "80.000000" : 0,
            "90.000000" : 0,
            "95.000000" : 0,
            "99.000000" : 0,
            "99.500000" : 0,
            "99.900000" : 0,
            "99.950000" : 0,
            "99.990000" : 0,
            "0.00" : 0,
            "0.00" : 0,
            "0.00" : 0
          }
        },
        "lat_ns" : {
          "min" : 0,
          "max" : 0,
          "mean" : 0.000000,
          "stddev" : 0.000000
        },
        "bw_min" : 0,
        "bw_max" : 0,
        "bw_agg" : 0.000000,
        "bw_mean" : 0.000000,
        "bw_dev" : 0.000000,
        "bw_samples" : 0,
        "iops_min" : 0,
        "iops_max" : 0,
        "iops_mean" : 0.000000,
        "iops_stddev" : 0.000000,
        "iops_samples" : 0
      },
      "usr_cpu" : 0.536846,
      "sys_cpu" : 1.318887,
      "ctx" : 157250,
      "majf" : 0,
      "minf" : 29090,
      "iodepth_level" : {
        "1" : 0.100000,
        "2" : 0.100000,
        "4" : 0.100000,
        "8" : 0.100000,
        "16" : 0.100000,
        "32" : 99.976598,
        ">=64" : 0.000000
      },
      "latency_ns" : {
        "2" : 0.000000,
        "4" : 0.000000,
        "10" : 0.000000,
        "20" : 0.000000,
        "50" : 0.000000,
        "100" : 0.000000,
        "250" : 0.000000,
        "500" : 0.000000,
        "750" : 0.000000,
        "1000" : 0.000000
      },
      "latency_us" : {
        "2" : 0.000000,
        "4" : 0.000000,
        "10" : 0.000000,
        "20" : 0.000000,
        "50" : 0.000000,
        "100" : 0.010000,
        "250" : 0.053268,
        "500" : 0.504281,
        "750" : 0.303427,
        "1000" : 0.208167
      },
      "latency_ms" : {
        "2" : 0.928966,
        "4" : 1.149777,
        "10" : 34.546822,
        "20" : 54.740466,
        "50" : 5.319389,
        "100" : 1.100142,
        "250" : 1.074899,
        "500" : 0.068744,
        "750" : 0.010000,
        "1000" : 0.000000,
        "2000" : 0.000000,
        ">=2000" : 0.000000
      },
      "latency_depth" : 32,
      "latency_target" : 0,
      "latency_percentile" : 100.000000,
      "latency_window" : 0
    }
  ],
  "disk_util" : [
    {
      "name" : "sdc",
      "read_ios" : 2114483,
      "write_ios" : 0,
      "read_merges" : 0,
      "write_merges" : 0,
      "read_ticks" : 9252844,
      "write_ticks" : 0,
      "in_queue" : 9264820,
      "util" : 99.911597
    }
  ]
}
