{
  "fio version" : "fio-3.1",
  "timestamp" : 1564939828,
  "timestamp_ms" : 1564939828654,
  "time" : "Sun Aug  4 19:30:28 2019",
  "jobs" : [
    {
      "jobname" : "random-read",
      "groupid" : 0,
      "error" : 0,
      "eta" : 0,
      "elapsed" : 61,
      "job options" : {
        "rw" : "randwrite",
        "bs" : "4k",
        "ioengine" : "libaio",
        "iodepth" : "16",
        "direct" : "1",
        "invalidate" : "1",
        "refill_buffers" : "1",
        "runtime" : "60",
        "numjobs" : "2",
        "group_reporting" : "1",
        "write_bw_log" : "random-read-depth-16",
        "write_lat_log" : "random-read-depth-16",
        "write_iops_log" : "random-read-depth-16",
        "log_avg_msec" : "500",
        "filename" : "/dev/md0"
      },
      "read" : {
        "io_bytes" : 0,
        "io_kbytes" : 0,
        "bw" : 0,
        "iops" : 0.000000,
        "runtime" : 0,
        "total_ios" : 0,
        "short_ios" : 0,
        "drop_ios" : 0,
        "slat_ns" : {
          "min" : 0,
          "max" : 0,
          "mean" : 0.000000,
          "stddev" : 0.000000
        },
        "clat_ns" : {
          "min" : 0,
          "max" : 0,
          "mean" : 0.000000,
          "stddev" : 0.000000,
          "percentile" : {
            "1.000000" : 0,
            "5.000000" : 0,
            "10.000000" : 0,
            "20.000000" : 0,
            "30.000000" : 0,
            "40.000000" : 0,
            "50.000000" : 0,
            "60.000000" : 0,
            "70.000000" : 0,
            "80.000000" : 0,
            "90.000000" : 0,
            "95.000000" : 0,
            "99.000000" : 0,
            "99.500000" : 0,
            "99.900000" : 0,
            "99.950000" : 0,
            "99.990000" : 0,
            "0.00" : 0,
            "0.00" : 0,
            "0.00" : 0
          }
        },
        "lat_ns" : {
          "min" : 0,
          "max" : 0,
          "mean" : 0.000000,
          "stddev" : 0.000000
        },
        "bw_min" : 0,
        "bw_max" : 0,
        "bw_agg" : 0.000000,
        "bw_mean" : 0.000000,
        "bw_dev" : 0.000000,
        "bw_samples" : 0,
        "iops_min" : 0,
        "iops_max" : 0,
        "iops_mean" : 0.000000,
        "iops_stddev" : 0.000000,
        "iops_samples" : 0
      },
      "write" : {
        "io_bytes" : 4989321216,
        "io_kbytes" : 4872384,
        "bw" : 81200,
        "iops" : 20300.246650,
        "runtime" : 60004,
        "total_ios" : 1218096,
        "short_ios" : 0,
        "drop_ios" : 0,
        "slat_ns" : {
          "min" : 2743,
          "max" : 1051683,
          "mean" : 13960.788490,
          "stddev" : 11036.941872
        },
        "clat_ns" : {
          "min" : 20016,
          "max" : 64566853,
          "mean" : 1556704.466136,
          "stddev" : 2812636.619504,
          "percentile" : {
            "1.000000" : 86528,
            "5.000000" : 130560,
            "10.000000" : 152576,
            "20.000000" : 177152,
            "30.000000" : 224256,
            "40.000000" : 280576,
            "50.000000" : 321536,
            "60.000000" : 354304,
            "70.000000" : 391168,
            "80.000000" : 618496,
            "90.000000" : 7503872,
            "95.000000" : 8224768,
            "99.000000" : 9240576,
            "99.500000" : 9633792,
            "99.900000" : 11730944,
            "99.950000" : 13172736,
            "99.990000" : 16318464,
            "0.00" : 0,
            "0.00" : 0,
            "0.00" : 0
          }
        },
        "lat_ns" : {
          "min" : 42406,
          "max" : 64574262,
          "mean" : 1571179.747025,
          "stddev" : 2811194.648897
        },
        "bw_min" : 33984,
        "bw_max" : 46328,
        "bw_agg" : 50.098779,
        "bw_mean" : 40680.208333,
        "bw_dev" : 1906.203109,
        "bw_samples" : 240,
        "iops_min" : 8496,
        "iops_max" : 11582,
        "iops_mean" : 10169.854167,
        "iops_stddev" : 476.547916,
        "iops_samples" : 240
      },
      "trim" : {
        "io_bytes" : 0,
        "io_kbytes" : 0,
        "bw" : 0,
        "iops" : 0.000000,
        "runtime" : 0,
        "total_ios" : 0,
        "short_ios" : 0,
        "drop_ios" : 0,
        "slat_ns" : {
          "min" : 0,
          "max" : 0,
          "mean" : 0.000000,
          "stddev" : 0.000000
        },
        "clat_ns" : {
          "min" : 0,
          "max" : 0,
          "mean" : 0.000000,
          "stddev" : 0.000000,
          "percentile" : {
            "1.000000" : 0,
            "5.000000" : 0,
            "10.000000" : 0,
            "20.000000" : 0,
            "30.000000" : 0,
            "40.000000" : 0,
            "50.000000" : 0,
            "60.000000" : 0,
            "70.000000" : 0,
            "80.000000" : 0,
            "90.000000" : 0,
            "95.000000" : 0,
            "99.000000" : 0,
            "99.500000" : 0,
            "99.900000" : 0,
            "99.950000" : 0,
            "99.990000" : 0,
            "0.00" : 0,
            "0.00" : 0,
            "0.00" : 0
          }
        },
        "lat_ns" : {
          "min" : 0,
          "max" : 0,
          "mean" : 0.000000,
          "stddev" : 0.000000
        },
        "bw_min" : 0,
        "bw_max" : 0,
        "bw_agg" : 0.000000,
        "bw_mean" : 0.000000,
        "bw_dev" : 0.000000,
        "bw_samples" : 0,
        "iops_min" : 0,
        "iops_max" : 0,
        "iops_mean" : 0.000000,
        "iops_stddev" : 0.000000,
        "iops_samples" : 0
      },
      "usr_cpu" : 6.746442,
      "sys_cpu" : 16.834439,
      "ctx" : 119223,
      "majf" : 0,
      "minf" : 11509,
      "iodepth_level" : {
        "1" : 0.100000,
        "2" : 0.100000,
        "4" : 0.100000,
        "8" : 0.100000,
        "16" : 99.997537,
        "32" : 0.000000,
        ">=64" : 0.000000
      },
      "latency_ns" : {
        "2" : 0.000000,
        "4" : 0.000000,
        "10" : 0.000000,
        "20" : 0.000000,
        "50" : 0.000000,
        "100" : 0.000000,
        "250" : 0.000000,
        "500" : 0.000000,
        "750" : 0.000000,
        "1000" : 0.000000
      },
      "latency_us" : {
        "2" : 0.000000,
        "4" : 0.000000,
        "10" : 0.000000,
        "20" : 0.000000,
        "50" : 0.090141,
        "100" : 1.842301,
        "250" : 32.598416,
        "500" : 43.484093,
        "750" : 2.686241,
        "1000" : 0.362205
      },
      "latency_ms" : {
        "2" : 0.796243,
        "4" : 1.384866,
        "10" : 16.527433,
        "20" : 0.220180,
        "50" : 0.010000,
        "100" : 0.010000,
        "250" : 0.000000,
        "500" : 0.000000,
        "750" : 0.000000,
        "1000" : 0.000000,
        "2000" : 0.000000,
        ">=2000" : 0.000000
      },
      "latency_depth" : 16,
      "latency_target" : 0,
      "latency_percentile" : 100.000000,
      "latency_window" : 0
    }
  ],
  "disk_util" : [
    {
      "name" : "md0",
      "read_ios" : 21,
      "write_ios" : 1215154,
      "read_merges" : 0,
      "write_merges" : 0,
      "read_ticks" : 0,
      "write_ticks" : 0,
      "in_queue" : 0,
      "util" : 0.000000,
      "aggr_read_ios" : 16,
      "aggr_write_ios" : 406032,
      "aggr_read_merges" : 0,
      "aggr_write_merge" : 0,
      "aggr_read_ticks" : 29,
      "aggr_write_ticks" : 575046,
      "aggr_in_queue" : 574941,
      "aggr_util" : 73.483097
    },
    {
      "name" : "sdd",
      "read_ios" : 8,
      "write_ios" : 406576,
      "read_merges" : 0,
      "write_merges" : 0,
      "read_ticks" : 24,
      "write_ticks" : 401424,
      "in_queue" : 401324,
      "util" : 46.832350
    },
    {
      "name" : "sdb",
      "read_ios" : 16,
      "write_ios" : 405358,
      "read_merges" : 0,
      "write_merges" : 0,
      "read_ticks" : 36,
      "write_ticks" : 376624,
      "in_queue" : 376520,
      "util" : 45.879399
    },
    {
      "name" : "sdc",
      "read_ios" : 25,