{
  "fio version" : "fio-3.16",
  "timestamp" : 1573927068,
  "timestamp_ms" : 1573927068917,
  "time" : "Sat Nov 16 18:57:48 2019",
  "jobs" : [
    {
      "jobname" : "iotest",
      "groupid" : 0,
      "error" : 0,
      "eta" : 0,
      "elapsed" : 61,
      "job options" : {
        "rw" : "randrw",
        "bs" : "4k",
        "size" : "50000Mi",
        "directory" : "/server/fiotest",
        "ioengine" : "libaio",
        "iodepth" : "64",
        "direct" : "1",
        "invalidate" : "1",
        "refill_buffers" : "1",
        "runtime" : "60",
        "numjobs" : "1",
        "group_reporting" : "1",
        "fsync" : "10000",
        "write_bw_log" : "randrw-iodepth-64-numjobs-1",
        "write_lat_log" : "randrw-iodepth-64-numjobs-1",
        "write_iops_log" : "randrw-iodepth-64-numjobs-1",
        "log_avg_msec" : "250",
        "filename" : "test.bin"
      },
      "read" : {
        "io_bytes" : 77627392,
        "io_kbytes" : 75808,
        "bw_bytes" : 1291164,
        "bw" : 1260,
        "iops" : 315.225708,
        "runtime" : 60122,
        "total_ios" : 18952,
        "short_ios" : 0,
        "drop_ios" : 0,
        "slat_ns" : {
          "min" : 5372,
          "max" : 105632,
          "mean" : 27421.741980,
          "stddev" : 9753.725842
        },
        "clat_ns" : {
          "min" : 181178,
          "max" : 702139521,
          "mean" : 65896570.481005,
          "stddev" : 67575391.975959,
          "percentile" : {
            "1.000000" : 4227072,
            "5.000000" : 6782976,
            "10.000000" : 9240576,
            "20.000000" : 14352384,
            "30.000000" : 21364736,
            "40.000000" : 30277632,
            "50.000000" : 42205184,
            "60.000000" : 57933824,
            "70.000000" : 80216064,
            "80.000000" : 108527616,
            "90.000000" : 154140672,
            "95.000000" : 198180864,
            "99.000000" : 316669952,
            "99.500000" : 358612992,
            "99.900000" : 492830720,
            "99.950000" : 541065216,
            "99.990000" : 700448768
          }
        },
        "lat_ns" : {
          "min" : 202102,
          "max" : 702163348,
          "mean" : 65924819.314267,
          "stddev" : 67573173.483523
        },
        "bw_min" : 800,
        "bw_max" : 1872,
        "bw_agg" : 100.000000,
        "bw_mean" : 1262.129167,
        "bw_dev" : 179.673309,
        "bw_samples" : 240,
        "iops_min" : 200,
        "iops_max" : 468,
        "iops_mean" : 315.520833,
        "iops_stddev" : 44.897554,
        "iops_samples" : 240
      },
      "write" : {
        "io_bytes" : 77635584,
        "io_kbytes" : 75816,
        "bw_bytes" : 1291300,
        "bw" : 1261,
        "iops" : 315.258973,
        "runtime" : 60122,
        "total_ios" : 18954,
        "short_ios" : 0,
        "drop_ios" : 0,
        "slat_ns" : {
          "min" : 5491,
          "max" : 32052154,
          "mean" : 24638.545479,
          "stddev" : 232757.570509
        },
        "clat_ns" : {
          "min" : 5604468,
          "max" : 867642110,
          "mean" : 136936334.592433,
          "stddev" : 104691359.531872,
          "percentile" : {
            "1.000000" : 12517376,
            "5.000000" : 21626880,
            "10.000000" : 30539776,
            "20.000000" : 47972352,
            "30.000000" : 66846720,
            "40.000000" : 86507520,
            "50.000000" : 110624768,
            "60.000000" : 137363456,
            "70.000000" : 170917888,
            "80.000000" : 212860928,
            "90.000000" : 278921216,
            "95.000000" : 341835776,
            "99.000000" : 480247808,
            "99.500000" : 541065216,
            "99.900000" : 683671552,
            "99.950000" : 759169024,
            "99.990000" : 859832320
          }
        },
        "lat_ns" : {
          "min" : 5635118,
          "max" : 867681539,
          "mean" : 136961824.275614,
          "stddev" : 104692329.241791
        },
        "bw_min" : 400,
        "bw_max" : 1696,
        "bw_agg" : 99.926976,
        "bw_mean" : 1260.079167,
        "bw_dev" : 142.661602,
        "bw_samples" : 240,
        "iops_min" : 100,
        "iops_max" : 424,
        "iops_mean" : 314.987500,
        "iops_stddev" : 35.688035,
        "iops_samples" : 240
      },
      "trim" : {
        "io_bytes" : 0,
        "io_kbytes" : 0,
        "bw_bytes" : 0,
        "bw" : 0,
        "iops" : 0.000000,
        "runtime" : 0,
        "total_ios" : 0,
        "short_ios" : 0,
        "drop_ios" : 0,
        "slat_ns" : {
          "min" : 0,
          "max" : 0,
          "mean" : 0.000000,
          "stddev" : 0.000000
        },
        "clat_ns" : {
          "min" : 0,
          "max" : 0,
          "mean" : 0.000000,
          "stddev" : 0.000000,
          "percentile" : {
            "1.000000" : 0,
            "5.000000" : 0,
            "10.000000" : 0,
            "20.000000" : 0,
            "30.000000" : 0,
            "40.000000" : 0,
            "50.000000" : 0,
            "60.000000" : 0,
            "70.000000" : 0,
            "80.000000" : 0,
            "90.000000" : 0,
            "95.000000" : 0,
            "99.000000" : 0,
            "99.500000" : 0,
            "99.900000" : 0,
            "99.950000" : 0,
            "99.990000" : 0
          }
        },
        "lat_ns" : {
          "min" : 0,
          "max" : 0,
          "mean" : 0.000000,
          "stddev" : 0.000000
        },
        "bw_min" : 0,
        "bw_max" : 0,
        "bw_agg" : 0.000000,
        "bw_mean" : 0.000000,
        "bw_dev" : 0.000000,
        "bw_samples" : 0,
        "iops_min" : 0,
        "iops_max" : 0,
        "iops_mean" : 0.000000,
        "iops_stddev" : 0.000000,
        "iops_samples" : 0
      },
      "sync" : {
        "lat_ns" : {
          "min" : 479,
          "max" : 479,
          "mean" : 479.000000,
          "stddev" : 0.000000,
          "percentile" : {
            "1.000000" : 478,
            "5.000000" : 478,
            "10.000000" : 478,
            "20.000000" : 478,
            "30.000000" : 478,
            "40.000000" : 478,
            "50.000000" : 478,
            "60.000000" : 478,
            "70.000000" : 478,
            "80.000000" : 478,
            "90.000000" : 478,
            "95.000000" : 478,
            "99.000000" : 478,
            "99.500000" : 478,
            "99.900000" : 478,
            "99.950000" : 478,
            "99.990000" : 478
          }
        },
        "total_ios" : 1
      },
      "job_runtime" : 60121,
      "usr_cpu" : 1.104439,
      "sys_cpu" : 2.475009,
      "ctx" : 35867,
      "majf" : 0,
      "minf" : 30,
      "iodepth_level" : {
        "1" : 0.100000,
        "2" : 0.100000,
        "4" : 0.100000,
        "8" : 0.100000,
        "16" : 0.100000,
        "32" : 0.100000,
        ">=64" : 99.836438
      },
      "iodepth_submit" : {
        "0" : 0.000000,
        "4" : 100.000000,
        "8" : 0.000000,
        "16" : 0.000000,
        "32" : 0.000000,
        "64" : 0.000000,
        ">=64" : 0.000000
      },
      "iodepth_complete" : {
        "0" : 0.000000,
        "4" : 99.997358,
        "8" : 0.000000,
        "16" : 0.000000,
        "32" : 0.000000,
        "64" : 0.100000,
        ">=64" : 0.000000
      },
      "latency_ns" : {
        "2" : 0.000000,
        "4" : 0.000000,
        "10" : 0.000000,
        "20" : 0.000000,
        "50" : 0.000000,
        "100" : 0.000000,
        "250" : 0.000000,
        "500" : 0.000000,
        "750" : 0.000000,
        "1000" : 0.000000
      },
      "latency_us" : {
        "2" : 0.000000,
        "4" : 0.000000,
        "10" : 0.000000,
        "20" : 0.000000,
        "50" : 0.000000,
        "100" : 0.000000,
        "250" : 0.010552,
        "500" : 0.031657,
        "750" : 0.013191,
        "1000" : 0.015829
      },
      "latency_ms" : {
        "2" : 0.010000,
        "4" : 0.321849,