{
  "fio version" : "fio-3.1",
  "timestamp" : 1580297635,
  "timestamp_ms" : 1580297635699,
  "time" : "Wed Jan 29 12:33:55 2020",
  "jobs" : [
    {
      "jobname" : "iotest",
      "groupid" : 0,
      "error" : 0,
      "eta" : 0,
      "elapsed" : 61,
      "job options" : {
        "rw" : "randread",
        "bs" : "4k",
        "ioengine" : "libaio",
        "iodepth" : "64",
        "direct" : "1",
        "invalidate" : "1",
        "refill_buffers" : "1",
        "runtime" : "60",
        "numjobs" : "64",
        "group_reporting" : "1",
        "write_bw_log" : "/fio/output/randread-iodepth-64-numjobs-64",
        "write_lat_log" : "/fio/output/randread-iodepth-64-numjobs-64",
        "write_iops_log" : "/fio/output/randread-iodepth-64-numjobs-64",
        "log_avg_msec" : "250",
        "filename" : "/dev/sdd"
      },
      "read" : {
        "io_bytes" : 14415687680,
        "io_kbytes" : 14077820,
        "bw" : 234524,
        "iops" : 58631.199294,
        "runtime" : 60027,
        "total_ios" : 3519455,
        "short_ios" : 0,
        "drop_ios" : 0,
        "slat_ns" : {
          "min" : 2590,
          "max" : 95609152,
          "mean" : 1079189.676697,
          "stddev" : 5774614.493037
        },
        "clat_ns" : {
          "min" : 57135,
          "max" : 560872178,
          "mean" : 68676407.725747,
          "stddev" : 16342283.920771,
          "percentile" : {
            "1.000000" : 32112640,
            "5.000000" : 61079552,
            "10.000000" : 62652416,
            "20.000000" : 63176704,
            "30.000000" : 63700992,
            "40.000000" : 64225280,
            "50.000000" : 64749568,
            "60.000000" : 65273856,
            "70.000000" : 65798144,
            "80.000000" : 66846720,
            "90.000000" : 95944704,
            "95.000000" : 98041856,
            "99.000000" : 124256256,
            "99.500000" : 133693440,
            "99.900000" : 235929600,
            "99.950000" : 270532608,
            "99.990000" : 337641472,
            "0.00" : 0,
            "0.00" : 0,
            "0.00" : 0
          }
        },
        "lat_ns" : {
          "min" : 60867,
          "max" : 560878000,
          "mean" : 69755911.646036,
          "stddev" : 17365296.764597
        },
        "bw_min" : 16,
        "bw_max" : 9552,
        "bw_agg" : 1.586916,
        "bw_mean" : 3721.698847,
        "bw_dev" : 439.994931,
        "bw_samples" : 15351,
        "iops_min" : 4,
        "iops_max" : 2388,
        "iops_mean" : 930.131718,
        "iops_stddev" : 109.999365,
        "iops_samples" : 15351
      },
      "write" : {
        "io_bytes" : 0,
        "io_kbytes" : 0,
        "bw" : 0,
        "iops" : 0.000000,
        "runtime" : 0,
        "total_ios" : 0,
        "short_ios" : 0,
        "drop_ios" : 0,
        "slat_ns" : {
          "min" : 0,
          "max" : 0,
          "mean" : 0.000000,
          "stddev" : 0.000000
        },
        "clat_ns" : {
          "min" : 0,
          "max" : 0,
          "mean" : 0.000000,
          "stddev" : 0.000000,
          "percentile" : {
            "1.000000" : 0,
            "5.000000" : 0,
            "10.000000" : 0,
            "20.000000" : 0,
            "30.000000" : 0,
            "40.000000" : 0,
            "50.000000" : 0,
            "60.000000" : 0,
            "70.000000" : 0,
            "80.000000" : 0,
            "90.000000" : 0,
            "95.000000" : 0,
            "99.000000" : 0,
            "99.500000" : 0,
            "99.900000" : 0,
            "99.950000" : 0,
            "99.990000" : 0,
            "0.00" : 0,
            "0.00" : 0,
            "0.00" : 0
          }
        },
        "lat_ns" : {
          "min" : 0,
          "max" : 0,
          "mean" : 0.000000,
          "stddev" : 0.000000
        },
        "bw_min" : 0,
        "bw_max" : 0,
        "bw_agg" : 0.000000,
        "bw_mean" : 0.000000,
        "bw_dev" : 0.000000,
        "bw_samples" : 0,
        "iops_min" : 0,
        "iops_max" : 0,
        "iops_mean" : 0.000000,
        "iops_stddev" : 0.000000,
        "iops_samples" : 0
      },
      "trim" : {
        "io_bytes" : 0,
        "io_kbytes" : 0,
        "bw" : 0,
        "iops" : 0.000000,
        "runtime" : 0,
        "total_ios" : 0,
        "short_ios" : 0,
        "drop_ios" : 0,
        "slat_ns" : {
          "min" : 0,
          "max" : 0,
          "mean" : 0.000000,
          "stddev" : 0.000000
        },
        "clat_ns" : {
          "min" : 0,
          "max" : 0,
          "mean" : 0.000000,
          "stddev" : 0.000000,
          "percentile" : {
            "1.000000" : 0,
            "5.000000" : 0,
            "10.000000" : 0,
            "20.000000" : 0,
            "30.000000" : 0,
            "40.000000" : 0,
            "50.000000" : 0,
            "60.000000" : 0,
            "70.000000" : 0,
            "80.000000" : 0,
            "90.000000" : 0,
            "95.000000" : 0,
            "99.000000" : 0,
            "99.500000" : 0,
            "99.900000" : 0,
            "99.950000" : 0,
            "99.990000" : 0,
            "0.00" : 0,
            "0.00" : 0,
            "0.00" : 0
          }
        },
        "lat_ns" : {
          "min" : 0,
          "max" : 0,
          "mean" : 0.000000,
          "stddev" : 0.000000
        },
        "bw_min" : 0,
        "bw_max" : 0,
        "bw_agg" : 0.000000,
        "bw_mean" : 0.000000,
        "bw_dev" : 0.000000,
        "bw_samples" : 0,
        "iops_min" : 0,
        "iops_max" : 0,
        "iops_mean" : 0.000000,
        "iops_stddev" : 0.000000,
        "iops_samples" : 0
      },
      "usr_cpu" : 0.229209,
      "sys_cpu" : 0.465500,
      "ctx" : 122628,
      "majf" : 0,
      "minf" : 5674,
      "iodepth_level" : {
        "1" : 0.100000,
        "2" : 0.100000,
        "4" : 0.100000,
        "8" : 0.100000,
        "16" : 0.100000,
        "32" : 0.100000,
        ">=64" : 99.885437
      },
      "latency_ns" : {
        "2" : 0.000000,
        "4" : 0.000000,
        "10" : 0.000000,
        "20" : 0.000000,
        "50" : 0.000000,
        "100" : 0.000000,
        "250" : 0.000000,
        "500" : 0.000000,
        "750" : 0.000000,
        "1000" : 0.000000
      },
      "latency_us" : {
        "2" : 0.000000,
        "4" : 0.000000,
        "10" : 0.000000,
        "20" : 0.000000,
        "50" : 0.000000,
        "100" : 0.010000,
        "250" : 0.010000,
        "500" : 0.010000,
        "750" : 0.016139,
        "1000" : 0.019065
      },
      "latency_ms" : {
        "2" : 0.016366,
        "4" : 0.017844,
        "10" : 0.029124,
        "20" : 0.042848,
        "50" : 2.433303,
        "100" : 95.478220,
        "250" : 1.865715,
        "500" : 0.067425,
        "750" : 0.010000,
        "1000" : 0.000000,
        "2000" : 0.000000,
        ">=2000" : 0.000000
      },
      "latency_depth" : 64,
      "latency_target" : 0,
      "latency_percentile" : 100.000000,
      "latency_window" : 0
    }
  ],
  "disk_util" : [
    {
      "name" : "sdd",
      "read_ios" : 3515602,
      "write_ios" : 0,
      "read_merges" : 1,
      "write_merges" : 0,
      "read_ticks" : 9107328,
      "write_ticks" : 0,
      "in_queue" : 9130636,
      "util" : 99.825329
    }
  ]
}
