{
  "fio version" : "fio-3.1",
  "timestamp" : 1580297385,
  "timestamp_ms" : 1580297385367,
  "time" : "Wed Jan 29 12:29:45 2020",
  "jobs" : [
    {
      "jobname" : "iotest",
      "groupid" : 0,
      "error" : 0,
      "eta" : 0,
      "elapsed" : 61,
      "job options" : {
        "rw" : "randread",
        "bs" : "4k",
        "ioengine" : "libaio",
        "iodepth" : "64",
        "direct" : "1",
        "invalidate" : "1",
        "refill_buffers" : "1",
        "runtime" : "60",
        "numjobs" : "4",
        "group_reporting" : "1",
        "write_bw_log" : "/fio/output/randread-iodepth-64-numjobs-4",
        "write_lat_log" : "/fio/output/randread-iodepth-64-numjobs-4",
        "write_iops_log" : "/fio/output/randread-iodepth-64-numjobs-4",
        "log_avg_msec" : "250",
        "filename" : "/dev/sdd"
      },
      "read" : {
        "io_bytes" : 14305124352,
        "io_kbytes" : 13969848,
        "bw" : 232815,
        "iops" : 58203.819745,
        "runtime" : 60004,
        "total_ios" : 3492462,
        "short_ios" : 0,
        "drop_ios" : 0,
        "slat_ns" : {
          "min" : 2454,
          "max" : 6033612,
          "mean" : 51100.567757,
          "stddev" : 242825.088389
        },
        "clat_ns" : {
          "min" : 43584,
          "max" : 15830518,
          "mean" : 4345313.332850,
          "stddev" : 1698203.146683,
          "percentile" : {
            "1.000000" : 888832,
            "5.000000" : 1761280,
            "10.000000" : 2244608,
            "20.000000" : 2834432,
            "30.000000" : 3325952,
            "40.000000" : 3817472,
            "50.000000" : 4227072,
            "60.000000" : 4685824,
            "70.000000" : 5210112,
            "80.000000" : 5799936,
            "90.000000" : 6651904,
            "95.000000" : 7307264,
            "99.000000" : 8585216,
            "99.500000" : 8978432,
            "99.900000" : 9895936,
            "99.950000" : 10289152,
            "99.990000" : 11206656,
            "0.00" : 0,
            "0.00" : 0,
            "0.00" : 0
          }
        },
        "lat_ns" : {
          "min" : 49187,
          "max" : 15833797,
          "mean" : 4396653.682649,
          "stddev" : 1719585.798749
        },
        "bw_min" : 52304,
        "bw_max" : 65536,
        "bw_agg" : 25.069265,
        "bw_mean" : 58365.010417,
        "bw_dev" : 2498.525755,
        "bw_samples" : 960,
        "iops_min" : 13076,
        "iops_max" : 16384,
        "iops_mean" : 14591.068750,
        "iops_stddev" : 624.600595,
        "iops_samples" : 960
      },
      "write" : {
        "io_bytes" : 0,
        "io_kbytes" : 0,
        "bw" : 0,
        "iops" : 0.000000,
        "runtime" : 0,
        "total_ios" : 0,
        "short_ios" : 0,
        "drop_ios" : 0,
        "slat_ns" : {
          "min" : 0,
          "max" : 0,
          "mean" : 0.000000,
          "stddev" : 0.000000
        },
        "clat_ns" : {
          "min" : 0,
          "max" : 0,
          "mean" : 0.000000,
          "stddev" : 0.000000,
          "percentile" : {
            "1.000000" : 0,
            "5.000000" : 0,
            "10.000000" : 0,
            "20.000000" : 0,
            "30.000000" : 0,
            "40.000000" : 0,
            "50.000000" : 0,
            "60.000000" : 0,
            "70.000000" : 0,
            "80.000000" : 0,
            "90.000000" : 0,
            "95.000000" : 0,
            "99.000000" : 0,
            "99.500000" : 0,
            "99.900000" : 0,
            "99.950000" : 0,
            "99.990000" : 0,
            "0.00" : 0,
            "0.00" : 0,
            "0.00" : 0
          }
        },
        "lat_ns" : {
          "min" : 0,
          "max" : 0,
          "mean" : 0.000000,
          "stddev" : 0.000000
        },
        "bw_min" : 0,
        "bw_max" : 0,
        "bw_agg" : 0.000000,
        "bw_mean" : 0.000000,
        "bw_dev" : 0.000000,
        "bw_samples" : 0,
        "iops_min" : 0,
        "iops_max" : 0,
        "iops_mean" : 0.000000,
        "iops_stddev" : 0.000000,
        "iops_samples" : 0
      },
      "trim" : {
        "io_bytes" : 0,
        "io_kbytes" : 0,
        "bw" : 0,
        "iops" : 0.000000,
        "runtime" : 0,
        "total_ios" : 0,
        "short_ios" : 0,
        "drop_ios" : 0,
        "slat_ns" : {
          "min" : 0,
          "max" : 0,
          "mean" : 0.000000,
          "stddev" : 0.000000
        },
        "clat_ns" : {
          "min" : 0,
          "max" : 0,
          "mean" : 0.000000,
          "stddev" : 0.000000,
          "percentile" : {
            "1.000000" : 0,
            "5.000000" : 0,
            "10.000000" : 0,
            "20.000000" : 0,
            "30.000000" : 0,
            "40.000000" : 0,
            "50.000000" : 0,
            "60.000000" : 0,
            "70.000000" : 0,
            "80.000000" : 0,
            "90.000000" : 0,
            "95.000000" : 0,
            "99.000000" : 0,
            "99.500000" : 0,
            "99.900000" : 0,
            "99.950000" : 0,
            "99.990000" : 0,
            "0.00" : 0,
            "0.00" : 0,
            "0.00" : 0
          }
        },
        "lat_ns" : {
          "min" : 0,
          "max" : 0,
          "mean" : 0.000000,
          "stddev" : 0.000000
        },
        "bw_min" : 0,
        "bw_max" : 0,
        "bw_agg" : 0.000000,
        "bw_mean" : 0.000000,
        "bw_dev" : 0.000000,
        "bw_samples" : 0,
        "iops_min" : 0,
        "iops_max" : 0,
        "iops_mean" : 0.000000,
        "iops_stddev" : 0.000000,
        "iops_samples" : 0
      },
      "usr_cpu" : 3.599062,
      "sys_cpu" : 8.485169,
      "ctx" : 239865,
      "majf" : 0,
      "minf" : 338,
      "iodepth_level" : {
        "1" : 0.100000,
        "2" : 0.100000,
        "4" : 0.100000,
        "8" : 0.100000,
        "16" : 0.100000,
        "32" : 0.100000,
        ">=64" : 99.992784
      },
      "latency_ns" : {
        "2" : 0.000000,
        "4" : 0.000000,
        "10" : 0.000000,
        "20" : 0.000000,
        "50" : 0.000000,
        "100" : 0.000000,
        "250" : 0.000000,
        "500" : 0.000000,
        "750" : 0.000000,
        "1000" : 0.000000
      },
      "latency_us" : {
        "2" : 0.000000,
        "4" : 0.000000,
        "10" : 0.000000,
        "20" : 0.000000,
        "50" : 0.010000,
        "100" : 0.015261,
        "250" : 0.164612,
        "500" : 0.201319,
        "750" : 0.255865,
        "1000" : 0.671360
      },
      "latency_ms" : {
        "2" : 5.431927,
        "4" : 38.163536,
        "10" : 55.005810,
        "20" : 0.089822,
        "50" : 0.000000,
        "100" : 0.000000,
        "250" : 0.000000,
        "500" : 0.000000,
        "750" : 0.000000,
        "1000" : 0.000000,
        "2000" : 0.000000,
        ">=2000" : 0.000000
      },
      "latency_depth" : 64,
      "latency_target" : 0,
      "latency_percentile" : 100.000000,
      "latency_window" : 0
    }
  ],
  "disk_util" : [
    {
      "name" : "sdd",
      "read_ios" : 3484850,
      "write_ios" : 0,
      "read_merges" : 4,
      "write_merges" : 0,
      "read_ticks" : 9077576,
      "write_ticks" : 0,
      "in_queue" : 9129240,
      "util" : 99.953308
    }
  ]
}
