{
  "fio version" : "fio-3.1",
  "timestamp" : 1580295197,
  "timestamp_ms" : 1580295197593,
  "time" : "Wed Jan 29 11:53:17 2020",
  "jobs" : [
    {
      "jobname" : "iotest",
      "groupid" : 0,
      "error" : 0,
      "eta" : 0,
      "elapsed" : 61,
      "job options" : {
        "rw" : "randread",
        "bs" : "4k",
        "ioengine" : "libaio",
        "iodepth" : "2",
        "direct" : "1",
        "invalidate" : "1",
        "refill_buffers" : "1",
        "runtime" : "60",
        "numjobs" : "4",
        "group_reporting" : "1",
        "write_bw_log" : "/fio/output/randread-iodepth-2-numjobs-4",
        "write_lat_log" : "/fio/output/randread-iodepth-2-numjobs-4",
        "write_iops_log" : "/fio/output/randread-iodepth-2-numjobs-4",
        "log_avg_msec" : "250",
        "filename" : "/dev/sdd"
      },
      "read" : {
        "io_bytes" : 13449773056,
        "io_kbytes" : 13134544,
        "bw" : 218905,
        "iops" : 54726.354561,
        "runtime" : 60001,
        "total_ios" : 3283636,
        "short_ios" : 0,
        "drop_ios" : 0,
        "slat_ns" : {
          "min" : 2877,
          "max" : 9625955,
          "mean" : 10645.017507,
          "stddev" : 6882.579240
        },
        "clat_ns" : {
          "min" : 1499,
          "max" : 14251759,
          "mean" : 132828.926255,
          "stddev" : 52415.318534,
          "percentile" : {
            "1.000000" : 39680,
            "5.000000" : 47360,
            "10.000000" : 57088,
            "20.000000" : 98816,
            "30.000000" : 115200,
            "40.000000" : 124416,
            "50.000000" : 136192,
            "60.000000" : 148480,
            "70.000000" : 156672,
            "80.000000" : 168960,
            "90.000000" : 187392,
            "95.000000" : 203776,
            "99.000000" : 246784,
            "99.500000" : 264192,
            "99.900000" : 309248,
            "99.950000" : 333824,
            "99.990000" : 448512,
            "0.00" : 0,
            "0.00" : 0,
            "0.00" : 0
          }
        },
        "lat_ns" : {
          "min" : 40533,
          "max" : 14260819,
          "mean" : 143855.742584,
          "stddev" : 52878.939976
        },
        "bw_min" : 51072,
        "bw_max" : 56528,
        "bw_agg" : 25.004935,
        "bw_mean" : 54737.053347,
        "bw_dev" : 755.735151,
        "bw_samples" : 956,
        "iops_min" : 12768,
        "iops_max" : 14132,
        "iops_mean" : 13684.254184,
        "iops_stddev" : 188.917321,
        "iops_samples" : 956
      },
      "write" : {
        "io_bytes" : 0,
        "io_kbytes" : 0,
        "bw" : 0,
        "iops" : 0.000000,
        "runtime" : 0,
        "total_ios" : 0,
        "short_ios" : 0,
        "drop_ios" : 0,
        "slat_ns" : {
          "min" : 0,
          "max" : 0,
          "mean" : 0.000000,
          "stddev" : 0.000000
        },
        "clat_ns" : {
          "min" : 0,
          "max" : 0,
          "mean" : 0.000000,
          "stddev" : 0.000000,
          "percentile" : {
            "1.000000" : 0,
            "5.000000" : 0,
            "10.000000" : 0,
            "20.000000" : 0,
            "30.000000" : 0,
            "40.000000" : 0,
            "50.000000" : 0,
            "60.000000" : 0,
            "70.000000" : 0,
            "80.000000" : 0,
            "90.000000" : 0,
            "95.000000" : 0,
            "99.000000" : 0,
            "99.500000" : 0,
            "99.900000" : 0,
            "99.950000" : 0,
            "99.990000" : 0,
            "0.00" : 0,
            "0.00" : 0,
            "0.00" : 0
          }
        },
        "lat_ns" : {
          "min" : 0,
          "max" : 0,
          "mean" : 0.000000,
          "stddev" : 0.000000
        },
        "bw_min" : 0,
        "bw_max" : 0,
        "bw_agg" : 0.000000,
        "bw_mean" : 0.000000,
        "bw_dev" : 0.000000,
        "bw_samples" : 0,
        "iops_min" : 0,
        "iops_max" : 0,
        "iops_mean" : 0.000000,
        "iops_stddev" : 0.000000,
        "iops_samples" : 0
      },
      "trim" : {
        "io_bytes" : 0,
        "io_kbytes" : 0,
        "bw" : 0,
        "iops" : 0.000000,
        "runtime" : 0,
        "total_ios" : 0,
        "short_ios" : 0,
        "drop_ios" : 0,
        "slat_ns" : {
          "min" : 0,
          "max" : 0,
          "mean" : 0.000000,
          "stddev" : 0.000000
        },
        "clat_ns" : {
          "min" : 0,
          "max" : 0,
          "mean" : 0.000000,
          "stddev" : 0.000000,
          "percentile" : {
            "1.000000" : 0,
            "5.000000" : 0,
            "10.000000" : 0,
            "20.000000" : 0,
            "30.000000" : 0,
            "40.000000" : 0,
            "50.000000" : 0,
            "60.000000" : 0,
            "70.000000" : 0,
            "80.000000" : 0,
            "90.000000" : 0,
            "95.000000" : 0,
            "99.000000" : 0,
            "99.500000" : 0,
            "99.900000" : 0,
            "99.950000" : 0,
            "99.990000" : 0,
            "0.00" : 0,
            "0.00" : 0,
            "0.00" : 0
          }
        },
        "lat_ns" : {
          "min" : 0,
          "max" : 0,
          "mean" : 0.000000,
          "stddev" : 0.000000
        },
        "bw_min" : 0,
        "bw_max" : 0,
        "bw_agg" : 0.000000,
        "bw_mean" : 0.000000,
        "bw_dev" : 0.000000,
        "bw_samples" : 0,
        "iops_min" : 0,
        "iops_max" : 0,
        "iops_mean" : 0.000000,
        "iops_stddev" : 0.000000,
        "iops_samples" : 0
      },
      "usr_cpu" : 6.374583,
      "sys_cpu" : 19.438750,
      "ctx" : 2858589,
      "majf" : 0,
      "minf" : 100,
      "iodepth_level" : {
        "1" : 0.100000,
        "2" : 99.999878,
        "4" : 0.000000,
        "8" : 0.000000,
        "16" : 0.000000,
        "32" : 0.000000,
        ">=64" : 0.000000
      },
      "latency_ns" : {
        "2" : 0.000000,
        "4" : 0.000000,
        "10" : 0.000000,
        "20" : 0.000000,
        "50" : 0.000000,
        "100" : 0.000000,
        "250" : 0.000000,
        "500" : 0.000000,
        "750" : 0.000000,
        "1000" : 0.000000
      },
      "latency_us" : {
        "2" : 0.010000,
        "4" : 0.000000,
        "10" : 0.010000,
        "20" : 0.010000,
        "50" : 6.403755,
        "100" : 14.285871,
        "250" : 78.441886,
        "500" : 0.859779,
        "750" : 0.010000,
        "1000" : 0.010000
      },
      "latency_ms" : {
        "2" : 0.010000,
        "4" : 0.010000,
        "10" : 0.010000,
        "20" : 0.010000,
        "50" : 0.000000,
        "100" : 0.000000,
        "250" : 0.000000,
        "500" : 0.000000,
        "750" : 0.000000,
        "1000" : 0.000000,
        "2000" : 0.000000,
        ">=2000" : 0.000000
      },
      "latency_depth" : 2,
      "latency_target" : 0,
      "latency_percentile" : 100.000000,
      "latency_window" : 0
    }
  ],
  "disk_util" : [
    {
      "name" : "sdd",
      "read_ios" : 3276551,
      "write_ios" : 0,
      "read_merges" : 0,
      "write_merges" : 0,
      "read_ticks" : 438888,
      "write_ticks" : 0,
      "in_queue" : 437908,
      "util" : 99.858260
    }
  ]
}
