{
  "fio version" : "fio-3.1",
  "timestamp" : 1580298761,
  "timestamp_ms" : 1580298761119,
  "time" : "Wed Jan 29 12:52:41 2020",
  "jobs" : [
    {
      "jobname" : "iotest",
      "groupid" : 0,
      "error" : 0,
      "eta" : 0,
      "elapsed" : 61,
      "job options" : {
        "rw" : "randwrite",
        "bs" : "4k",
        "ioengine" : "libaio",
        "iodepth" : "4",
        "direct" : "1",
        "invalidate" : "1",
        "refill_buffers" : "1",
        "runtime" : "60",
        "numjobs" : "8",
        "group_reporting" : "1",
        "write_bw_log" : "/fio/output/randwrite-iodepth-4-numjobs-8",
        "write_lat_log" : "/fio/output/randwrite-iodepth-4-numjobs-8",
        "write_iops_log" : "/fio/output/randwrite-iodepth-4-numjobs-8",
        "log_avg_msec" : "250",
        "filename" : "/dev/sdd"
      },
      "read" : {
        "io_bytes" : 0,
        "io_kbytes" : 0,
        "bw" : 0,
        "iops" : 0.000000,
        "runtime" : 0,
        "total_ios" : 0,
        "short_ios" : 0,
        "drop_ios" : 0,
        "slat_ns" : {
          "min" : 0,
          "max" : 0,
          "mean" : 0.000000,
          "stddev" : 0.000000
        },
        "clat_ns" : {
          "min" : 0,
          "max" : 0,
          "mean" : 0.000000,
          "stddev" : 0.000000,
          "percentile" : {
            "1.000000" : 0,
            "5.000000" : 0,
            "10.000000" : 0,
            "20.000000" : 0,
            "30.000000" : 0,
            "40.000000" : 0,
            "50.000000" : 0,
            "60.000000" : 0,
            "70.000000" : 0,
            "80.000000" : 0,
            "90.000000" : 0,
            "95.000000" : 0,
            "99.000000" : 0,
            "99.500000" : 0,
            "99.900000" : 0,
            "99.950000" : 0,
            "99.990000" : 0,
            "0.00" : 0,
            "0.00" : 0,
            "0.00" : 0
          }
        },
        "lat_ns" : {
          "min" : 0,
          "max" : 0,
          "mean" : 0.000000,
          "stddev" : 0.000000
        },
        "bw_min" : 0,
        "bw_max" : 0,
        "bw_agg" : 0.000000,
        "bw_mean" : 0.000000,
        "bw_dev" : 0.000000,
        "bw_samples" : 0,
        "iops_min" : 0,
        "iops_max" : 0,
        "iops_mean" : 0.000000,
        "iops_stddev" : 0.000000,
        "iops_samples" : 0
      },
      "write" : {
        "io_bytes" : 15714631680,
        "io_kbytes" : 15346320,
        "bw" : 255767,
        "iops" : 63941.934301,
        "runtime" : 60001,
        "total_ios" : 3836580,
        "short_ios" : 0,
        "drop_ios" : 0,
        "slat_ns" : {
          "min" : 3314,
          "max" : 7287331,
          "mean" : 10575.781736,
          "stddev" : 5430.653108
        },
        "clat_ns" : {
          "min" : 35090,
          "max" : 7902222,
          "mean" : 486589.649469,
          "stddev" : 23048.425671,
          "percentile" : {
            "1.000000" : 468992,
            "5.000000" : 477184,
            "10.000000" : 481280,
            "20.000000" : 481280,
            "30.000000" : 485376,
            "40.000000" : 485376,
            "50.000000" : 485376,
            "60.000000" : 485376,
            "70.000000" : 489472,
            "80.000000" : 489472,
            "90.000000" : 493568,
            "95.000000" : 497664,
            "99.000000" : 505856,
            "99.500000" : 509952,
            "99.900000" : 561152,
            "99.950000" : 692224,
            "99.990000" : 1630208,
            "0.00" : 0,
            "0.00" : 0,
            "0.00" : 0
          }
        },
        "lat_ns" : {
          "min" : 42919,
          "max" : 7924187,
          "mean" : 497506.805935,
          "stddev" : 23241.113756
        },
        "bw_min" : 30256,
        "bw_max" : 34251,
        "bw_agg" : 12.641498,
        "bw_mean" : 32332.779228,
        "bw_dev" : 425.015316,
        "bw_samples" : 1916,
        "iops_min" : 7564,
        "iops_max" : 8562,
        "iops_mean" : 8082.989562,
        "iops_stddev" : 106.089173,
        "iops_samples" : 1916
      },
      "trim" : {
        "io_bytes" : 0,
        "io_kbytes" : 0,
        "bw" : 0,
        "iops" : 0.000000,
        "runtime" : 0,
        "total_ios" : 0,
        "short_ios" : 0,
        "drop_ios" : 0,
        "slat_ns" : {
          "min" : 0,
          "max" : 0,
          "mean" : 0.000000,
          "stddev" : 0.000000
        },
        "clat_ns" : {
          "min" : 0,
          "max" : 0,
          "mean" : 0.000000,
          "stddev" : 0.000000,
          "percentile" : {
            "1.000000" : 0,
            "5.000000" : 0,
            "10.000000" : 0,
            "20.000000" : 0,
            "30.000000" : 0,
            "40.000000" : 0,
            "50.000000" : 0,
            "60.000000" : 0,
            "70.000000" : 0,
            "80.000000" : 0,
            "90.000000" : 0,
            "95.000000" : 0,
            "99.000000" : 0,
            "99.500000" : 0,
            "99.900000" : 0,
            "99.950000" : 0,
            "99.990000" : 0,
            "0.00" : 0,
            "0.00" : 0,
            "0.00" : 0
          }
        },
        "lat_ns" : {
          "min" : 0,
          "max" : 0,
          "mean" : 0.000000,
          "stddev" : 0.000000
        },
        "bw_min" : 0,
        "bw_max" : 0,
        "bw_agg" : 0.000000,
        "bw_mean" : 0.000000,
        "bw_dev" : 0.000000,
        "bw_samples" : 0,
        "iops_min" : 0,
        "iops_max" : 0,
        "iops_mean" : 0.000000,
        "iops_stddev" : 0.000000,
        "iops_samples" : 0
      },
      "usr_cpu" : 4.301042,
      "sys_cpu" : 10.759375,
      "ctx" : 3299775,
      "majf" : 0,
      "minf" : 172,
      "iodepth_level" : {
        "1" : 0.100000,
        "2" : 0.100000,
        "4" : 99.999374,
        "8" : 0.000000,
        "16" : 0.000000,
        "32" : 0.000000,
        ">=64" : 0.000000
      },
      "latency_ns" : {
        "2" : 0.000000,
        "4" : 0.000000,
        "10" : 0.000000,
        "20" : 0.000000,
        "50" : 0.000000,
        "100" : 0.000000,
        "250" : 0.000000,
        "500" : 0.000000,
        "750" : 0.000000,
        "1000" : 0.000000
      },
      "latency_us" : {
        "2" : 0.000000,
        "4" : 0.000000,
        "10" : 0.000000,
        "20" : 0.000000,
        "50" : 0.010000,
        "100" : 0.010000,
        "250" : 0.024970,
        "500" : 96.087166,
        "750" : 3.847932,
        "1000" : 0.016343
      },
      "latency_ms" : {
        "2" : 0.013606,
        "4" : 0.010000,
        "10" : 0.010000,
        "20" : 0.000000,
        "50" : 0.000000,
        "100" : 0.000000,
        "250" : 0.000000,
        "500" : 0.000000,
        "750" : 0.000000,
        "1000" : 0.000000,
        "2000" : 0.000000,
        ">=2000" : 0.000000
      },
      "latency_depth" : 4,
      "latency_target" : 0,
      "latency_percentile" : 100.000000,
      "latency_window" : 0
    }
  ],
  "disk_util" : [
    {
      "name" : "sdd",
      "read_ios" : 33,
      "write_ios" : 3836580,
      "read_merges" : 0,
      "write_merges" : 0,
      "read_ticks" : 20,
      "write_ticks" : 1875728,
      "in_queue" : 1875440,
      "util" : 99.740795
    }
  ]
}
