{
  "fio version" : "fio-3.1",
  "timestamp" : 1580296696,
  "timestamp_ms" : 1580296696358,
  "time" : "Wed Jan 29 12:18:16 2020",
  "jobs" : [
    {
      "jobname" : "iotest",
      "groupid" : 0,
      "error" : 0,
      "eta" : 0,
      "elapsed" : 61,
      "job options" : {
        "rw" : "randread",
        "bs" : "4k",
        "ioengine" : "libaio",
        "iodepth" : "16",
        "direct" : "1",
        "invalidate" : "1",
        "refill_buffers" : "1",
        "runtime" : "60",
        "numjobs" : "32",
        "group_reporting" : "1",
        "write_bw_log" : "/fio/output/randread-iodepth-16-numjobs-32",
        "write_lat_log" : "/fio/output/randread-iodepth-16-numjobs-32",
        "write_iops_log" : "/fio/output/randread-iodepth-16-numjobs-32",
        "log_avg_msec" : "250",
        "filename" : "/dev/sdd"
      },
      "read" : {
        "io_bytes" : 14383390720,
        "io_kbytes" : 14046280,
        "bw" : 233964,
        "iops" : 58491.072023,
        "runtime" : 60036,
        "total_ios" : 3511570,
        "short_ios" : 0,
        "drop_ios" : 0,
        "slat_ns" : {
          "min" : 2457,
          "max" : 25090500,
          "mean" : 404735.056461,
          "stddev" : 2185107.220449
        },
        "clat_ns" : {
          "min" : 28847,
          "max" : 239865486,
          "mean" : 8341756.468787,
          "stddev" : 11049959.059967,
          "percentile" : {
            "1.000000" : 107008,
            "5.000000" : 207872,
            "10.000000" : 342016,
            "20.000000" : 493568,
            "30.000000" : 577536,
            "40.000000" : 675840,
            "50.000000" : 11468800,
            "60.000000" : 12124160,
            "70.000000" : 12517376,
            "80.000000" : 12910592,
            "90.000000" : 13303808,
            "95.000000" : 22151168,
            "99.000000" : 45350912,
            "99.500000" : 57409536,
            "99.900000" : 116916224,
            "99.950000" : 123207680,
            "99.990000" : 147849216,
            "0.00" : 0,
            "0.00" : 0,
            "0.00" : 0
          }
        },
        "lat_ns" : {
          "min" : 43468,
          "max" : 251214535,
          "mean" : 8746717.724494,
          "stddev" : 11190695.334559
        },
        "bw_min" : 1040,
        "bw_max" : 12858,
        "bw_agg" : 3.180058,
        "bw_mean" : 7440.190929,
        "bw_dev" : 1691.809968,
        "bw_samples" : 7673,
        "iops_min" : 260,
        "iops_max" : 3214,
        "iops_mean" : 1859.747426,
        "iops_stddev" : 422.947151,
        "iops_samples" : 7673
      },
      "write" : {
        "io_bytes" : 0,
        "io_kbytes" : 0,
        "bw" : 0,
        "iops" : 0.000000,
        "runtime" : 0,
        "total_ios" : 0,
        "short_ios" : 0,
        "drop_ios" : 0,
        "slat_ns" : {
          "min" : 0,
          "max" : 0,
          "mean" : 0.000000,
          "stddev" : 0.000000
        },
        "clat_ns" : {
          "min" : 0,
          "max" : 0,
          "mean" : 0.000000,
          "stddev" : 0.000000,
          "percentile" : {
            "1.000000" : 0,
            "5.000000" : 0,
            "10.000000" : 0,
            "20.000000" : 0,
            "30.000000" : 0,
            "40.000000" : 0,
            "50.000000" : 0,
            "60.000000" : 0,
            "70.000000" : 0,
            "80.000000" : 0,
            "90.000000" : 0,
            "95.000000" : 0,
            "99.000000" : 0,
            "99.500000" : 0,
            "99.900000" : 0,
            "99.950000" : 0,
            "99.990000" : 0,
            "0.00" : 0,
            "0.00" : 0,
            "0.00" : 0
          }
        },
        "lat_ns" : {
          "min" : 0,
          "max" : 0,
          "mean" : 0.000000,
          "stddev" : 0.000000
        },
        "bw_min" : 0,
        "bw_max" : 0,
        "bw_agg" : 0.000000,
        "bw_mean" : 0.000000,
        "bw_dev" : 0.000000,
        "bw_samples" : 0,
        "iops_min" : 0,
        "iops_max" : 0,
        "iops_mean" : 0.000000,
        "iops_stddev" : 0.000000,
        "iops_samples" : 0
      },
      "trim" : {
        "io_bytes" : 0,
        "io_kbytes" : 0,
        "bw" : 0,
        "iops" : 0.000000,
        "runtime" : 0,
        "total_ios" : 0,
        "short_ios" : 0,
        "drop_ios" : 0,
        "slat_ns" : {
          "min" : 0,
          "max" : 0,
          "mean" : 0.000000,
          "stddev" : 0.000000
        },
        "clat_ns" : {
          "min" : 0,
          "max" : 0,
          "mean" : 0.000000,
          "stddev" : 0.000000,
          "percentile" : {
            "1.000000" : 0,
            "5.000000" : 0,
            "10.000000" : 0,
            "20.000000" : 0,
            "30.000000" : 0,
            "40.000000" : 0,
            "50.000000" : 0,
            "60.000000" : 0,
            "70.000000" : 0,
            "80.000000" : 0,
            "90.000000" : 0,
            "95.000000" : 0,
            "99.000000" : 0,
            "99.500000" : 0,
            "99.900000" : 0,
            "99.950000" : 0,
            "99.990000" : 0,
            "0.00" : 0,
            "0.00" : 0,
            "0.00" : 0
          }
        },
        "lat_ns" : {
          "min" : 0,
          "max" : 0,
          "mean" : 0.000000,
          "stddev" : 0.000000
        },
        "bw_min" : 0,
        "bw_max" : 0,
        "bw_agg" : 0.000000,
        "bw_mean" : 0.000000,
        "bw_dev" : 0.000000,
        "bw_samples" : 0,
        "iops_min" : 0,
        "iops_max" : 0,
        "iops_mean" : 0.000000,
        "iops_stddev" : 0.000000,
        "iops_samples" : 0
      },
      "usr_cpu" : 0.471312,
      "sys_cpu" : 0.994703,
      "ctx" : 1557243,
      "majf" : 0,
      "minf" : 1297,
      "iodepth_level" : {
        "1" : 0.100000,
        "2" : 0.100000,
        "4" : 0.100000,
        "8" : 0.100000,
        "16" : 99.986331,
        "32" : 0.000000,
        ">=64" : 0.000000
      },
      "latency_ns" : {
        "2" : 0.000000,
        "4" : 0.000000,
        "10" : 0.000000,
        "20" : 0.000000,
        "50" : 0.000000,
        "100" : 0.000000,
        "250" : 0.000000,
        "500" : 0.000000,
        "750" : 0.000000,
        "1000" : 0.000000
      },
      "latency_us" : {
        "2" : 0.000000,
        "4" : 0.000000,
        "10" : 0.000000,
        "20" : 0.000000,
        "50" : 0.029901,
        "100" : 0.792181,
        "250" : 5.946229,
        "500" : 14.018544,
        "750" : 24.444052,
        "1000" : 2.407812
      },
      "latency_ms" : {
        "2" : 0.206888,
        "4" : 0.053281,
        "10" : 0.369578,
        "20" : 46.634155,
        "50" : 4.351017,
        "100" : 0.429523,
        "250" : 0.316838,
        "500" : 0.000000,
        "750" : 0.000000,
        "1000" : 0.000000,
        "2000" : 0.000000,
        ">=2000" : 0.000000
      },
      "latency_depth" : 16,
      "latency_target" : 0,
      "latency_percentile" : 100.000000,
      "latency_window" : 0
    }
  ],
  "disk_util" : [
    {
      "name" : "sdd",
      "read_ios" : 3511570,
      "write_ios" : 0,
      "read_merges" : 0,
      "write_merges" : 0,
      "read_ticks" : 8339188,
      "write_ticks" : 0,
      "in_queue" : 8346668,
      "util" : 99.865334
    }
  ]
}
