{
  "fio version" : "fio-3.1",
  "timestamp" : 1580297198,
  "timestamp_ms" : 1580297198276,
  "time" : "Wed Jan 29 12:26:38 2020",
  "jobs" : [
    {
      "jobname" : "iotest",
      "groupid" : 0,
      "error" : 0,
      "eta" : 0,
      "elapsed" : 61,
      "job options" : {
        "rw" : "randread",
        "bs" : "4k",
        "ioengine" : "libaio",
        "iodepth" : "32",
        "direct" : "1",
        "invalidate" : "1",
        "refill_buffers" : "1",
        "runtime" : "60",
        "numjobs" : "64",
        "group_reporting" : "1",
        "write_bw_log" : "/fio/output/randread-iodepth-32-numjobs-64",
        "write_lat_log" : "/fio/output/randread-iodepth-32-numjobs-64",
        "write_iops_log" : "/fio/output/randread-iodepth-32-numjobs-64",
        "log_avg_msec" : "250",
        "filename" : "/dev/sdd"
      },
      "read" : {
        "io_bytes" : 14424227840,
        "io_kbytes" : 14086160,
        "bw" : 234581,
        "iops" : 58645.417000,
        "runtime" : 60048,
        "total_ios" : 3521540,
        "short_ios" : 0,
        "drop_ios" : 0,
        "slat_ns" : {
          "min" : 2420,
          "max" : 93037862,
          "mean" : 1042318.778219,
          "stddev" : 5610874.609275
        },
        "clat_ns" : {
          "min" : 38719,
          "max" : 353281405,
          "mean" : 33835543.583756,
          "stddev" : 15067073.411787,
          "percentile" : {
            "1.000000" : 321536,
            "5.000000" : 28442624,
            "10.000000" : 30015488,
            "20.000000" : 30801920,
            "30.000000" : 31326208,
            "40.000000" : 31588352,
            "50.000000" : 32112640,
            "60.000000" : 32374784,
            "70.000000" : 32899072,
            "80.000000" : 33423360,
            "90.000000" : 34865152,
            "95.000000" : 62652416,
            "99.000000" : 88604672,
            "99.500000" : 125304832,
            "99.900000" : 193986560,
            "99.950000" : 206569472,
            "99.990000" : 252706816,
            "0.00" : 0,
            "0.00" : 0,
            "0.00" : 0
          }
        },
        "lat_ns" : {
          "min" : 47908,
          "max" : 379115514,
          "mean" : 34878108.305436,
          "stddev" : 16138007.133240
        },
        "bw_min" : 16,
        "bw_max" : 25036,
        "bw_agg" : 1.584926,
        "bw_mean" : 3717.935299,
        "bw_dev" : 604.380761,
        "bw_samples" : 15332,
        "iops_min" : 4,
        "iops_max" : 6259,
        "iops_mean" : 929.208975,
        "iops_stddev" : 151.096379,
        "iops_samples" : 15332
      },
      "write" : {
        "io_bytes" : 0,
        "io_kbytes" : 0,
        "bw" : 0,
        "iops" : 0.000000,
        "runtime" : 0,
        "total_ios" : 0,
        "short_ios" : 0,
        "drop_ios" : 0,
        "slat_ns" : {
          "min" : 0,
          "max" : 0,
          "mean" : 0.000000,
          "stddev" : 0.000000
        },
        "clat_ns" : {
          "min" : 0,
          "max" : 0,
          "mean" : 0.000000,
          "stddev" : 0.000000,
          "percentile" : {
            "1.000000" : 0,
            "5.000000" : 0,
            "10.000000" : 0,
            "20.000000" : 0,
            "30.000000" : 0,
            "40.000000" : 0,
            "50.000000" : 0,
            "60.000000" : 0,
            "70.000000" : 0,
            "80.000000" : 0,
            "90.000000" : 0,
            "95.000000" : 0,
            "99.000000" : 0,
            "99.500000" : 0,
            "99.900000" : 0,
            "99.950000" : 0,
            "99.990000" : 0,
            "0.00" : 0,
            "0.00" : 0,
            "0.00" : 0
          }
        },
        "lat_ns" : {
          "min" : 0,
          "max" : 0,
          "mean" : 0.000000,
          "stddev" : 0.000000
        },
        "bw_min" : 0,
        "bw_max" : 0,
        "bw_agg" : 0.000000,
        "bw_mean" : 0.000000,
        "bw_dev" : 0.000000,
        "bw_samples" : 0,
        "iops_min" : 0,
        "iops_max" : 0,
        "iops_mean" : 0.000000,
        "iops_stddev" : 0.000000,
        "iops_samples" : 0
      },
      "trim" : {
        "io_bytes" : 0,
        "io_kbytes" : 0,
        "bw" : 0,
        "iops" : 0.000000,
        "runtime" : 0,
        "total_ios" : 0,
        "short_ios" : 0,
        "drop_ios" : 0,
        "slat_ns" : {
          "min" : 0,
          "max" : 0,
          "mean" : 0.000000,
          "stddev" : 0.000000
        },
        "clat_ns" : {
          "min" : 0,
          "max" : 0,
          "mean" : 0.000000,
          "stddev" : 0.000000,
          "percentile" : {
            "1.000000" : 0,
            "5.000000" : 0,
            "10.000000" : 0,
            "20.000000" : 0,
            "30.000000" : 0,
            "40.000000" : 0,
            "50.000000" : 0,
            "60.000000" : 0,
            "70.000000" : 0,
            "80.000000" : 0,
            "90.000000" : 0,
            "95.000000" : 0,
            "99.000000" : 0,
            "99.500000" : 0,
            "99.900000" : 0,
            "99.950000" : 0,
            "99.990000" : 0,
            "0.00" : 0,
            "0.00" : 0,
            "0.00" : 0
          }
        },
        "lat_ns" : {
          "min" : 0,
          "max" : 0,
          "mean" : 0.000000,
          "stddev" : 0.000000
        },
        "bw_min" : 0,
        "bw_max" : 0,
        "bw_agg" : 0.000000,
        "bw_mean" : 0.000000,
        "bw_dev" : 0.000000,
        "bw_samples" : 0,
        "iops_min" : 0,
        "iops_max" : 0,
        "iops_mean" : 0.000000,
        "iops_stddev" : 0.000000,
        "iops_samples" : 0
      },
      "usr_cpu" : 0.221620,
      "sys_cpu" : 0.454565,
      "ctx" : 241261,
      "majf" : 0,
      "minf" : 3555,
      "iodepth_level" : {
        "1" : 0.100000,
        "2" : 0.100000,
        "4" : 0.100000,
        "8" : 0.100000,
        "16" : 0.100000,
        "32" : 99.943661,
        ">=64" : 0.000000
      },
      "latency_ns" : {
        "2" : 0.000000,
        "4" : 0.000000,
        "10" : 0.000000,
        "20" : 0.000000,
        "50" : 0.000000,
        "100" : 0.000000,
        "250" : 0.000000,
        "500" : 0.000000,
        "750" : 0.000000,
        "1000" : 0.000000
      },
      "latency_us" : {
        "2" : 0.000000,
        "4" : 0.000000,
        "10" : 0.000000,
        "20" : 0.000000,
        "50" : 0.010000,
        "100" : 0.046599,
        "250" : 0.678311,
        "500" : 0.930672,
        "750" : 0.521391,
        "1000" : 0.670332
      },
      "latency_ms" : {
        "2" : 0.835174,
        "4" : 0.080334,
        "10" : 0.114013,
        "20" : 0.204541,
        "50" : 88.470953,
        "100" : 6.638488,
        "250" : 0.797350,
        "500" : 0.011075,
        "750" : 0.000000,
        "1000" : 0.000000,
        "2000" : 0.000000,
        ">=2000" : 0.000000
      },
      "latency_depth" : 32,
      "latency_target" : 0,
      "latency_percentile" : 100.000000,
      "latency_window" : 0
    }
  ],
  "disk_util" : [
    {
      "name" : "sdd",
      "read_ios" : 3517092,
      "write_ios" : 0,
      "read_merges" : 1,
      "write_merges" : 0,
      "read_ticks" : 9124628,
      "write_ticks" : 0,
      "in_queue" : 9140904,
      "util" : 100.000000
    }
  ]
}
