{
  "fio version" : "fio-3.1",
  "timestamp" : 1580300264,
  "timestamp_ms" : 1580300264603,
  "time" : "Wed Jan 29 13:17:44 2020",
  "jobs" : [
    {
      "jobname" : "iotest",
      "groupid" : 0,
      "error" : 0,
      "eta" : 0,
      "elapsed" : 61,
      "job options" : {
        "rw" : "randwrite",
        "bs" : "4k",
        "ioengine" : "libaio",
        "iodepth" : "32",
        "direct" : "1",
        "invalidate" : "1",
        "refill_buffers" : "1",
        "runtime" : "60",
        "numjobs" : "64",
        "group_reporting" : "1",
        "write_bw_log" : "/fio/output/randwrite-iodepth-32-numjobs-64",
        "write_lat_log" : "/fio/output/randwrite-iodepth-32-numjobs-64",
        "write_iops_log" : "/fio/output/randwrite-iodepth-32-numjobs-64",
        "log_avg_msec" : "250",
        "filename" : "/dev/sdd"
      },
      "read" : {
        "io_bytes" : 0,
        "io_kbytes" : 0,
        "bw" : 0,
        "iops" : 0.000000,
        "runtime" : 0,
        "total_ios" : 0,
        "short_ios" : 0,
        "drop_ios" : 0,
        "slat_ns" : {
          "min" : 0,
          "max" : 0,
          "mean" : 0.000000,
          "stddev" : 0.000000
        },
        "clat_ns" : {
          "min" : 0,
          "max" : 0,
          "mean" : 0.000000,
          "stddev" : 0.000000,
          "percentile" : {
            "1.000000" : 0,
            "5.000000" : 0,
            "10.000000" : 0,
            "20.000000" : 0,
            "30.000000" : 0,
            "40.000000" : 0,
            "50.000000" : 0,
            "60.000000" : 0,
            "70.000000" : 0,
            "80.000000" : 0,
            "90.000000" : 0,
            "95.000000" : 0,
            "99.000000" : 0,
            "99.500000" : 0,
            "99.900000" : 0,
            "99.950000" : 0,
            "99.990000" : 0,
            "0.00" : 0,
            "0.00" : 0,
            "0.00" : 0
          }
        },
        "lat_ns" : {
          "min" : 0,
          "max" : 0,
          "mean" : 0.000000,
          "stddev" : 0.000000
        },
        "bw_min" : 0,
        "bw_max" : 0,
        "bw_agg" : 0.000000,
        "bw_mean" : 0.000000,
        "bw_dev" : 0.000000,
        "bw_samples" : 0,
        "iops_min" : 0,
        "iops_max" : 0,
        "iops_mean" : 0.000000,
        "iops_stddev" : 0.000000,
        "iops_samples" : 0
      },
      "write" : {
        "io_bytes" : 15713165312,
        "io_kbytes" : 15344888,
        "bw" : 255501,
        "iops" : 63875.287222,
        "runtime" : 60058,
        "total_ios" : 3836222,
        "short_ios" : 0,
        "drop_ios" : 0,
        "slat_ns" : {
          "min" : 2498,
          "max" : 83690230,
          "mean" : 943876.114470,
          "stddev" : 5370116.798018
        },
        "clat_ns" : {
          "min" : 57739,
          "max" : 351449954,
          "mean" : 31075887.281140,
          "stddev" : 14319665.994400,
          "percentile" : {
            "1.000000" : 240640,
            "5.000000" : 905216,
            "10.000000" : 29229056,
            "20.000000" : 30539776,
            "30.000000" : 30801920,
            "40.000000" : 31326208,
            "50.000000" : 31850496,
            "60.000000" : 32636928,
            "70.000000" : 33423360,
            "80.000000" : 34340864,
            "90.000000" : 35389440,
            "95.000000" : 36438016,
            "99.000000" : 93847552,
            "99.500000" : 113770496,
            "99.900000" : 183500800,
            "99.950000" : 191889408,
            "99.990000" : 240123904,
            "0.00" : 0,
            "0.00" : 0,
            "0.00" : 0
          }
        },
        "lat_ns" : {
          "min" : 76908,
          "max" : 351457556,
          "mean" : 32020036.491663,
          "stddev" : 15390823.151442
        },
        "bw_min" : 528,
        "bw_max" : 9232,
        "bw_agg" : 1.587853,
        "bw_mean" : 4056.979680,
        "bw_dev" : 674.363141,
        "bw_samples" : 15305,
        "iops_min" : 132,
        "iops_max" : 2308,
        "iops_mean" : 1013.983665,
        "iops_stddev" : 168.583123,
        "iops_samples" : 15305
      },
      "trim" : {
        "io_bytes" : 0,
        "io_kbytes" : 0,
        "bw" : 0,
        "iops" : 0.000000,
        "runtime" : 0,
        "total_ios" : 0,
        "short_ios" : 0,
        "drop_ios" : 0,
        "slat_ns" : {
          "min" : 0,
          "max" : 0,
          "mean" : 0.000000,
          "stddev" : 0.000000
        },
        "clat_ns" : {
          "min" : 0,
          "max" : 0,
          "mean" : 0.000000,
          "stddev" : 0.000000,
          "percentile" : {
            "1.000000" : 0,
            "5.000000" : 0,
            "10.000000" : 0,
            "20.000000" : 0,
            "30.000000" : 0,
            "40.000000" : 0,
            "50.000000" : 0,
            "60.000000" : 0,
            "70.000000" : 0,
            "80.000000" : 0,
            "90.000000" : 0,
            "95.000000" : 0,
            "99.000000" : 0,
            "99.500000" : 0,
            "99.900000" : 0,
            "99.950000" : 0,
            "99.990000" : 0,
            "0.00" : 0,
            "0.00" : 0,
            "0.00" : 0
          }
        },
        "lat_ns" : {
          "min" : 0,
          "max" : 0,
          "mean" : 0.000000,
          "stddev" : 0.000000
        },
        "bw_min" : 0,
        "bw_max" : 0,
        "bw_agg" : 0.000000,
        "bw_mean" : 0.000000,
        "bw_dev" : 0.000000,
        "bw_samples" : 0,
        "iops_min" : 0,
        "iops_max" : 0,
        "iops_mean" : 0.000000,
        "iops_stddev" : 0.000000,
        "iops_samples" : 0
      },
      "usr_cpu" : 0.333133,
      "sys_cpu" : 0.647909,
      "ctx" : 440729,
      "majf" : 0,
      "minf" : 1591,
      "iodepth_level" : {
        "1" : 0.100000,
        "2" : 0.100000,
        "4" : 0.100000,
        "8" : 0.100000,
        "16" : 0.100000,
        "32" : 99.948282,
        ">=64" : 0.000000
      },
      "latency_ns" : {
        "2" : 0.000000,
        "4" : 0.000000,
        "10" : 0.000000,
        "20" : 0.000000,
        "50" : 0.000000,
        "100" : 0.000000,
        "250" : 0.000000,
        "500" : 0.000000,
        "750" : 0.000000,
        "1000" : 0.000000
      },
      "latency_us" : {
        "2" : 0.000000,
        "4" : 0.000000,
        "10" : 0.000000,
        "20" : 0.000000,
        "50" : 0.000000,
        "100" : 0.010000,
        "250" : 1.115290,
        "500" : 1.683036,
        "750" : 1.063234,
        "1000" : 1.762281
      },
      "latency_ms" : {
        "2" : 2.293324,
        "4" : 0.750452,
        "10" : 0.229001,
        "20" : 0.103331,
        "50" : 88.832633,
        "100" : 1.278941,
        "250" : 0.881570,
        "500" : 0.010000,
        "750" : 0.000000,
        "1000" : 0.000000,
        "2000" : 0.000000,
        ">=2000" : 0.000000
      },
      "latency_depth" : 32,
      "latency_target" : 0,
      "latency_percentile" : 100.000000,
      "latency_window" : 0
    }
  ],
  "disk_util" : [
    {
      "name" : "sdd",
      "read_ios" : 30,
      "write_ios" : 3829228,
      "read_merges" : 0,
      "write_merges" : 1,
      "read_ticks" : 296,
      "write_ticks" : 9010324,
      "in_queue" : 9017840,
      "util" : 99.950032
    }
  ]
}
