{
  "fio version" : "fio-3.1",
  "timestamp" : 1565258182,
  "timestamp_ms" : 1565258182022,
  "time" : "Thu Aug  8 11:56:22 2019",
  "jobs" : [
    {
      "jobname" : "random-read",
      "groupid" : 0,
      "error" : 0,
      "eta" : 0,
      "elapsed" : 62,
      "job options" : {
        "rw" : "randread",
        "bs" : "4k",
        "ioengine" : "libaio",
        "iodepth" : "4",
        "direct" : "1",
        "invalidate" : "1",
        "refill_buffers" : "1",
        "runtime" : "60",
        "numjobs" : "64",
        "group_reporting" : "1",
        "write_bw_log" : "random-read-depth-4",
        "write_lat_log" : "random-read-depth-4",
        "write_iops_log" : "random-read-depth-4",
        "log_avg_msec" : "500",
        "filename" : "/dev/sde"
      },
      "read" : {
        "io_bytes" : 28479488,
        "io_kbytes" : 27812,
        "bw" : 451,
        "iops" : 112.996278,
        "runtime" : 61533,
        "total_ios" : 6953,
        "short_ios" : 0,
        "drop_ios" : 0,
        "slat_ns" : {
          "min" : 3660,
          "max" : 1507081811,
          "mean" : 315590735.753200,
          "stddev" : 558258599.999576
        },
        "clat_ns" : {
          "min" : 15683858,
          "max" : 3709968110,
          "mean" : 1918462800.262189,
          "stddev" : 618167925.873352,
          "percentile" : {
            "1.000000" : 734003200,
            "5.000000" : 834666496,
            "10.000000" : 935329792,
            "20.000000" : 1098907648,
            "30.000000" : 1635778560,
            "40.000000" : 2088763392,
            "50.000000" : 2197815296,
            "60.000000" : 2264924160,
            "70.000000" : 2332033024,
            "80.000000" : 2399141888,
            "90.000000" : 2499805184,
            "95.000000" : 2600468480,
            "99.000000" : 2701131776,
            "99.500000" : 2936012800,
            "99.900000" : 3472883712,
            "99.950000" : 3607101440,
            "99.990000" : 3707764736,
            "0.00" : 0,
            "0.00" : 0,
            "0.00" : 0
          }
        },
        "lat_ns" : {
          "min" : 15782948,
          "max" : 4953331528,
          "mean" : 2234054902.307349,
          "stddev" : 818979082.372537
        },
        "bw_min" : 6,
        "bw_max" : 32,
        "bw_agg" : 3.532615,
        "bw_mean" : 15.932093,
        "bw_dev" : 7.936666,
        "bw_samples" : 3387,
        "iops_min" : 1,
        "iops_max" : 8,
        "iops_mean" : 3.981104,
        "iops_stddev" : 1.986724,
        "iops_samples" : 3387
      },
      "write" : {
        "io_bytes" : 0,
        "io_kbytes" : 0,
        "bw" : 0,
        "iops" : 0.000000,
        "runtime" : 0,
        "total_ios" : 0,
        "short_ios" : 0,
        "drop_ios" : 0,
        "slat_ns" : {
          "min" : 0,
          "max" : 0,
          "mean" : 0.000000,
          "stddev" : 0.000000
        },
        "clat_ns" : {
          "min" : 0,
          "max" : 0,
          "mean" : 0.000000,
          "stddev" : 0.000000,
          "percentile" : {
            "1.000000" : 0,
            "5.000000" : 0,
            "10.000000" : 0,
            "20.000000" : 0,
            "30.000000" : 0,
            "40.000000" : 0,
            "50.000000" : 0,
            "60.000000" : 0,
            "70.000000" : 0,
            "80.000000" : 0,
            "90.000000" : 0,
            "95.000000" : 0,
            "99.000000" : 0,
            "99.500000" : 0,
            "99.900000" : 0,
            "99.950000" : 0,
            "99.990000" : 0,
            "0.00" : 0,
            "0.00" : 0,
            "0.00" : 0
          }
        },
        "lat_ns" : {
          "min" : 0,
          "max" : 0,
          "mean" : 0.000000,
          "stddev" : 0.000000
        },
        "bw_min" : 0,
        "bw_max" : 0,
        "bw_agg" : 0.000000,
        "bw_mean" : 0.000000,
        "bw_dev" : 0.000000,
        "bw_samples" : 0,
        "iops_min" : 0,
        "iops_max" : 0,
        "iops_mean" : 0.000000,
        "iops_stddev" : 0.000000,
        "iops_samples" : 0
      },
      "trim" : {
        "io_bytes" : 0,
        "io_kbytes" : 0,
        "bw" : 0,
        "iops" : 0.000000,
        "runtime" : 0,
        "total_ios" : 0,
        "short_ios" : 0,
        "drop_ios" : 0,
        "slat_ns" : {
          "min" : 0,
          "max" : 0,
          "mean" : 0.000000,
          "stddev" : 0.000000
        },
        "clat_ns" : {
          "min" : 0,
          "max" : 0,
          "mean" : 0.000000,
          "stddev" : 0.000000,
          "percentile" : {
            "1.000000" : 0,
            "5.000000" : 0,
            "10.000000" : 0,
            "20.000000" : 0,
            "30.000000" : 0,
            "40.000000" : 0,
            "50.000000" : 0,
            "60.000000" : 0,
            "70.000000" : 0,
            "80.000000" : 0,
            "90.000000" : 0,
            "95.000000" : 0,
            "99.000000" : 0,
            "99.500000" : 0,
            "99.900000" : 0,
            "99.950000" : 0,
            "99.990000" : 0,
            "0.00" : 0,
            "0.00" : 0,
            "0.00" : 0
          }
        },
        "lat_ns" : {
          "min" : 0,
          "max" : 0,
          "mean" : 0.000000,
          "stddev" : 0.000000
        },
        "bw_min" : 0,
        "bw_max" : 0,
        "bw_agg" : 0.000000,
        "bw_mean" : 0.000000,
        "bw_dev" : 0.000000,
        "bw_samples" : 0,
        "iops_min" : 0,
        "iops_max" : 0,
        "iops_mean" : 0.000000,
        "iops_stddev" : 0.000000,
        "iops_samples" : 0
      },
      "usr_cpu" : 0.005320,
      "sys_cpu" : 0.004016,
      "ctx" : 3753,
      "majf" : 0,
      "minf" : 1603,
      "iodepth_level" : {
        "1" : 0.920466,
        "2" : 1.840932,
        "4" : 97.238602,
        "8" : 0.000000,
        "16" : 0.000000,
        "32" : 0.000000,
        ">=64" : 0.000000
      },
      "latency_ns" : {
        "2" : 0.000000,
        "4" : 0.000000,
        "10" : 0.000000,
        "20" : 0.000000,
        "50" : 0.000000,
        "100" : 0.000000,
        "250" : 0.000000,
        "500" : 0.000000,
        "750" : 0.000000,
        "1000" : 0.000000
      },
      "latency_us" : {
        "2" : 0.000000,
        "4" : 0.000000,
        "10" : 0.000000,
        "20" : 0.000000,
        "50" : 0.000000,
        "100" : 0.000000,
        "250" : 0.000000,
        "500" : 0.000000,
        "750" : 0.000000,
        "1000" : 0.000000
      },
      "latency_ms" : {
        "2" : 0.000000,
        "4" : 0.000000,
        "10" : 0.000000,
        "20" : 0.014382,
        "50" : 0.043147,
        "100" : 0.028765,
        "250" : 0.158205,
        "500" : 0.071911,
        "750" : 1.150582,
        "1000" : 12.642025,
        "2000" : 20.494750,
        ">=2000" : 65.396232
      },
      "latency_depth" : 4,
      "latency_target" : 0,
      "latency_percentile" : 100.000000,
      "latency_window" : 0
    }
  ],
  "disk_util" : [
    {
      "name" : "sde",
      "read_ios" : 6931,
      "write_ios" : 0,
      "read_merges" : 0,
      "write_merges" : 0,
      "read_ticks" : 7865232,
      "write_ticks" : 0,
      "in_queue" : 7891896,
      "util" : 99.827491
    }
  ]
}
