{
  "fio version" : "fio-3.1",
  "timestamp" : 1565361444,
  "timestamp_ms" : 1565361444788,
  "time" : "Fri Aug  9 16:37:24 2019",
  "jobs" : [
    {
      "jobname" : "random-read",
      "groupid" : 0,
      "error" : 0,
      "eta" : 0,
      "elapsed" : 61,
      "job options" : {
        "rw" : "randread",
        "bs" : "4k",
        "ioengine" : "libaio",
        "iodepth" : "64",
        "direct" : "1",
        "invalidate" : "1",
        "refill_buffers" : "1",
        "runtime" : "60",
        "numjobs" : "16",
        "group_reporting" : "1",
        "write_bw_log" : "random-read-depth-64",
        "write_lat_log" : "random-read-depth-64",
        "write_iops_log" : "random-read-depth-64",
        "log_avg_msec" : "500",
        "filename" : "/dev/sdg"
      },
      "read" : {
        "io_bytes" : 17095786496,
        "io_kbytes" : 16695104,
        "bw" : 278233,
        "iops" : 69558.296114,
        "runtime" : 60004,
        "total_ios" : 4173776,
        "short_ios" : 0,
        "drop_ios" : 0,
        "slat_ns" : {
          "min" : 2272,
          "max" : 6359544,
          "mean" : 227424.667357,
          "stddev" : 784911.080066
        },
        "clat_ns" : {
          "min" : 1785183,
          "max" : 34786708,
          "mean" : 14489971.501328,
          "stddev" : 2800173.721817,
          "percentile" : {
            "1.000000" : 8224768,
            "5.000000" : 9764864,
            "10.000000" : 10944512,
            "20.000000" : 12124160,
            "30.000000" : 13041664,
            "40.000000" : 13828096,
            "50.000000" : 14483456,
            "60.000000" : 15269888,
            "70.000000" : 16056320,
            "80.000000" : 16908288,
            "90.000000" : 17956864,
            "95.000000" : 19005440,
            "99.000000" : 20840448,
            "99.500000" : 21626880,
            "99.900000" : 23461888,
            "99.950000" : 24510464,
            "99.990000" : 27394048,
            "0.00" : 0,
            "0.00" : 0,
            "0.00" : 0
          }
        },
        "lat_ns" : {
          "min" : 2498137,
          "max" : 34791970,
          "mean" : 14717624.418842,
          "stddev" : 2789789.458446
        },
        "bw_min" : 13386,
        "bw_max" : 21333,
        "bw_agg" : 6.256505,
        "bw_mean" : 17407.662500,
        "bw_dev" : 680.598795,
        "bw_samples" : 1920,
        "iops_min" : 3346,
        "iops_max" : 5333,
        "iops_mean" : 4351.671354,
        "iops_stddev" : 170.126516,
        "iops_samples" : 1920
      },
      "write" : {
        "io_bytes" : 0,
        "io_kbytes" : 0,
        "bw" : 0,
        "iops" : 0.000000,
        "runtime" : 0,
        "total_ios" : 0,
        "short_ios" : 0,
        "drop_ios" : 0,
        "slat_ns" : {
          "min" : 0,
          "max" : 0,
          "mean" : 0.000000,
          "stddev" : 0.000000
        },
        "clat_ns" : {
          "min" : 0,
          "max" : 0,
          "mean" : 0.000000,
          "stddev" : 0.000000,
          "percentile" : {
            "1.000000" : 0,
            "5.000000" : 0,
            "10.000000" : 0,
            "20.000000" : 0,
            "30.000000" : 0,
            "40.000000" : 0,
            "50.000000" : 0,
            "60.000000" : 0,
            "70.000000" : 0,
            "80.000000" : 0,
            "90.000000" : 0,
            "95.000000" : 0,
            "99.000000" : 0,
            "99.500000" : 0,
            "99.900000" : 0,
            "99.950000" : 0,
            "99.990000" : 0,
            "0.00" : 0,
            "0.00" : 0,
            "0.00" : 0
          }
        },
        "lat_ns" : {
          "min" : 0,
          "max" : 0,
          "mean" : 0.000000,
          "stddev" : 0.000000
        },
        "bw_min" : 0,
        "bw_max" : 0,
        "bw_agg" : 0.000000,
        "bw_mean" : 0.000000,
        "bw_dev" : 0.000000,
        "bw_samples" : 0,
        "iops_min" : 0,
        "iops_max" : 0,
        "iops_mean" : 0.000000,
        "iops_stddev" : 0.000000,
        "iops_samples" : 0
      },
      "trim" : {
        "io_bytes" : 0,
        "io_kbytes" : 0,
        "bw" : 0,
        "iops" : 0.000000,
        "runtime" : 0,
        "total_ios" : 0,
        "short_ios" : 0,
        "drop_ios" : 0,
        "slat_ns" : {
          "min" : 0,
          "max" : 0,
          "mean" : 0.000000,
          "stddev" : 0.000000
        },
        "clat_ns" : {
          "min" : 0,
          "max" : 0,
          "mean" : 0.000000,
          "stddev" : 0.000000,
          "percentile" : {
            "1.000000" : 0,
            "5.000000" : 0,
            "10.000000" : 0,
            "20.000000" : 0,
            "30.000000" : 0,
            "40.000000" : 0,
            "50.000000" : 0,
            "60.000000" : 0,
            "70.000000" : 0,
            "80.000000" : 0,
            "90.000000" : 0,
            "95.000000" : 0,
            "99.000000" : 0,
            "99.500000" : 0,
            "99.900000" : 0,
            "99.950000" : 0,
            "99.990000" : 0,
            "0.00" : 0,
            "0.00" : 0,
            "0.00" : 0
          }
        },
        "lat_ns" : {
          "min" : 0,
          "max" : 0,
          "mean" : 0.000000,
          "stddev" : 0.000000
        },
        "bw_min" : 0,
        "bw_max" : 0,
        "bw_agg" : 0.000000,
        "bw_mean" : 0.000000,
        "bw_dev" : 0.000000,
        "bw_samples" : 0,
        "iops_min" : 0,
        "iops_max" : 0,
        "iops_mean" : 0.000000,
        "iops_stddev" : 0.000000,
        "iops_samples" : 0
      },
      "usr_cpu" : 1.154122,
      "sys_cpu" : 2.715729,
      "ctx" : 324455,
      "majf" : 0,
      "minf" : 31186,
      "iodepth_level" : {
        "1" : 0.100000,
        "2" : 0.100000,
        "4" : 0.100000,
        "8" : 0.100000,
        "16" : 0.100000,
        "32" : 0.100000,
        ">=64" : 99.975849
      },
      "latency_ns" : {
        "2" : 0.000000,
        "4" : 0.000000,
        "10" : 0.000000,
        "20" : 0.000000,
        "50" : 0.000000,
        "100" : 0.000000,
        "250" : 0.000000,
        "500" : 0.000000,
        "750" : 0.000000,
        "1000" : 0.000000
      },
      "latency_us" : {
        "2" : 0.000000,
        "4" : 0.000000,
        "10" : 0.000000,
        "20" : 0.000000,
        "50" : 0.000000,
        "100" : 0.000000,
        "250" : 0.000000,
        "500" : 0.000000,
        "750" : 0.000000,
        "1000" : 0.000000
      },
      "latency_ms" : {
        "2" : 0.010000,
        "4" : 0.010000,
        "10" : 6.006863,
        "20" : 91.765442,
        "50" : 2.221106,
        "100" : 0.000000,
        "250" : 0.000000,
        "500" : 0.000000,
        "750" : 0.000000,
        "1000" : 0.000000,
        "2000" : 0.000000,
        ">=2000" : 0.000000
      },
      "latency_depth" : 64,
      "latency_target" : 0,
      "latency_percentile" : 100.000000,
      "latency_window" : 0
    }
  ],
  "disk_util" : [
    {
      "name" : "sdg",
      "read_ios" : 4163389,
      "write_ios" : 0,
      "read_merges" : 7,
      "write_merges" : 0,
      "read_ticks" : 9384716,
      "write_ticks" : 0,
      "in_queue" : 9400620,
      "util" : 99.926579
    }
  ]
}
