{
  "fio version" : "fio-3.1",
  "timestamp" : 1565363753,
  "timestamp_ms" : 1565363753486,
  "time" : "Fri Aug  9 17:15:53 2019",
  "jobs" : [
    {
      "jobname" : "random-read",
      "groupid" : 0,
      "error" : 0,
      "eta" : 0,
      "elapsed" : 61,
      "job options" : {
        "rw" : "randwrite",
        "bs" : "4k",
        "ioengine" : "libaio",
        "iodepth" : "32",
        "direct" : "1",
        "invalidate" : "1",
        "refill_buffers" : "1",
        "runtime" : "60",
        "numjobs" : "1",
        "group_reporting" : "1",
        "write_bw_log" : "random-read-depth-32",
        "write_lat_log" : "random-read-depth-32",
        "write_iops_log" : "random-read-depth-32",
        "log_avg_msec" : "500",
        "filename" : "/dev/sdg"
      },
      "read" : {
        "io_bytes" : 0,
        "io_kbytes" : 0,
        "bw" : 0,
        "iops" : 0.000000,
        "runtime" : 0,
        "total_ios" : 0,
        "short_ios" : 0,
        "drop_ios" : 0,
        "slat_ns" : {
          "min" : 0,
          "max" : 0,
          "mean" : 0.000000,
          "stddev" : 0.000000
        },
        "clat_ns" : {
          "min" : 0,
          "max" : 0,
          "mean" : 0.000000,
          "stddev" : 0.000000,
          "percentile" : {
            "1.000000" : 0,
            "5.000000" : 0,
            "10.000000" : 0,
            "20.000000" : 0,
            "30.000000" : 0,
            "40.000000" : 0,
            "50.000000" : 0,
            "60.000000" : 0,
            "70.000000" : 0,
            "80.000000" : 0,
            "90.000000" : 0,
            "95.000000" : 0,
            "99.000000" : 0,
            "99.500000" : 0,
            "99.900000" : 0,
            "99.950000" : 0,
            "99.990000" : 0,
            "0.00" : 0,
            "0.00" : 0,
            "0.00" : 0
          }
        },
        "lat_ns" : {
          "min" : 0,
          "max" : 0,
          "mean" : 0.000000,
          "stddev" : 0.000000
        },
        "bw_min" : 0,
        "bw_max" : 0,
        "bw_agg" : 0.000000,
        "bw_mean" : 0.000000,
        "bw_dev" : 0.000000,
        "bw_samples" : 0,
        "iops_min" : 0,
        "iops_max" : 0,
        "iops_mean" : 0.000000,
        "iops_stddev" : 0.000000,
        "iops_samples" : 0
      },
      "write" : {
        "io_bytes" : 11813117952,
        "io_kbytes" : 11536248,
        "bw" : 192267,
        "iops" : 48066.898885,
        "runtime" : 60001,
        "total_ios" : 2884062,
        "short_ios" : 0,
        "drop_ios" : 0,
        "slat_ns" : {
          "min" : 2663,
          "max" : 485894,
          "mean" : 3686.270602,
          "stddev" : 2699.299948
        },
        "clat_ns" : {
          "min" : 210826,
          "max" : 1752916,
          "mean" : 659603.466808,
          "stddev" : 49450.683038,
          "percentile" : {
            "1.000000" : 569344,
            "5.000000" : 585728,
            "10.000000" : 593920,
            "20.000000" : 618496,
            "30.000000" : 643072,
            "40.000000" : 659456,
            "50.000000" : 667648,
            "60.000000" : 667648,
            "70.000000" : 675840,
            "80.000000" : 684032,
            "90.000000" : 700416,
            "95.000000" : 724992,
            "99.000000" : 774144,
            "99.500000" : 905216,
            "99.900000" : 1073152,
            "99.950000" : 1105920,
            "99.990000" : 1171456,
            "0.00" : 0,
            "0.00" : 0,
            "0.00" : 0
          }
        },
        "lat_ns" : {
          "min" : 217976,
          "max" : 1756524,
          "mean" : 663507.359255,
          "stddev" : 49193.889310
        },
        "bw_min" : 191440,
        "bw_max" : 193024,
        "bw_agg" : 100.000000,
        "bw_mean" : 192271.666667,
        "bw_dev" : 304.456792,
        "bw_samples" : 120,
        "iops_min" : 47860,
        "iops_max" : 48258,
        "iops_mean" : 48067.950000,
        "iops_stddev" : 76.118202,
        "iops_samples" : 120
      },
      "trim" : {
        "io_bytes" : 0,
        "io_kbytes" : 0,
        "bw" : 0,
        "iops" : 0.000000,
        "runtime" : 0,
        "total_ios" : 0,
        "short_ios" : 0,
        "drop_ios" : 0,
        "slat_ns" : {
          "min" : 0,
          "max" : 0,
          "mean" : 0.000000,
          "stddev" : 0.000000
        },
        "clat_ns" : {
          "min" : 0,
          "max" : 0,
          "mean" : 0.000000,
          "stddev" : 0.000000,
          "percentile" : {
            "1.000000" : 0,
            "5.000000" : 0,
            "10.000000" : 0,
            "20.000000" : 0,
            "30.000000" : 0,
            "40.000000" : 0,
            "50.000000" : 0,
            "60.000000" : 0,
            "70.000000" : 0,
            "80.000000" : 0,
            "90.000000" : 0,
            "95.000000" : 0,
            "99.000000" : 0,
            "99.500000" : 0,
            "99.900000" : 0,
            "99.950000" : 0,
            "99.990000" : 0,
            "0.00" : 0,
            "0.00" : 0,
            "0.00" : 0
          }
        },
        "lat_ns" : {
          "min" : 0,
          "max" : 0,
          "mean" : 0.000000,
          "stddev" : 0.000000
        },
        "bw_min" : 0,
        "bw_max" : 0,
        "bw_agg" : 0.000000,
        "bw_mean" : 0.000000,
        "bw_dev" : 0.000000,
        "bw_samples" : 0,
        "iops_min" : 0,
        "iops_max" : 0,
        "iops_mean" : 0.000000,
        "iops_stddev" : 0.000000,
        "iops_samples" : 0
      },
      "usr_cpu" : 24.085000,
      "sys_cpu" : 24.991667,
      "ctx" : 513498,
      "majf" : 0,
      "minf" : 33,
      "iodepth_level" : {
        "1" : 0.100000,
        "2" : 0.100000,
        "4" : 0.100000,
        "8" : 0.100000,
        "16" : 0.100000,
        "32" : 99.998925,
        ">=64" : 0.000000
      },
      "latency_ns" : {
        "2" : 0.000000,
        "4" : 0.000000,
        "10" : 0.000000,
        "20" : 0.000000,
        "50" : 0.000000,
        "100" : 0.000000,
        "250" : 0.000000,
        "500" : 0.000000,
        "750" : 0.000000,
        "1000" : 0.000000
      },
      "latency_us" : {
        "2" : 0.000000,
        "4" : 0.000000,
        "10" : 0.000000,
        "20" : 0.000000,
        "50" : 0.000000,
        "100" : 0.000000,
        "250" : 0.010000,
        "500" : 0.091017,
        "750" : 97.335876,
        "1000" : 2.311358
      },
      "latency_ms" : {
        "2" : 0.261471,
        "4" : 0.000000,
        "10" : 0.000000,
        "20" : 0.000000,
        "50" : 0.000000,
        "100" : 0.000000,
        "250" : 0.000000,
        "500" : 0.000000,
        "750" : 0.000000,
        "1000" : 0.000000,
        "2000" : 0.000000,
        ">=2000" : 0.000000
      },
      "latency_depth" : 32,
      "latency_target" : 0,
      "latency_percentile" : 100.000000,
      "latency_window" : 0
    }
  ],
  "disk_util" : [
    {
      "name" : "sdg",
      "read_ios" : 147,
      "write_ios" : 2877407,
      "read_merges" : 0,
      "write_merges" : 1,
      "read_ticks" : 108,
      "write_ticks" : 1785456,
      "in_queue" : 1785168,
      "util" : 99.864921
    }
  ]
}
